#
# A fatal error has been detected by the Java Runtime Environment:
#
#  SIGSEGV (0xb) at pc=0x00007f4e7eec77aa, pid=1774369, tid=1774501
#
# JRE version: OpenJDK Runtime Environment Temurin-21.0.12.1+1 (21.0.12.1+1) (build 21.0.12.1+1-LTS)
# Java VM: OpenJDK 64-Bit Server VM Temurin-21.0.12.1+1 (21.0.12.1+1-LTS, mixed mode, tiered, compressed oops, compressed class ptrs, g1 gc, linux-amd64)
# Problematic frame:
# C  [libjfxwebkit.so+0x22c77aa]
#
# Core dump will be written. Default location: Determined by the following: "/usr/lib/systemd/systemd-coredump %P %u %g %s %t %c %h %d %F %I" (alternatively, falling back to /home/delta/.zcode/workspace/default/bitchord-bin/core.1774369)
#
# If you would like to submit a bug report, please visit:
#   https://github.com/adoptium/adoptium-support/issues
# The crash happened outside the Java Virtual Machine in native code.
# See problematic frame for where to report the bug.
#

---------------  S U M M A R Y ------------

Command Line: -Dsun.java2d.uiScale=1.25 -Djpackage.app-version=1.8.30 -Dcompose.application.resources.dir=/opt/bitchord/lib/app/resources -Dcompose.application.configure.swing.globals=true -Xmx512m -XX:+UseG1GC -XX:G1PeriodicGCInterval=20000 -XX:G1PeriodicGCSystemLoadThreshold=0 -Dbitchord.version=1.8 -Dbitchord.lastfm.key=9a1c3564e066ab8c4179eef3b0b15b74 -Dbitchord.lastfm.secret=39798af0226a82bf85e9937d8831f3af -Dskiko.library.path=/opt/bitchord/lib/app -Djpackage.app-path=/opt/bitchord/bin/BitChord com.music.bitchord.desktop.MainKt

Host: 11th Gen Intel(R) Core(TM) i5-1135G7 @ 2.40GHz, 8 cores, 15G, CachyOS
Time: Fri Oct  9 14:08:45 2026 CEST elapsed time: 5.237658 seconds (0d 0h 0m 5s)

---------------  T H R E A D  ---------------

Current thread (0x00007f4ee2c4eef0):  JavaThread "JavaFX Application Thread" daemon [_thread_in_native, id=1774501, stack(0x00007f4e900fc000,0x00007f4e901fc000) (1024K)]

Stack: [0x00007f4e900fc000,0x00007f4e901fc000],  sp=0x00007f4e901f8660,  free space=1009k
Native frames: (J=compiled Java code, j=interpreted, Vv=VM code, C=native code)
C  [libjfxwebkit.so+0x22c77aa]
C  [libjfxwebkit.so+0x2211a9e]
C  [libjfxwebkit.so+0x7dc5c1]
C  [libjfxwebkit.so+0x276a0ca]
C  [libjfxwebkit.so+0x276a8ff]
C  [libjfxwebkit.so+0x276b14e]
C  [libjfxwebkit.so+0x276b425]
C  [libjfxwebkit.so+0x276d48f]
C  [libjfxwebkit.so+0x278cc3d]
C  [libjfxwebkit.so+0x191668a]
C  [libjfxwebkit.so+0x1916d7a]
C  [libjfxwebkit.so+0x191dee0]
C  [libjfxwebkit.so+0x1cbef1d]
C  [libjfxwebkit.so+0x1cd84cb]
C  [libjfxwebkit.so+0x1e69ca2]
C  [libjfxwebkit.so+0x1e839fe]
C  [libjfxwebkit.so+0x1e83ec7]
C  [libjfxwebkit.so+0x1e875f3]
C  [libjfxwebkit.so+0x1ea173d]
C  [libjfxwebkit.so+0x2004c2d]
C  [libjfxwebkit.so+0x7f5167]  Java_com_sun_webkit_WebPage_twkInit+0x247
j  com.sun.webkit.WebPage.twkInit(JZF)V+0
j  com.sun.webkit.WebPage.<init>(Lcom/sun/webkit/WebPageClient;Lcom/sun/webkit/UIClient;Lcom/sun/webkit/PolicyClient;Lcom/sun/webkit/InspectorClient;Lcom/sun/webkit/ThemeClient;Z)V+204
j  javafx.scene.web.WebEngine.<init>(Ljava/lang/String;Z)V+270
j  javafx.scene.web.WebEngine.<init>()V+3
j  com.music.bitchord.desktop.DesktopPoTokenWebView.loadHtmlAndObtainBotguard()V+19
j  com.music.bitchord.desktop.DesktopPoTokenWebView.access$loadHtmlAndObtainBotguard(Lcom/music/bitchord/desktop/DesktopPoTokenWebView;)V+1
j  com.music.bitchord.desktop.DesktopPoTokenWebView$Companion$getNewPoTokenGenerator$2$1.invokeSuspend(Ljava/lang/Object;)Ljava/lang/Object;+120
J 3710 c1 kotlin.coroutines.jvm.internal.BaseContinuationImpl.resumeWith(Ljava/lang/Object;)V (124 bytes) @ 0x00007f4ecbfde50c [0x00007f4ecbfde120+0x00000000000003ec]
J 6348 c1 kotlinx.coroutines.DispatchedTask.run()V (400 bytes) @ 0x00007f4ecc46ca24 [0x00007f4ecc46b500+0x0000000000001524]
j  com.music.bitchord.desktop.DesktopPoTokenWebView$JavaFx.dispatch$lambda$0(Ljava/lang/Runnable;)Lkotlin/Unit;+1
j  com.music.bitchord.desktop.DesktopPoTokenWebView$JavaFx$$Lambda+0x0000000100803d78.invoke()Ljava/lang/Object;+4
j  com.music.bitchord.desktop.DesktopPoTokenWebView$Companion.runOnFx$lambda$0(Lkotlin/jvm/functions/Function0;)V+1
j  com.music.bitchord.desktop.DesktopPoTokenWebView$Companion$$Lambda+0x0000000100803fa0.run()V+4
j  com.sun.javafx.application.PlatformImpl.lambda$runLater$10(Ljava/lang/Runnable;)Ljava/lang/Void;+1
j  com.sun.javafx.application.PlatformImpl$$Lambda+0x00000001008046b0.run()Ljava/lang/Object;+4
J 4760 c1 java.security.AccessController.doPrivileged(Ljava/security/PrivilegedAction;Ljava/security/AccessControlContext;)Ljava/lang/Object; java.base@21.0.12.1 (17 bytes) @ 0x00007f4ecc1042e4 [0x00007f4ecc104100+0x00000000000001e4]
j  com.sun.javafx.application.PlatformImpl.lambda$runLater$11(Ljava/lang/Runnable;Ljava/security/AccessControlContext;)V+7
j  com.sun.javafx.application.PlatformImpl$$Lambda+0x0000000100801648.run()V+8
j  com.sun.glass.ui.InvokeLaterDispatcher$Future.run()V+4
v  ~StubRoutines::call_stub 0x00007f4ed2f37cc6
V  [libjvm.so+0x91cbd5]  JavaCalls::call_helper(JavaValue*, methodHandle const&, JavaCallArguments*, JavaThread*)+0x2e5
V  [libjvm.so+0x9c1cd2]  jni_invoke_nonstatic(JNIEnv_*, JavaValue*, _jobject*, JNICallType, _jmethodID*, JNI_ArgumentPusher*, JavaThread*) [clone .constprop.1]+0x1e2
V  [libjvm.so+0x9c56ce]  jni_CallVoidMethodV+0xee
C  [libglassgtk3.so+0x17421]  JNIEnv_::CallVoidMethod(_jobject*, _jmethodID*, ...)+0x81
C  [libglassgtk3.so+0x1747c]
Java frames: (J=compiled Java code, j=interpreted, Vv=VM code)
j  com.sun.webkit.WebPage.twkInit(JZF)V+0
j  com.sun.webkit.WebPage.<init>(Lcom/sun/webkit/WebPageClient;Lcom/sun/webkit/UIClient;Lcom/sun/webkit/PolicyClient;Lcom/sun/webkit/InspectorClient;Lcom/sun/webkit/ThemeClient;Z)V+204
j  javafx.scene.web.WebEngine.<init>(Ljava/lang/String;Z)V+270
j  javafx.scene.web.WebEngine.<init>()V+3
j  com.music.bitchord.desktop.DesktopPoTokenWebView.loadHtmlAndObtainBotguard()V+19
j  com.music.bitchord.desktop.DesktopPoTokenWebView.access$loadHtmlAndObtainBotguard(Lcom/music/bitchord/desktop/DesktopPoTokenWebView;)V+1
j  com.music.bitchord.desktop.DesktopPoTokenWebView$Companion$getNewPoTokenGenerator$2$1.invokeSuspend(Ljava/lang/Object;)Ljava/lang/Object;+120
J 3710 c1 kotlin.coroutines.jvm.internal.BaseContinuationImpl.resumeWith(Ljava/lang/Object;)V (124 bytes) @ 0x00007f4ecbfde50c [0x00007f4ecbfde120+0x00000000000003ec]
J 6348 c1 kotlinx.coroutines.DispatchedTask.run()V (400 bytes) @ 0x00007f4ecc46ca24 [0x00007f4ecc46b500+0x0000000000001524]
j  com.music.bitchord.desktop.DesktopPoTokenWebView$JavaFx.dispatch$lambda$0(Ljava/lang/Runnable;)Lkotlin/Unit;+1
j  com.music.bitchord.desktop.DesktopPoTokenWebView$JavaFx$$Lambda+0x0000000100803d78.invoke()Ljava/lang/Object;+4
j  com.music.bitchord.desktop.DesktopPoTokenWebView$Companion.runOnFx$lambda$0(Lkotlin/jvm/functions/Function0;)V+1
j  com.music.bitchord.desktop.DesktopPoTokenWebView$Companion$$Lambda+0x0000000100803fa0.run()V+4
j  com.sun.javafx.application.PlatformImpl.lambda$runLater$10(Ljava/lang/Runnable;)Ljava/lang/Void;+1
j  com.sun.javafx.application.PlatformImpl$$Lambda+0x00000001008046b0.run()Ljava/lang/Object;+4
J 4760 c1 java.security.AccessController.doPrivileged(Ljava/security/PrivilegedAction;Ljava/security/AccessControlContext;)Ljava/lang/Object; java.base@21.0.12.1 (17 bytes) @ 0x00007f4ecc1042e4 [0x00007f4ecc104100+0x00000000000001e4]
j  com.sun.javafx.application.PlatformImpl.lambda$runLater$11(Ljava/lang/Runnable;Ljava/security/AccessControlContext;)V+7
j  com.sun.javafx.application.PlatformImpl$$Lambda+0x0000000100801648.run()V+8
j  com.sun.glass.ui.InvokeLaterDispatcher$Future.run()V+4
v  ~StubRoutines::call_stub 0x00007f4ed2f37cc6
j  com.sun.glass.ui.gtk.GtkApplication._runLoop(Ljava/lang/Runnable;Z)V+0
j  com.sun.glass.ui.gtk.GtkApplication.lambda$runLoop$10(Ljava/lang/Runnable;Z)V+7
j  com.sun.glass.ui.gtk.GtkApplication$$Lambda+0x00000001007eea30.run()V+12
j  java.lang.Thread.runWith(Ljava/lang/Object;Ljava/lang/Runnable;)V+5 java.base@21.0.12.1
j  java.lang.Thread.run()V+19 java.base@21.0.12.1
v  ~StubRoutines::call_stub 0x00007f4ed2f37cc6

siginfo: si_signo: 11 (SIGSEGV), si_code: 1 (SEGV_MAPERR), si_addr: 0x0000000000000000

Registers:
RAX=0x0000000000000000, RBX=0x000055b1e1155ac0, RCX=0x0000000000000000, RDX=0x000055b1e0f2bb60
RSP=0x00007f4e901f8660, RBP=0x00007f4e901f86d0, RSI=0x00007f4e8115c12e, RDI=0x00007f4e901f8530
R8 =0x000055b1e0f2bb74, R9 =0x0000000000000005, R10=0x000055b1e0f00658, R11=0x00000000f2b58c40
R12=0x00007f4e901f86f0, R13=0x00007f4e83dfdaa8, R14=0x000055b1e10f0df8, R15=0x000055b1e1183e18
RIP=0x00007f4e7eec77aa, EFLAGS=0x0000000000010206, CSGSFS=0x002b000000000033, ERR=0x0000000000000006
  TRAPNO=0x000000000000000e

XMM[0]=0x0000000000000000 0x0000000000000000
XMM[1]=0x0000000000000000 0x0000000000000075
XMM[2]=0x0000000000000000 0x000000000000006a
XMM[3]=0x0000000000000000 0x000000000000002e
XMM[4]=0x0000000000000000 0x0000000000000072
XMM[5]=0x0000000000000000 0x0000000000000061
XMM[6]=0x0000000000000000 0x0000000000000064
XMM[7]=0x0000000000000000 0x0000000000000072
XMM[8]=0x0000000000000000 0x0000000000000065
XMM[9]=0x0000000000000000 0x0000000000000054
XMM[10]=0x0000000000000000 0x0000000000000068
XMM[11]=0x0000000000000000 0x000000000000006e
XMM[12]=0x0000000000000000 0x0000000000000067
XMM[13]=0x0000000000000000 0x000000000000006c
XMM[14]=0x0000000000000000 0x0000000000000061
XMM[15]=0x0000000000000000 0x0000000000000061
  MXCSR=0x00001fa2


Register to memory mapping:

RAX=0x0 is null
RBX=0x000055b1e1155ac0 points into unknown readable memory: 0x00007f4e00000000 | 00 00 00 00 4e 7f 00 00
RCX=0x0 is null
RDX=0x000055b1e0f2bb60 points into unknown readable memory: 0x0000000500000004 | 04 00 00 00 05 00 00 00
RSP=0x00007f4e901f8660 is pointing into the stack for thread: 0x00007f4ee2c4eef0
RBP=0x00007f4e901f86d0 is pointing into the stack for thread: 0x00007f4ee2c4eef0
RSI=0x00007f4e8115c12e: <offset 0x000000000455c12e> in /home/delta/.openjfx/cache/21.0.10+2/amd64/libjfxwebkit.so at 0x00007f4e7cc00000
RDI=0x00007f4e901f8530 is pointing into the stack for thread: 0x00007f4ee2c4eef0
R8 =0x000055b1e0f2bb74 points into unknown readable memory: 73 65 72 69
R9 =0x0000000000000005 is an unknown value
R10=0x000055b1e0f00658 points into unknown readable memory: 0x4180000000000000 | 00 00 00 00 00 00 80 41
R11=0x00000000f2b58c40 is an oop: java.lang.Thread 
{0x00000000f2b58c40} - klass: 'java/lang/Thread'
 - ---- fields (total size 15 words):
 - 'threadLocalRandomProbe' 'I' @12  0 (0x00000000)
 - private volatile 'eetop' 'J' @16  139976788733680 (0x00007f4ee2c4eef0)
 - private final 'tid' 'J' @24  88 (0x0000000000000058)
 - 'threadLocalRandomSeed' 'J' @32  0 (0x0000000000000000)
 - injected 'jvmti_thread_state' 'J' @40  0 (0x0000000000000000)
 - 'threadLocalRandomSecondarySeed' 'I' @48  0 (0x00000000)
 - injected 'jvmti_VTMS_transition_disable_count' 'I' @52  0 (0x00000000)
 - injected 'jfr_epoch' 'S' @56  0 (0x0000)
 - volatile 'interrupted' 'Z' @58  false (0x00)
 - injected 'jvmti_is_in_VTMS_transition' 'Z' @59  false (0x00)
 - private volatile 'name' 'Ljava/lang/String;' @60  "JavaFX Application Thread"{0x00000000f2a8de00} (0xf2a8de00)
 - private volatile 'contextClassLoader' 'Ljava/lang/ClassLoader;' @64  a 'jdk/internal/loader/ClassLoaders$AppClassLoader'{0x00000000e085b370} (0xe085b370)
 - private 'inheritedAccessControlContext' 'Ljava/security/AccessControlContext;' @68  a 'java/security/AccessControlContext'{0x00000000f28385b8} (0xf28385b8)
 - private final 'holder' 'Ljava/lang/Thread$FieldHolder;' @72  a 'java/lang/Thread$FieldHolder'{0x00000000f2838590} (0xf2838590)
 - 'threadLocals' 'Ljava/lang/ThreadLocal$ThreadLocalMap;' @76  a 'java/lang/ThreadLocal$ThreadLocalMap'{0x00000000f28852f8} (0xf28852f8)
 - 'inheritableThreadLocals' 'Ljava/lang/ThreadLocal$ThreadLocalMap;' @80  null (0x00000000)
 - private 'scopedValueBindings' 'Ljava/lang/Object;' @84  a 'java/lang/Class'{0x00000000e0860f90} = 'java/lang/Thread' (0xe0860f90)
 - final 'interruptLock' 'Ljava/lang/Object;' @88  a 'java/lang/Object'{0x00000000f28852e8} (0xf28852e8)
 - private volatile 'parkBlocker' 'Ljava/lang/Object;' @92  null (0x00000000)
 - volatile 'nioBlocker' 'Lsun/nio/ch/Interruptible;' @96  null (0x00000000)
 - private 'cont' 'Ljdk/internal/vm/Continuation;' @100  null (0x00000000)
 - private volatile 'uncaughtExceptionHandler' 'Ljava/lang/Thread$UncaughtExceptionHandler;' @104  null (0x00000000)
 - private 'container' 'Ljdk/internal/vm/ThreadContainer;' @108  null (0x00000000)
 - private volatile 'headStackableScopes' 'Ljdk/internal/vm/StackableScope;' @112  null (0x00000000)
R12=0x00007f4e901f86f0 is pointing into the stack for thread: 0x00007f4ee2c4eef0
R13=0x00007f4e83dfdaa8: <offset 0x00000000071fdaa8> in /home/delta/.openjfx/cache/21.0.10+2/amd64/libjfxwebkit.so at 0x00007f4e7cc00000
R14=0x000055b1e10f0df8 points into unknown readable memory: 0x0000000000000000 | 00 00 00 00 00 00 00 00
R15=0x000055b1e1183e18 points into unknown readable memory: 0x000055b1e1183e28 | 28 3e 18 e1 b1 55 00 00

Top of Stack: (sp=0x00007f4e901f8660)
0x00007f4e901f8660:   00007f4e901f8680 00007f4e83dfdab0   ....N.......N...
0x00007f4e901f8670:   00007f4e901f8680 0000000000000000   ....N...........
0x00007f4e901f8680:   0000000000000000 0000000000000000   ................
0x00007f4e901f8690:   0000000000000000 0000000000000000   ................
0x00007f4e901f86a0:   41800000e10ef600 00007f4e901f86f0   .......A....N...
0x00007f4e901f86b0:   00007f4e901f86f8 000055b1e10f0df8   ....N........U..
0x00007f4e901f86c0:   00007f4e901f8700 000055b1e1183e18   ....N....>...U..
0x00007f4e901f86d0:   00007f4e901f8760 00007f4e7ee11a9e   `...N......~N...
0x00007f4e901f86e0:   0000000000000000 00007f4e7e1e68a0   .........h.~N...
0x00007f4e901f86f0:   0000000100000001 0000000000000000   ................
0x00007f4e901f8700:   00007f4e901f8710 0000000000000001   ....N...........
0x00007f4e901f8710:   0000000000000000 0000000000000000   ................
0x00007f4e901f8720:   0000000000000001 00007f4e901f8780   ............N...
0x00007f4e901f8730:   00007f4e901f8750 000055b1e10f0de8   P...N........U..
0x00007f4e901f8740:   000055b1e1183e00 000055b1e10f0df8   .>...U.......U..
0x00007f4e901f8750:   000055b1e10f54f0 00007f4e901f8780   .T...U......N...
0x00007f4e901f8760:   00007f4e901f87c0 00007f4e7d3dc5c1   ....N.....=}N...
0x00007f4e901f8770:   00007f4e901f87a8 00007f4e901f8810   ....N.......N...
0x00007f4e901f8780:   000055b1e10f0de8 00007f4e901f87a8   .....U......N...
0x00007f4e901f8790:   00007f4e901f87c0 000055b1e10f0de8   ....N........U..
0x00007f4e901f87a0:   000055b1e1645950 00007f4e901f8810   PYd..U......N...
0x00007f4e901f87b0:   000055b1e10f54f0 0000000000000001   .T...U..........
0x00007f4e901f87c0:   00007f4e901f8870 00007f4e7f36a0ca   p...N.....6.N...
0x00007f4e901f87d0:   000055b1e1645af0 00007f4e80bb7379   .Zd..U..ys..N...
0x00007f4e901f87e0:   00007f4e901f8800 000055b1e10f0df8   ....N........U..
0x00007f4e901f87f0:   0000000000000000 0000000000000000   ................
0x00007f4e901f8800:   000055b1e1014e90 00007f4e7f36a6de   .N...U....6.N...
0x00007f4e901f8810:   000055b1e1183e00 0000000000000000   .>...U..........
0x00007f4e901f8820:   0000000000000000 0000000000000000   ................
0x00007f4e901f8830:   0000002041800000 00007f4ee94bd21f   ...A .....K.N...
0x00007f4e901f8840:   0000000000000000 00007f4e901f88b8   ............N...
0x00007f4e901f8850:   000055b1e1645950 000055b1e10ee200   PYd..U.......U..

Instructions: (pc=0x00007f4e7eec77aa)
0x00007f4e7eec76aa:   e8 11 eb 1c 02 85 c0 0f 84 d0 fa ff ff 4c 89 f7
0x00007f4e7eec76ba:   e8 81 ed ff ff 4c 89 f7 48 8d 0d f7 85 28 02 48
0x00007f4e7eec76ca:   8d 15 ee 5d 29 02 48 89 c6 49 8b 06 ff 90 08 01
0x00007f4e7eec76da:   00 00 4c 89 ef 48 89 05 2a 64 f3 04 e8 d5 eb 1c
0x00007f4e7eec76ea:   02 e9 97 fa ff ff e9 e1 eb 36 fe e9 dc eb 36 fe
0x00007f4e7eec76fa:   66 0f 1f 44 00 00 c3 66 66 66 66 66 66 2e 0f 1f
0x00007f4e7eec770a:   84 00 00 00 00 00 55 48 89 d6 48 89 ca 48 89 e5
0x00007f4e7eec771a:   53 48 89 fb 48 83 ec 08 e8 b9 68 00 00 48 89 d8
0x00007f4e7eec772a:   48 8b 5d f8 c9 c3 66 0f 1f 44 00 00 00 00 00 00
0x00007f4e7eec773a:   00 00 00 00 00 00 55 48 8d 0d 68 63 f3 04 48 89
0x00007f4e7eec774a:   e5 41 57 41 56 4c 8d 45 b0 49 89 d6 41 55 41 54
0x00007f4e7eec775a:   49 89 fc 53 48 89 f3 48 83 ec 48 0f b6 05 3c 63
0x00007f4e7eec776a:   f3 04 84 c0 0f 84 8c 00 00 00 48 89 de 48 8d 7d
0x00007f4e7eec777a:   a8 45 31 c9 4c 89 f2 48 c7 45 b0 00 00 00 00 48
0x00007f4e7eec778a:   c7 45 b8 00 00 00 00 48 c7 45 c0 00 00 00 00 48
0x00007f4e7eec779a:   c7 45 c8 00 00 00 00 e8 9a 9a f4 ff 48 8b 45 a8
0x00007f4e7eec77aa:   83 00 01 48 8b 5d a8 49 89 04 24 48 c7 45 a8 00
0x00007f4e7eec77ba:   00 00 00 48 85 db 74 0d 8b 03 83 e8 01 0f 84 2b
0x00007f4e7eec77ca:   01 00 00 89 03 48 8b 5d c8 48 c7 45 c8 00 00 00
0x00007f4e7eec77da:   00 48 85 db 74 0d 8b 03 83 e8 01 0f 84 8d 00 00
0x00007f4e7eec77ea:   00 89 03 48 83 c4 48 4c 89 e0 5b 41 5c 41 5d 41
0x00007f4e7eec77fa:   5e 41 5f 5d c3 90 4c 8d 2d a1 62 f3 04 4c 89 ef
0x00007f4e7eec780a:   e8 b1 e9 1c 02 4c 8d 45 b0 48 8d 0d 96 62 f3 04
0x00007f4e7eec781a:   85 c0 0f 84 52 ff ff ff 4c 89 c7 48 8d 35 cc 5c
0x00007f4e7eec782a:   29 02 ba 05 00 00 00 48 89 4d 98 4c 89 45 90 e8
0x00007f4e7eec783a:   12 d7 d5 01 48 8b 45 b0 48 8b 75 98 48 8d 15 33
0x00007f4e7eec784a:   03 f0 04 48 8d 3d bc 6a 40 fe 48 89 05 55 62 f3
0x00007f4e7eec785a:   04 e8 70 c5 34 fe 4c 89 ef e8 58 ea 1c 02 4c 8b
0x00007f4e7eec786a:   45 90 48 8b 4d 98 e9 ff fe ff ff 0f 1f 00 4c 8b
0x00007f4e7eec787a:   73 38 48 c7 43 38 00 00 00 00 4d 85 f6 74 0d 41
0x00007f4e7eec788a:   8b 46 08 83 e8 01 74 7e 41 89 46 08 44 8b 73 34
0x00007f4e7eec789a:   45 85 f6 0f 85 bd 03 00 00 48 8b 7b 28 48 85 ff


Stack slot to memory mapping:

stack at sp + 0 slots: 0x00007f4e901f8680 is pointing into the stack for thread: 0x00007f4ee2c4eef0
stack at sp + 1 slots: 0x00007f4e83dfdab0: <offset 0x00000000071fdab0> in /home/delta/.openjfx/cache/21.0.10+2/amd64/libjfxwebkit.so at 0x00007f4e7cc00000
stack at sp + 2 slots: 0x00007f4e901f8680 is pointing into the stack for thread: 0x00007f4ee2c4eef0
stack at sp + 3 slots: 0x0 is null
stack at sp + 4 slots: 0x0 is null
stack at sp + 5 slots: 0x0 is null
stack at sp + 6 slots: 0x0 is null
stack at sp + 7 slots: 0x0 is null


Compiled method (c1) 5245 3710   !   3       kotlin.coroutines.jvm.internal.BaseContinuationImpl::resumeWith (124 bytes)
 total in heap  [0x00007f4ecbfddd10,0x00007f4ecbfe0768] = 10840
 relocation     [0x00007f4ecbfdde68,0x00007f4ecbfde120] = 696
 main code      [0x00007f4ecbfde120,0x00007f4ecbfdfc58] = 6968
 stub code      [0x00007f4ecbfdfc58,0x00007f4ecbfdfd08] = 176
 oops           [0x00007f4ecbfdfd08,0x00007f4ecbfdfd28] = 32
 metadata       [0x00007f4ecbfdfd28,0x00007f4ecbfdfd90] = 104
 scopes data    [0x00007f4ecbfdfd90,0x00007f4ecbfe0280] = 1264
 scopes pcs     [0x00007f4ecbfe0280,0x00007f4ecbfe06f0] = 1136
 dependencies   [0x00007f4ecbfe06f0,0x00007f4ecbfe06f8] = 8
 handler table  [0x00007f4ecbfe06f8,0x00007f4ecbfe0710] = 24
 nul chk table  [0x00007f4ecbfe0710,0x00007f4ecbfe0768] = 88

[Constant Pool (empty)]

[MachCode]
[Entry Point]
  # {method} {0x00007f4ea884f740} 'resumeWith' '(Ljava/lang/Object;)V' in 'kotlin/coroutines/jvm/internal/BaseContinuationImpl'
  # this:     rsi:rsi   = 'kotlin/coroutines/jvm/internal/BaseContinuationImpl'
  # parm0:    rdx:rdx   = 'java/lang/Object'
  #           [sp+0x120]  (sp of caller)
  0x00007f4ecbfde120: 448b 5608 | 49c1 e203 

  0x00007f4ecbfde128: ;   {runtime_call ic_miss_stub}
  0x00007f4ecbfde128: 4c3b d00f | 854f 71fa | 0666 6666 | 0f1f 8400 | 0000 0000 | 6666 6690 
[Verified Entry Point]
  0x00007f4ecbfde140: 8984 2400 | c0fe ff55 | 4881 ec10 | 0100 0090 | 4181 7f20 | 1000 0000 

  0x00007f4ecbfde158: ;   {runtime_call StubRoutines (final stubs)}
  0x00007f4ecbfde158: 7405 e841 

  0x00007f4ecbfde15c: ;   {metadata(method data for {method} {0x00007f4ea884f740} 'resumeWith' '(Ljava/lang/Object;)V' in 'kotlin/coroutines/jvm/internal/BaseContinuationImpl')}
  0x00007f4ecbfde15c: f0f8 0648 | bfb8 854c | ab4e 7f00 | 008b 9ff4 | 0000 0083 | c302 899f | f400 0000 | 81e3 fe07 
  0x00007f4ecbfde17c: 0000 85db | 0f84 ff15 | 0000 6690 | 4885 f675 

  0x00007f4ecbfde18c: ;   {metadata(method data for {method} {0x00007f4ea884f740} 'resumeWith' '(Ljava/lang/Object;)V' in 'kotlin/coroutines/jvm/internal/BaseContinuationImpl')}
  0x00007f4ecbfde18c: 1648 b8b8 | 854c ab4e | 7f00 0080 | 8831 0100 | 0001 e9d5 

  0x00007f4ecbfde1a0: ;   {metadata('kotlin/coroutines/Continuation')}
  0x00007f4ecbfde1a0: 0000 0048 | b900 1000 | 0001 0000 | 008b 4608 | 48c1 e003 | 483b 4820 | 0f84 1a00 | 0000 483b 
  0x00007f4ecbfde1c0: c10f 8411 | 0000 0050 

  0x00007f4ecbfde1c8: ;   {runtime_call slow_subtype_check Runtime1 stub}
  0x00007f4ecbfde1c8: 51e8 325b | 0707 5858 | 85c0 0f84 | 8400 0000 

  0x00007f4ecbfde1d8: ;   {metadata(method data for {method} {0x00007f4ea884f740} 'resumeWith' '(Ljava/lang/Object;)V' in 'kotlin/coroutines/jvm/internal/BaseContinuationImpl')}
  0x00007f4ecbfde1d8: 48b8 b885 | 4cab 4e7f | 0000 8b4e | 0848 c1e1 | 0348 3b88 | 4801 0000 | 750d 4883 | 8050 0100 
  0x00007f4ecbfde1f8: 0001 e979 | 0000 0048 | 3b88 5801 | 0000 750d | 4883 8060 | 0100 0001 | e963 0000 | 0048 83b8 
  0x00007f4ecbfde218: 4801 0000 | 0075 1748 | 8988 4801 | 0000 48c7 | 8050 0100 | 0001 0000 | 00e9 4200 | 0000 4883 
  0x00007f4ecbfde238: b858 0100 | 0000 7517 | 4889 8858 | 0100 0048 | c780 6001 | 0000 0100 | 0000 e921 | 0000 00e9 
  0x00007f4ecbfde258: 1c00 0000 

  0x00007f4ecbfde25c: ;   {metadata(method data for {method} {0x00007f4ea884f740} 'resumeWith' '(Ljava/lang/Object;)V' in 'kotlin/coroutines/jvm/internal/BaseContinuationImpl')}
  0x00007f4ecbfde25c: 48b8 b885 | 4cab 4e7f | 0000 4883 | a838 0100 | 0001 e933 | 1500 00e9 | 0000 0000 

  0x00007f4ecbfde278: ;   {metadata(method data for {method} {0x00007f4ea884f740} 'resumeWith' '(Ljava/lang/Object;)V' in 'kotlin/coroutines/jvm/internal/BaseContinuationImpl')}
  0x00007f4ecbfde278: 488b fe48 | bbb8 854c | ab4e 7f00 | 0048 8383 | 7001 0000 

  0x00007f4ecbfde28c: ;   {metadata(method data for {method} {0x00007f4ea885a4c0} 'probeCoroutineResumed' '(Lkotlin/coroutines/Continuation;)V' in 'kotlin/coroutines/jvm/internal/DebugProbesKt')}
  0x00007f4ecbfde28c: 0148 bbf8 | 3646 ab4e | 7f00 008b | 83f4 0000 | 0083 c002 | 8983 f400 | 0000 25fe | ff1f 0085 
  0x00007f4ecbfde2ac: c00f 84fc 

  0x00007f4ecbfde2b0: ;   {metadata(method data for {method} {0x00007f4ea885a4c0} 'probeCoroutineResumed' '(Lkotlin/coroutines/Continuation;)V' in 'kotlin/coroutines/jvm/internal/DebugProbesKt')}
  0x00007f4ecbfde2b0: 1400 0048 | bbf8 3646 | ab4e 7f00 | 0048 8383 | 3801 0000 

  0x00007f4ecbfde2c4: ;   {metadata(method data for {method} {0x00007f4ea8536670} 'checkNotNullParameter' '(Ljava/lang/Object;Ljava/lang/String;)V' in 'kotlin/jvm/internal/Intrinsics')}
  0x00007f4ecbfde2c4: 0148 bb20 | 30a6 a84e | 7f00 008b | 83f4 0000 | 0083 c002 | 8983 f400 | 0000 25fe | ff1f 0085 
  0x00007f4ecbfde2e4: c00f 84e5 | 1400 0048 

  0x00007f4ecbfde2ec: ;   {metadata(method data for {method} {0x00007f4ea8536670} 'checkNotNullParameter' '(Ljava/lang/Object;Ljava/lang/String;)V' in 'kotlin/jvm/internal/Intrinsics')}
  0x00007f4ecbfde2ec: 85ff 48bf | 2030 a6a8 | 4e7f 0000 | 48c7 c348 | 0100 0074 | 0748 c7c3 | 3801 0000 | 488b 041f 
  0x00007f4ecbfde30c: 488d 4001 | 4889 041f | 0f84 220d | 0000 4885 

  0x00007f4ecbfde31c: ;   {metadata(method data for {method} {0x00007f4ea884f740} 'resumeWith' '(Ljava/lang/Object;)V' in 'kotlin/coroutines/jvm/internal/BaseContinuationImpl')}
  0x00007f4ecbfde31c: f675 1648 | bbb8 854c | ab4e 7f00 | 0080 8b79 | 0100 0001 | e9bb 0000 

  0x00007f4ecbfde334: ;   {metadata('kotlin/coroutines/jvm/internal/BaseContinuationImpl')}
  0x00007f4ecbfde334: 0048 b808 | 4e0d 0001 | 0000 008b | 5e08 48c1 | e303 483b | 4338 0f85 | 8400 0000 

  0x00007f4ecbfde350: ;   {metadata(method data for {method} {0x00007f4ea884f740} 'resumeWith' '(Ljava/lang/Object;)V' in 'kotlin/coroutines/jvm/internal/BaseContinuationImpl')}
  0x00007f4ecbfde350: 48bb b885 | 4cab 4e7f | 0000 8b46 | 0848 c1e0 | 0348 3b83 | 9001 0000 | 750d 4883 | 8398 0100 
  0x00007f4ecbfde370: 0001 e979 | 0000 0048 | 3b83 a001 | 0000 750d | 4883 83a8 | 0100 0001 | e963 0000 | 0048 83bb 
  0x00007f4ecbfde390: 9001 0000 | 0075 1748 | 8983 9001 | 0000 48c7 | 8398 0100 | 0001 0000 | 00e9 4200 | 0000 4883 
  0x00007f4ecbfde3b0: bba0 0100 | 0000 7517 | 4889 83a0 | 0100 0048 | c783 a801 | 0000 0100 | 0000 e921 | 0000 00e9 
  0x00007f4ecbfde3d0: 1c00 0000 

  0x00007f4ecbfde3d4: ;   {metadata(method data for {method} {0x00007f4ea884f740} 'resumeWith' '(Ljava/lang/Object;)V' in 'kotlin/coroutines/jvm/internal/BaseContinuationImpl')}
  0x00007f4ecbfde3d4: 48bb b885 | 4cab 4e7f | 0000 4883 | ab80 0100 | 0001 e906 | 1400 00e9 | 0000 0000 | 488b fe8b 
  0x00007f4ecbfde3f4: 5f0c 4889 | 9c24 b000 

  0x00007f4ecbfde3fc: ;   {metadata(method data for {method} {0x00007f4ea884f740} 'resumeWith' '(Ljava/lang/Object;)V' in 'kotlin/coroutines/jvm/internal/BaseContinuationImpl')}
  0x00007f4ecbfde3fc: 0000 48be | b885 4cab | 4e7f 0000 | 4883 86b8 | 0100 0001 

  0x00007f4ecbfde410: ;   {metadata(method data for {method} {0x00007f4ea8535628} 'checkNotNull' '(Ljava/lang/Object;)V' in 'kotlin/jvm/internal/Intrinsics')}
  0x00007f4ecbfde410: 48be 00f1 | 4ea9 4e7f | 0000 8b86 | f400 0000 | 83c0 0289 | 86f4 0000 | 0025 feff | 1f00 85c0 
  0x00007f4ecbfde430: 0f84 c913 | 0000 4885 

  0x00007f4ecbfde438: ;   {metadata(method data for {method} {0x00007f4ea8535628} 'checkNotNull' '(Ljava/lang/Object;)V' in 'kotlin/jvm/internal/Intrinsics')}
  0x00007f4ecbfde438: db48 be00 | f14e a94e | 7f00 0048 | c7c0 4801 | 0000 7407 | 48c7 c038 | 0100 0048 | 8b0c 0648 
  0x00007f4ecbfde458: 8d49 0148 | 890c 060f | 84ff 0900 | 0048 8bf7 

  0x00007f4ecbfde468: ;   {metadata(method data for {method} {0x00007f4ea884f740} 'resumeWith' '(Ljava/lang/Object;)V' in 'kotlin/coroutines/jvm/internal/BaseContinuationImpl')}
  0x00007f4ecbfde468: 48b8 b885 | 4cab 4e7f | 0000 8b76 | 0848 c1e6 | 0348 3bb0 | d801 0000 | 750d 4883 | 80e0 0100 
  0x00007f4ecbfde488: 0001 e960 | 0000 0048 | 3bb0 e801 | 0000 750d | 4883 80f0 | 0100 0001 | e94a 0000 | 0048 83b8 
  0x00007f4ecbfde4a8: d801 0000 | 0075 1748 | 89b0 d801 | 0000 48c7 | 80e0 0100 | 0001 0000 | 00e9 2900 | 0000 4883 
  0x00007f4ecbfde4c8: b8e8 0100 | 0000 7517 | 4889 b0e8 | 0100 0048 | c780 f001 | 0000 0100 | 0000 e908 | 0000 0048 
  0x00007f4ecbfde4e8: 8380 c801 | 0000 0148 | 8bf7 4889 | bc24 a800 | 0000 6666 | 9048 b8ff | ffff ffff 

  0x00007f4ecbfde504: ;   {virtual_call}
  0x00007f4ecbfde504: ffff ffe8 

  0x00007f4ecbfde508: ; ImmutableOopMap {[168]=Oop [176]=Oop }
                      ;*invokevirtual invokeSuspend {reexecute=0 rethrow=0 return_oop=0}
                      ; - kotlin.coroutines.jvm.internal.BaseContinuationImpl::resumeWith@40 (line 34)
  0x00007f4ecbfde508: ac36 0807 

  0x00007f4ecbfde50c: ;   {other}
  0x00007f4ecbfde50c: 0f1f 8400 | fc07 0000 

  0x00007f4ecbfde514: ;   {metadata(method data for {method} {0x00007f4ea884f740} 'resumeWith' '(Ljava/lang/Object;)V' in 'kotlin/coroutines/jvm/internal/BaseContinuationImpl')}
  0x00007f4ecbfde514: 48ba b885 | 4cab 4e7f | 0000 4883 | 8200 0200 

  0x00007f4ecbfde524: ;   {metadata(method data for {method} {0x00007f4ea885e4f8} 'getCOROUTINE_SUSPENDED' '()Ljava/lang/Object;' in 'kotlin/coroutines/intrinsics/IntrinsicsKt__IntrinsicsKt')}
  0x00007f4ecbfde524: 0001 48ba | 0877 abaa | 4e7f 0000 | 8bb2 f400 | 0000 83c6 | 0289 b2f4 | 0000 0081 | e6fe ff1f 
  0x00007f4ecbfde544: 0085 f60f | 84d3 1200 

  0x00007f4ecbfde54c: ;   {oop(a 'kotlin/coroutines/intrinsics/CoroutineSingletons'{0x00000000e0ce4710})}
  0x00007f4ecbfde54c: 0049 ba10 | 47ce e000 | 0000 0049 

  0x00007f4ecbfde558: ;   {metadata(method data for {method} {0x00007f4ea884f740} 'resumeWith' '(Ljava/lang/Object;)V' in 'kotlin/coroutines/jvm/internal/BaseContinuationImpl')}
  0x00007f4ecbfde558: 3bc2 48ba | b885 4cab | 4e7f 0000 | 48c7 c620 | 0200 0074 | 0748 c7c6 | 1002 0000 | 488b 3c32 
  0x00007f4ecbfde578: 488d 7f01 | 4889 3c32 | 0f84 940d 

  0x00007f4ecbfde584: ;   {metadata(method data for {method} {0x00007f4ea884f740} 'resumeWith' '(Ljava/lang/Object;)V' in 'kotlin/coroutines/jvm/internal/BaseContinuationImpl')}
  0x00007f4ecbfde584: 0000 48ba | b885 4cab | 4e7f 0000 | 4883 8230 | 0200 0001 

  0x00007f4ecbfde598: ;   {metadata(method data for {method} {0x00007f4ea8602e50} 'constructor-impl' '(Ljava/lang/Object;)Ljava/lang/Object;' in 'kotlin/Result')}
  0x00007f4ecbfde598: 48ba c86b | c0aa 4e7f | 0000 8bb2 | f400 0000 | 83c6 0289 | b2f4 0000 | 0081 e6fe | ff1f 0085 
  0x00007f4ecbfde5b8: f60f 8482 

  0x00007f4ecbfde5bc: ;   {metadata(method data for {method} {0x00007f4ea884f740} 'resumeWith' '(Ljava/lang/Object;)V' in 'kotlin/coroutines/jvm/internal/BaseContinuationImpl')}
  0x00007f4ecbfde5bc: 1200 0048 | bab8 854c | ab4e 7f00 | 00ff 8240 | 0200 00e9 | 4302 0000 | 498b 8700 | 0500 004d 
  0x00007f4ecbfde5dc: 33d2 4d89 | 9700 0500 | 004d 33d2 | 4d89 9708 

  0x00007f4ecbfde5ec: ;   {metadata(method data for {method} {0x00007f4ea884f740} 'resumeWith' '(Ljava/lang/Object;)V' in 'kotlin/coroutines/jvm/internal/BaseContinuationImpl')}
  0x00007f4ecbfde5ec: 0500 0048 | bab8 854c | ab4e 7f00 | 0048 8382 | 5802 0000 

  0x00007f4ecbfde600: ;   {metadata(method data for {method} {0x00007f4ea887d960} 'createFailure' '(Ljava/lang/Throwable;)Ljava/lang/Object;' in 'kotlin/ResultKt')}
  0x00007f4ecbfde600: 0148 ba18 | 8f4c ab4e | 7f00 008b | b2f4 0000 | 0083 c602 | 89b2 f400 | 0000 81e6 | feff 1f00 
  0x00007f4ecbfde620: 85f6 0f84 | 3a12 0000 

  0x00007f4ecbfde628: ;   {metadata(method data for {method} {0x00007f4ea887d960} 'createFailure' '(Ljava/lang/Throwable;)Ljava/lang/Object;' in 'kotlin/ResultKt')}
  0x00007f4ecbfde628: 48ba 188f | 4cab 4e7f | 0000 4883 | 8238 0100 

  0x00007f4ecbfde638: ;   {metadata(method data for {method} {0x00007f4ea8536670} 'checkNotNullParameter' '(Ljava/lang/Object;Ljava/lang/String;)V' in 'kotlin/jvm/internal/Intrinsics')}
  0x00007f4ecbfde638: 0001 48ba | 2030 a6a8 | 4e7f 0000 | 8bb2 f400 | 0000 83c6 | 0289 b2f4 | 0000 0081 | e6fe ff1f 
  0x00007f4ecbfde658: 0085 f60f | 8422 1200 | 0048 85c0 

  0x00007f4ecbfde664: ;   {metadata(method data for {method} {0x00007f4ea8536670} 'checkNotNullParameter' '(Ljava/lang/Object;Ljava/lang/String;)V' in 'kotlin/jvm/internal/Intrinsics')}
  0x00007f4ecbfde664: 48ba 2030 | a6a8 4e7f | 0000 48c7 | c648 0100 | 0074 0748 | c7c6 3801 | 0000 488b | 3c32 488d 
  0x00007f4ecbfde684: 7f01 4889 | 3c32 0f84 | cc05 0000 

  0x00007f4ecbfde690: ;   {metadata('kotlin/Result$Failure')}
  0x00007f4ecbfde690: 48ba f8f5 | 0c00 0100 | 0000 488b | d849 8b87 | b801 0000 | 488d 7810 | 493b bfc8 | 0100 000f 
  0x00007f4ecbfde6b0: 87ef 1100 | 0049 89bf | b801 0000 | 48c7 0001 | 0000 0048 | 8bca 48c1 | e903 8948 | 0848 33c9 
  0x00007f4ecbfde6d0: 8948 0c48 | 33c9 488b 

  0x00007f4ecbfde6d8: ;   {metadata(method data for {method} {0x00007f4ea887d960} 'createFailure' '(Ljava/lang/Throwable;)Ljava/lang/Object;' in 'kotlin/ResultKt')}
  0x00007f4ecbfde6d8: f048 bf18 | 8f4c ab4e | 7f00 0048 | 8387 4801 

  0x00007f4ecbfde6e8: ;   {metadata(method data for {method} {0x00007f4ea862b830} '<init>' '(Ljava/lang/Throwable;)V' in 'kotlin/Result$Failure')}
  0x00007f4ecbfde6e8: 0000 0148 | beb0 904c | ab4e 7f00 | 008b bef4 | 0000 0083 | c702 89be | f400 0000 | 81e7 feff 
  0x00007f4ecbfde708: 1f00 85ff | 0f84 9f11 

  0x00007f4ecbfde710: ;   {metadata(method data for {method} {0x00007f4ea862b830} '<init>' '(Ljava/lang/Throwable;)V' in 'kotlin/Result$Failure')}
  0x00007f4ecbfde710: 0000 48be | b090 4cab | 4e7f 0000 | 4883 8638 | 0100 0001 

  0x00007f4ecbfde724: ;   {metadata(method data for {method} {0x00007f4ea8536670} 'checkNotNullParameter' '(Ljava/lang/Object;Ljava/lang/String;)V' in 'kotlin/jvm/internal/Intrinsics')}
  0x00007f4ecbfde724: 48be 2030 | a6a8 4e7f | 0000 8bbe | f400 0000 | 83c7 0289 | bef4 0000 | 0081 e7fe | ff1f 0085 
  0x00007f4ecbfde744: ff0f 8487 | 1100 0048 

  0x00007f4ecbfde74c: ;   {metadata(method data for {method} {0x00007f4ea8536670} 'checkNotNullParameter' '(Ljava/lang/Object;Ljava/lang/String;)V' in 'kotlin/jvm/internal/Intrinsics')}
  0x00007f4ecbfde74c: 85db 48be | 2030 a6a8 | 4e7f 0000 | 48c7 c748 | 0100 0074 | 0748 c7c7 | 3801 0000 | 488b 143e 
  0x00007f4ecbfde76c: 488d 5201 | 4889 143e | 0f84 d302 | 0000 488b 

  0x00007f4ecbfde77c: ;   {metadata(method data for {method} {0x00007f4ea862b830} '<init>' '(Ljava/lang/Throwable;)V' in 'kotlin/Result$Failure')}
  0x00007f4ecbfde77c: f048 bfb0 | 904c ab4e | 7f00 0048 | 8387 4801 

  0x00007f4ecbfde78c: ;   {metadata(method data for {method} {0x00007f4ea8000630} '<init>' '()V' in 'java/lang/Object')}
  0x00007f4ecbfde78c: 0000 0148 | be78 1323 | a84e 7f00 | 008b bef4 | 0000 0083 | c702 89be | f400 0000 | 81e7 feff 
  0x00007f4ecbfde7ac: 1f00 85ff | 0f84 3d11 | 0000 410f | be77 4085 | f60f 8551 | 1100 004c | 8bd3 4489 | 500c 488b 
  0x00007f4ecbfde7cc: f048 33f3 | 48c1 ee14 | 4883 fe00 | 0f85 5111 

  0x00007f4ecbfde7dc: ;   {metadata(method data for {method} {0x00007f4ea884f740} 'resumeWith' '(Ljava/lang/Object;)V' in 'kotlin/coroutines/jvm/internal/BaseContinuationImpl')}
  0x00007f4ecbfde7dc: 0000 48be | b885 4cab | 4e7f 0000 | 4883 8668 | 0200 0001 

  0x00007f4ecbfde7f0: ;   {metadata(method data for {method} {0x00007f4ea8602e50} 'constructor-impl' '(Ljava/lang/Object;)Ljava/lang/Object;' in 'kotlin/Result')}
  0x00007f4ecbfde7f0: 48be c86b | c0aa 4e7f | 0000 8bbe | f400 0000 | 83c7 0289 | bef4 0000 | 0081 e7fe | ff1f 0085 
  0x00007f4ecbfde810: ff0f 8430 | 1100 0048 | 8984 24b8 | 0000 0048 | 8bbc 24a8 

  0x00007f4ecbfde824: ;   {metadata(method data for {method} {0x00007f4ea884f740} 'resumeWith' '(Ljava/lang/Object;)V' in 'kotlin/coroutines/jvm/internal/BaseContinuationImpl')}
  0x00007f4ecbfde824: 0000 0048 | beb8 854c | ab4e 7f00 | 008b 7f08 | 48c1 e703 | 483b be88 | 0200 0075 | 0d48 8386 
  0x00007f4ecbfde844: 9002 0000 | 01e9 6000 | 0000 483b | be98 0200 | 0075 0d48 | 8386 a002 | 0000 01e9 | 4a00 0000 
  0x00007f4ecbfde864: 4883 be88 | 0200 0000 | 7517 4889 | be88 0200 | 0048 c786 | 9002 0000 | 0100 0000 | e929 0000 
  0x00007f4ecbfde884: 0048 83be | 9802 0000 | 0075 1748 | 89be 9802 | 0000 48c7 | 86a0 0200 | 0001 0000 | 00e9 0800 
  0x00007f4ecbfde8a4: 0000 4883 | 8678 0200 | 0001 488b | b424 a800 | 0000 0f1f | 8000 0000 | 0048 b8ff | ffff ffff 
  0x00007f4ecbfde8c4: ;   {virtual_call}
  0x00007f4ecbfde8c4: ffff ffe8 

  0x00007f4ecbfde8c8: ; ImmutableOopMap {[176]=Oop [184]=Oop }
                      ;*invokevirtual releaseIntercepted {reexecute=0 rethrow=0 return_oop=0}
                      ; - kotlin.coroutines.jvm.internal.BaseContinuationImpl::resumeWith@90 (line 40)
  0x00007f4ecbfde8c8: 94fc 1f07 

  0x00007f4ecbfde8cc: ;   {other}
  0x00007f4ecbfde8cc: 0f1f 8400 | bc0b 0001 | 488b 9c24 | b000 0000 | 4885 db75 

  0x00007f4ecbfde8e0: ;   {metadata(method data for {method} {0x00007f4ea884f740} 'resumeWith' '(Ljava/lang/Object;)V' in 'kotlin/coroutines/jvm/internal/BaseContinuationImpl')}
  0x00007f4ecbfde8e0: 1648 bfb8 | 854c ab4e | 7f00 0080 | 8fa9 0200 | 0001 e9bb 

  0x00007f4ecbfde8f4: ;   {metadata('kotlin/coroutines/jvm/internal/BaseContinuationImpl')}
  0x00007f4ecbfde8f4: 0000 0048 | b808 4e0d | 0001 0000 | 008b 7b08 | 48c1 e703 | 483b 4738 | 0f85 8400 

  0x00007f4ecbfde910: ;   {metadata(method data for {method} {0x00007f4ea884f740} 'resumeWith' '(Ljava/lang/Object;)V' in 'kotlin/coroutines/jvm/internal/BaseContinuationImpl')}
  0x00007f4ecbfde910: 0000 48bf | b885 4cab | 4e7f 0000 | 8b43 0848 | c1e0 0348 | 3b87 c002 | 0000 750d | 4883 87c8 
  0x00007f4ecbfde930: 0200 0001 | e97e 0000 | 0048 3b87 | d002 0000 | 750d 4883 | 87d8 0200 | 0001 e968 | 0000 0048 
  0x00007f4ecbfde950: 83bf c002 | 0000 0075 | 1748 8987 | c002 0000 | 48c7 87c8 | 0200 0001 | 0000 00e9 | 4700 0000 
  0x00007f4ecbfde970: 4883 bfd0 | 0200 0000 | 7517 4889 | 87d0 0200 | 0048 c787 | d802 0000 | 0100 0000 | e926 0000 
  0x00007f4ecbfde990: 00e9 2100 

  0x00007f4ecbfde994: ;   {metadata(method data for {method} {0x00007f4ea884f740} 'resumeWith' '(Ljava/lang/Object;)V' in 'kotlin/coroutines/jvm/internal/BaseContinuationImpl')}
  0x00007f4ecbfde994: 0000 48bf | b885 4cab | 4e7f 0000 | 4883 afb0 | 0200 0001 | e905 0000 | 00e9 0500 | 0000 4833 
  0x00007f4ecbfde9b4: d2eb 0748 | c7c2 0100 | 0000 85d2 

  0x00007f4ecbfde9c0: ;   {metadata(method data for {method} {0x00007f4ea884f740} 'resumeWith' '(Ljava/lang/Object;)V' in 'kotlin/coroutines/jvm/internal/BaseContinuationImpl')}
  0x00007f4ecbfde9c0: 48ba b885 | 4cab 4e7f | 0000 48c7 | c6e8 0200 | 0074 0748 | c7c6 f802 | 0000 488b | 3c32 488d 
  0x00007f4ecbfde9e0: 7f01 4889 | 3c32 0f84 | 6008 0000 

  0x00007f4ecbfde9ec: ;   {metadata(method data for {method} {0x00007f4ea884f740} 'resumeWith' '(Ljava/lang/Object;)V' in 'kotlin/coroutines/jvm/internal/BaseContinuationImpl')}
  0x00007f4ecbfde9ec: 48ba b885 | 4cab 4e7f | 0000 ff82 | 0803 0000 

  0x00007f4ecbfde9fc: ;   {metadata(method data for {method} {0x00007f4ea884f740} 'resumeWith' '(Ljava/lang/Object;)V' in 'kotlin/coroutines/jvm/internal/BaseContinuationImpl')}
  0x00007f4ecbfde9fc: 48ba b885 | 4cab 4e7f | 0000 8bb2 | f800 0000 | 83c6 0289 | b2f8 0000 | 0081 e6fe | 3f00 0085 
  0x00007f4ecbfdea1c: f60f 8445 | 0f00 004d | 8b97 5804 

  0x00007f4ecbfdea28: ; ImmutableOopMap {rbx=Oop [176]=Oop [184]=Oop }
                      ;*goto {reexecute=1 rethrow=0 return_oop=0}
                      ; - (reexecute) kotlin.coroutines.jvm.internal.BaseContinuationImpl::resumeWith@121 (line 30)
                      ;   {poll}
  0x00007f4ecbfdea28: 0000 4185 

  0x00007f4ecbfdea2c: ;   {metadata(method data for {method} {0x00007f4ea884f740} 'resumeWith' '(Ljava/lang/Object;)V' in 'kotlin/coroutines/jvm/internal/BaseContinuationImpl')}
  0x00007f4ecbfdea2c: 0248 bab8 | 854c ab4e | 7f00 00ff | 8258 0300 | 0048 8b94 | 24b8 0000 | 0048 8bf3 | e93b f7ff 
  0x00007f4ecbfdea4c: ff48 8984 | 24c8 0000 | 0048 899c | 24d0 0000 

  0x00007f4ecbfdea5c: ;   {metadata(method data for {method} {0x00007f4ea8536670} 'checkNotNullParameter' '(Ljava/lang/Object;Ljava/lang/String;)V' in 'kotlin/jvm/internal/Intrinsics')}
  0x00007f4ecbfdea5c: 0048 ba20 | 30a6 a84e | 7f00 0048 | 8382 5801 

  0x00007f4ecbfdea6c: ;   {metadata(method data for {method} {0x00007f4ea85367f0} 'throwParameterIsNullNPE' '(Ljava/lang/String;)V' in 'kotlin/jvm/internal/Intrinsics')}
  0x00007f4ecbfdea6c: 0000 0148 | bad0 31a6 | a84e 7f00 | 008b b2f4 | 0000 0083 | c602 89b2 | f400 0000 | 81e6 feff 
  0x00007f4ecbfdea8c: 1f00 85f6 | 0f84 f30e | 0000 6690 

  0x00007f4ecbfdea98: ;   {no_reloc}
  0x00007f4ecbfdea98: e91c 0f00 | 0000 0000 | 0000 498b | 87b8 0100 | 0048 8d78 | 3049 3bbf | c801 0000 | 0f87 090f 
  0x00007f4ecbfdeab8: 0000 4989 | bfb8 0100 | 0048 c700 | 0100 0000 | 488b ca48 | c1e9 0389 | 4808 4833 | c989 480c 
  0x00007f4ecbfdead8: 4833 c948 | 8948 1048 | 8948 1848 | 8948 2048 

  0x00007f4ecbfdeae8: ;   {metadata(method data for {method} {0x00007f4ea85367f0} 'throwParameterIsNullNPE' '(Ljava/lang/String;)V' in 'kotlin/jvm/internal/Intrinsics')}
  0x00007f4ecbfdeae8: 8948 2848 | bed0 31a6 | a84e 7f00 | 0048 8386 | 3801 0000 

  0x00007f4ecbfdeafc: ;   {oop("exception"{0x00000000e067fae0})}
  0x00007f4ecbfdeafc: 0148 bee0 | fa67 e000 | 0000 0048 | 8984 24c0 

  0x00007f4ecbfdeb0c: ;   {static_call}
  0x00007f4ecbfdeb0c: 0000 00e8 

  0x00007f4ecbfdeb10: ; ImmutableOopMap {[168]=Oop [176]=Oop [192]=Oop [200]=Oop [208]=Oop }
                      ;*invokestatic createParameterIsNullExceptionMessage {reexecute=0 rethrow=0 return_oop=0}
                      ; - kotlin.jvm.internal.Intrinsics::throwParameterIsNullNPE@5 (line 140)
                      ; - kotlin.jvm.internal.Intrinsics::checkNotNullParameter@5 (line 131)
                      ; - kotlin.Result$Failure::<init>@3
                      ; - kotlin.ResultKt::createFailure@11 (line 122)
                      ; - kotlin.coroutines.jvm.internal.BaseContinuationImpl::resumeWith@76 (line 38)
  0x00007f4ecbfdeb10: 6c76 fa06 

  0x00007f4ecbfdeb14: ;   {other}
  0x00007f4ecbfdeb14: 0f1f 8400 | 040e 0003 | 488b 9424 | c000 0000 

  0x00007f4ecbfdeb24: ;   {metadata(method data for {method} {0x00007f4ea85367f0} 'throwParameterIsNullNPE' '(Ljava/lang/String;)V' in 'kotlin/jvm/internal/Intrinsics')}
  0x00007f4ecbfdeb24: 48be d031 | a6a8 4e7f | 0000 4883 | 8648 0100 | 0001 488b | d048 8bb4 | 24c0 0000 | 0066 0f1f 
  0x00007f4ecbfdeb44: ;   {optimized virtual_call}
  0x00007f4ecbfdeb44: 4400 00e8 

  0x00007f4ecbfdeb48: ; ImmutableOopMap {[168]=Oop [176]=Oop [192]=Oop [200]=Oop [208]=Oop }
                      ;*invokespecial <init> {reexecute=0 rethrow=0 return_oop=0}
                      ; - kotlin.jvm.internal.Intrinsics::throwParameterIsNullNPE@8 (line 140)
                      ; - kotlin.jvm.internal.Intrinsics::checkNotNullParameter@5 (line 131)
                      ; - kotlin.Result$Failure::<init>@3
                      ; - kotlin.ResultKt::createFailure@11 (line 122)
                      ; - kotlin.coroutines.jvm.internal.BaseContinuationImpl::resumeWith@76 (line 38)
  0x00007f4ecbfdeb48: 346c fa06 

  0x00007f4ecbfdeb4c: ;   {other}
  0x00007f4ecbfdeb4c: 0f1f 8400 | 3c0e 0004 

  0x00007f4ecbfdeb54: ;   {metadata(method data for {method} {0x00007f4ea85367f0} 'throwParameterIsNullNPE' '(Ljava/lang/String;)V' in 'kotlin/jvm/internal/Intrinsics')}
  0x00007f4ecbfdeb54: 48be d031 | a6a8 4e7f | 0000 4883 | 8658 0100 

  0x00007f4ecbfdeb64: ;   {metadata(method data for {method} {0x00007f4ea8537868} 'sanitizeStackTrace' '(Ljava/lang/Throwable;)Ljava/lang/Throwable;' in 'kotlin/jvm/internal/Intrinsics')}
  0x00007f4ecbfdeb64: 0001 48be | 0039 a6a8 | 4e7f 0000 | 8bbe f400 | 0000 83c7 | 0289 bef4 | 0000 0081 | e7fe ff1f 
  0x00007f4ecbfdeb84: 0085 ff0f | 8443 0e00 

  0x00007f4ecbfdeb8c: ;   {oop(a 'java/lang/Class'{0x00000000e099b038} = 'kotlin/jvm/internal/Intrinsics')}
  0x00007f4ecbfdeb8c: 0048 be38 | b099 e000 | 0000 0048 

  0x00007f4ecbfdeb98: ;   {metadata(method data for {method} {0x00007f4ea8537868} 'sanitizeStackTrace' '(Ljava/lang/Throwable;)Ljava/lang/Throwable;' in 'kotlin/jvm/internal/Intrinsics')}
  0x00007f4ecbfdeb98: 8bfe 48bb | 0039 a6a8 | 4e7f 0000 | 4883 8338 | 0100 0001 

  0x00007f4ecbfdebac: ;   {metadata(method data for {method} {0x00007f4ea80164e8} 'getName' '()Ljava/lang/String;' in 'java/lang/Class')}
  0x00007f4ecbfdebac: 48bf 10d5 | 45a8 4e7f | 0000 8b9f | f400 0000 | 83c3 0289 | 9ff4 0000 | 0081 e3fe | ff1f 0085 
  0x00007f4ecbfdebcc: db0f 841e | 0e00 008b | 762c 4885 

  0x00007f4ecbfdebd8: ;   {metadata(method data for {method} {0x00007f4ea80164e8} 'getName' '()Ljava/lang/String;' in 'java/lang/Class')}
  0x00007f4ecbfdebd8: f648 bf10 | d545 a84e | 7f00 0048 | c7c3 3801 | 0000 7407 | 48c7 c348 | 0100 0048 | 8b04 1f48 
  0x00007f4ecbfdebf8: 8d40 0148 | 8904 1f0f | 8418 0000 

  0x00007f4ecbfdec04: ;   {metadata(method data for {method} {0x00007f4ea80164e8} 'getName' '()Ljava/lang/String;' in 'java/lang/Class')}
  0x00007f4ecbfdec04: 0048 bf10 | d545 a84e | 7f00 00ff | 8758 0100 | 0048 8bfe | e932 0000 

  0x00007f4ecbfdec1c: ;   {oop(a 'java/lang/Class'{0x00000000e099b038} = 'kotlin/jvm/internal/Intrinsics')}
  0x00007f4ecbfdec1c: 0048 be38 | b099 e000 | 0000 0048 

  0x00007f4ecbfdec28: ;   {metadata(method data for {method} {0x00007f4ea80164e8} 'getName' '()Ljava/lang/String;' in 'java/lang/Class')}
  0x00007f4ecbfdec28: 8bfe 48bb | 10d5 45a8 | 4e7f 0000 | 4883 8370 | 0100 0001 

  0x00007f4ecbfdec3c: ;   {optimized virtual_call}
  0x00007f4ecbfdec3c: 6666 90e8 

  0x00007f4ecbfdec40: ; ImmutableOopMap {[168]=Oop [176]=Oop [192]=Oop [200]=Oop [208]=Oop }
                      ;*invokevirtual initClassName {reexecute=0 rethrow=0 return_oop=0}
                      ; - java.lang.Class::getName@14
                      ; - kotlin.jvm.internal.Intrinsics::sanitizeStackTrace@3 (line 253)
                      ; - kotlin.jvm.internal.Intrinsics::throwParameterIsNullNPE@11 (line 140)
                      ; - kotlin.jvm.internal.Intrinsics::checkNotNullParameter@5 (line 131)
                      ; - kotlin.Result$Failure::<init>@3
                      ; - kotlin.ResultKt::createFailure@11 (line 122)
                      ; - kotlin.coroutines.jvm.internal.BaseContinuationImpl::resumeWith@76 (line 38)
  0x00007f4ecbfdec40: 3c6b fa06 

  0x00007f4ecbfdec44: ;   {other}
  0x00007f4ecbfdec44: 0f1f 8400 | 340f 0005 | 488b f848 | 8b84 24c0 | 0000 00e9 | fe09 0000 | 4889 8424 | d000 0000 
  0x00007f4ecbfdec64: ;   {metadata(method data for {method} {0x00007f4ea8536670} 'checkNotNullParameter' '(Ljava/lang/Object;Ljava/lang/String;)V' in 'kotlin/jvm/internal/Intrinsics')}
  0x00007f4ecbfdec64: 48ba 2030 | a6a8 4e7f | 0000 4883 | 8258 0100 

  0x00007f4ecbfdec74: ;   {metadata(method data for {method} {0x00007f4ea85367f0} 'throwParameterIsNullNPE' '(Ljava/lang/String;)V' in 'kotlin/jvm/internal/Intrinsics')}
  0x00007f4ecbfdec74: 0001 48ba | d031 a6a8 | 4e7f 0000 | 8bb2 f400 | 0000 83c6 | 0289 b2f4 | 0000 0081 | e6fe ff1f 
  0x00007f4ecbfdec94: 0085 f60f | 847a 0d00 | 0066 6690 

  0x00007f4ecbfdeca0: ;   {no_reloc}
  0x00007f4ecbfdeca0: e9a2 0d00 | 0000 0000 | 0000 498b | 87b8 0100 | 0048 8d78 | 3049 3bbf | c801 0000 | 0f87 8f0d 
  0x00007f4ecbfdecc0: 0000 4989 | bfb8 0100 | 0048 c700 | 0100 0000 | 488b ca48 | c1e9 0389 | 4808 4833 | c989 480c 
  0x00007f4ecbfdece0: 4833 c948 | 8948 1048 | 8948 1848 | 8948 2048 

  0x00007f4ecbfdecf0: ;   {metadata(method data for {method} {0x00007f4ea85367f0} 'throwParameterIsNullNPE' '(Ljava/lang/String;)V' in 'kotlin/jvm/internal/Intrinsics')}
  0x00007f4ecbfdecf0: 8948 2848 | bed0 31a6 | a84e 7f00 | 0048 8386 | 3801 0000 

  0x00007f4ecbfded04: ;   {oop("exception"{0x00000000e067fae0})}
  0x00007f4ecbfded04: 0148 bee0 | fa67 e000 | 0000 0048 | 8984 24d8 

  0x00007f4ecbfded14: ;   {static_call}
  0x00007f4ecbfded14: 0000 00e8 

  0x00007f4ecbfded18: ; ImmutableOopMap {[168]=Oop [176]=Oop [208]=Oop [216]=Oop }
                      ;*invokestatic createParameterIsNullExceptionMessage {reexecute=0 rethrow=0 return_oop=0}
                      ; - kotlin.jvm.internal.Intrinsics::throwParameterIsNullNPE@5 (line 140)
                      ; - kotlin.jvm.internal.Intrinsics::checkNotNullParameter@5 (line 131)
                      ; - kotlin.ResultKt::createFailure@3
                      ; - kotlin.coroutines.jvm.internal.BaseContinuationImpl::resumeWith@76 (line 38)
  0x00007f4ecbfded18: 6474 fa06 

  0x00007f4ecbfded1c: ;   {other}
  0x00007f4ecbfded1c: 0f1f 8400 | 0c10 0006 | 488b 9424 | d800 0000 

  0x00007f4ecbfded2c: ;   {metadata(method data for {method} {0x00007f4ea85367f0} 'throwParameterIsNullNPE' '(Ljava/lang/String;)V' in 'kotlin/jvm/internal/Intrinsics')}
  0x00007f4ecbfded2c: 48be d031 | a6a8 4e7f | 0000 4883 | 8648 0100 | 0001 488b | d048 8bb4 | 24d8 0000 | 0066 0f1f 
  0x00007f4ecbfded4c: ;   {optimized virtual_call}
  0x00007f4ecbfded4c: 4400 00e8 

  0x00007f4ecbfded50: ; ImmutableOopMap {[168]=Oop [176]=Oop [208]=Oop [216]=Oop }
                      ;*invokespecial <init> {reexecute=0 rethrow=0 return_oop=0}
                      ; - kotlin.jvm.internal.Intrinsics::throwParameterIsNullNPE@8 (line 140)
                      ; - kotlin.jvm.internal.Intrinsics::checkNotNullParameter@5 (line 131)
                      ; - kotlin.ResultKt::createFailure@3
                      ; - kotlin.coroutines.jvm.internal.BaseContinuationImpl::resumeWith@76 (line 38)
  0x00007f4ecbfded50: 2c6a fa06 

  0x00007f4ecbfded54: ;   {other}
  0x00007f4ecbfded54: 0f1f 8400 | 4410 0007 

  0x00007f4ecbfded5c: ;   {metadata(method data for {method} {0x00007f4ea85367f0} 'throwParameterIsNullNPE' '(Ljava/lang/String;)V' in 'kotlin/jvm/internal/Intrinsics')}
  0x00007f4ecbfded5c: 48be d031 | a6a8 4e7f | 0000 4883 | 8658 0100 

  0x00007f4ecbfded6c: ;   {metadata(method data for {method} {0x00007f4ea8537868} 'sanitizeStackTrace' '(Ljava/lang/Throwable;)Ljava/lang/Throwable;' in 'kotlin/jvm/internal/Intrinsics')}
  0x00007f4ecbfded6c: 0001 48be | 0039 a6a8 | 4e7f 0000 | 8bbe f400 | 0000 83c7 | 0289 bef4 | 0000 0081 | e7fe ff1f 
  0x00007f4ecbfded8c: 0085 ff0f | 84c9 0c00 

  0x00007f4ecbfded94: ;   {oop(a 'java/lang/Class'{0x00000000e099b038} = 'kotlin/jvm/internal/Intrinsics')}
  0x00007f4ecbfded94: 0048 be38 | b099 e000 | 0000 0048 

  0x00007f4ecbfdeda0: ;   {metadata(method data for {method} {0x00007f4ea8537868} 'sanitizeStackTrace' '(Ljava/lang/Throwable;)Ljava/lang/Throwable;' in 'kotlin/jvm/internal/Intrinsics')}
  0x00007f4ecbfdeda0: 8bfe 48bb | 0039 a6a8 | 4e7f 0000 | 4883 8338 | 0100 0001 

  0x00007f4ecbfdedb4: ;   {metadata(method data for {method} {0x00007f4ea80164e8} 'getName' '()Ljava/lang/String;' in 'java/lang/Class')}
  0x00007f4ecbfdedb4: 48bf 10d5 | 45a8 4e7f | 0000 8b9f | f400 0000 | 83c3 0289 | 9ff4 0000 | 0081 e3fe | ff1f 0085 
  0x00007f4ecbfdedd4: db0f 84a4 | 0c00 008b | 762c 4885 

  0x00007f4ecbfdede0: ;   {metadata(method data for {method} {0x00007f4ea80164e8} 'getName' '()Ljava/lang/String;' in 'java/lang/Class')}
  0x00007f4ecbfdede0: f648 bf10 | d545 a84e | 7f00 0048 | c7c3 3801 | 0000 7407 | 48c7 c348 | 0100 0048 | 8b04 1f48 
  0x00007f4ecbfdee00: 8d40 0148 | 8904 1f0f | 8418 0000 

  0x00007f4ecbfdee0c: ;   {metadata(method data for {method} {0x00007f4ea80164e8} 'getName' '()Ljava/lang/String;' in 'java/lang/Class')}
  0x00007f4ecbfdee0c: 0048 bf10 | d545 a84e | 7f00 00ff | 8758 0100 | 0048 8bfe | e932 0000 

  0x00007f4ecbfdee24: ;   {oop(a 'java/lang/Class'{0x00000000e099b038} = 'kotlin/jvm/internal/Intrinsics')}
  0x00007f4ecbfdee24: 0048 be38 | b099 e000 | 0000 0048 

  0x00007f4ecbfdee30: ;   {metadata(method data for {method} {0x00007f4ea80164e8} 'getName' '()Ljava/lang/String;' in 'java/lang/Class')}
  0x00007f4ecbfdee30: 8bfe 48bb | 10d5 45a8 | 4e7f 0000 | 4883 8370 | 0100 0001 

  0x00007f4ecbfdee44: ;   {optimized virtual_call}
  0x00007f4ecbfdee44: 6666 90e8 

  0x00007f4ecbfdee48: ; ImmutableOopMap {[168]=Oop [176]=Oop [208]=Oop [216]=Oop }
                      ;*invokevirtual initClassName {reexecute=0 rethrow=0 return_oop=0}
                      ; - java.lang.Class::getName@14
                      ; - kotlin.jvm.internal.Intrinsics::sanitizeStackTrace@3 (line 253)
                      ; - kotlin.jvm.internal.Intrinsics::throwParameterIsNullNPE@11 (line 140)
                      ; - kotlin.jvm.internal.Intrinsics::checkNotNullParameter@5 (line 131)
                      ; - kotlin.ResultKt::createFailure@3
                      ; - kotlin.coroutines.jvm.internal.BaseContinuationImpl::resumeWith@76 (line 38)
  0x00007f4ecbfdee48: 3469 fa06 

  0x00007f4ecbfdee4c: ;   {other}
  0x00007f4ecbfdee4c: 0f1f 8400 | 3c11 0008 | 488b f848 | 8b84 24d8 | 0000 00e9 | ee06 0000 | 4889 bc24 | a800 0000 
  0x00007f4ecbfdee6c: 4889 9424 | e800 0000 

  0x00007f4ecbfdee74: ;   {metadata(method data for {method} {0x00007f4ea8535628} 'checkNotNull' '(Ljava/lang/Object;)V' in 'kotlin/jvm/internal/Intrinsics')}
  0x00007f4ecbfdee74: 48be 00f1 | 4ea9 4e7f | 0000 4883 | 8658 0100 

  0x00007f4ecbfdee84: ;   {metadata(method data for {method} {0x00007f4ea8535910} 'throwJavaNpe' '()V' in 'kotlin/jvm/internal/Intrinsics')}
  0x00007f4ecbfdee84: 0001 48be | d8f2 4ea9 | 4e7f 0000 | 8bbe f400 | 0000 83c7 | 0289 bef4 | 0000 0081 | e7fe ff1f 
  0x00007f4ecbfdeea4: 0085 ff0f | 84f8 0b00 | 0066 6690 

  0x00007f4ecbfdeeb0: ;   {no_reloc}
  0x00007f4ecbfdeeb0: e920 0c00 | 0000 0000 | 0000 498b | 87b8 0100 | 0048 8d78 | 3049 3bbf | c801 0000 | 0f87 0d0c 
  0x00007f4ecbfdeed0: 0000 4989 | bfb8 0100 | 0048 c700 | 0100 0000 | 488b ca48 | c1e9 0389 | 4808 4833 | c989 480c 
  0x00007f4ecbfdeef0: 4833 c948 | 8948 1048 | 8948 1848 | 8948 2048 | 8948 2848 

  0x00007f4ecbfdef04: ;   {metadata(method data for {method} {0x00007f4ea8535910} 'throwJavaNpe' '()V' in 'kotlin/jvm/internal/Intrinsics')}
  0x00007f4ecbfdef04: 8bf0 48bf | d8f2 4ea9 | 4e7f 0000 | 4883 8738 | 0100 0001 | 488b f048 | 8984 24e0 | 0000 000f 
  0x00007f4ecbfdef24: ;   {optimized virtual_call}
  0x00007f4ecbfdef24: 1f40 00e8 

  0x00007f4ecbfdef28: ; ImmutableOopMap {[168]=Oop [176]=Oop [224]=Oop [232]=Oop }
                      ;*invokespecial <init> {reexecute=0 rethrow=0 return_oop=0}
                      ; - kotlin.jvm.internal.Intrinsics::throwJavaNpe@4 (line 45)
                      ; - kotlin.jvm.internal.Intrinsics::checkNotNull@4 (line 25)
                      ; - kotlin.coroutines.jvm.internal.BaseContinuationImpl::resumeWith@31 (line 31)
  0x00007f4ecbfdef28: 5468 fa06 

  0x00007f4ecbfdef2c: ;   {other}
  0x00007f4ecbfdef2c: 0f1f 8400 | 1c12 0009 

  0x00007f4ecbfdef34: ;   {metadata(method data for {method} {0x00007f4ea8535910} 'throwJavaNpe' '()V' in 'kotlin/jvm/internal/Intrinsics')}
  0x00007f4ecbfdef34: 48be d8f2 | 4ea9 4e7f | 0000 4883 | 8648 0100 

  0x00007f4ecbfdef44: ;   {metadata(method data for {method} {0x00007f4ea8537868} 'sanitizeStackTrace' '(Ljava/lang/Throwable;)Ljava/lang/Throwable;' in 'kotlin/jvm/internal/Intrinsics')}
  0x00007f4ecbfdef44: 0001 48be | 0039 a6a8 | 4e7f 0000 | 8bbe f400 | 0000 83c7 | 0289 bef4 | 0000 0081 | e7fe ff1f 
  0x00007f4ecbfdef64: 0085 ff0f | 847f 0b00 

  0x00007f4ecbfdef6c: ;   {oop(a 'java/lang/Class'{0x00000000e099b038} = 'kotlin/jvm/internal/Intrinsics')}
  0x00007f4ecbfdef6c: 0048 be38 | b099 e000 | 0000 0048 

  0x00007f4ecbfdef78: ;   {metadata(method data for {method} {0x00007f4ea8537868} 'sanitizeStackTrace' '(Ljava/lang/Throwable;)Ljava/lang/Throwable;' in 'kotlin/jvm/internal/Intrinsics')}
  0x00007f4ecbfdef78: 8bfe 48bb | 0039 a6a8 | 4e7f 0000 | 4883 8338 | 0100 0001 

  0x00007f4ecbfdef8c: ;   {metadata(method data for {method} {0x00007f4ea80164e8} 'getName' '()Ljava/lang/String;' in 'java/lang/Class')}
  0x00007f4ecbfdef8c: 48bf 10d5 | 45a8 4e7f | 0000 8b9f | f400 0000 | 83c3 0289 | 9ff4 0000 | 0081 e3fe | ff1f 0085 
  0x00007f4ecbfdefac: db0f 845a | 0b00 008b | 762c 4885 

  0x00007f4ecbfdefb8: ;   {metadata(method data for {method} {0x00007f4ea80164e8} 'getName' '()Ljava/lang/String;' in 'java/lang/Class')}
  0x00007f4ecbfdefb8: f648 bf10 | d545 a84e | 7f00 0048 | c7c3 3801 | 0000 7407 | 48c7 c348 | 0100 0048 | 8b04 1f48 
  0x00007f4ecbfdefd8: 8d40 0148 | 8904 1f0f | 8418 0000 

  0x00007f4ecbfdefe4: ;   {metadata(method data for {method} {0x00007f4ea80164e8} 'getName' '()Ljava/lang/String;' in 'java/lang/Class')}
  0x00007f4ecbfdefe4: 0048 bf10 | d545 a84e | 7f00 00ff | 8758 0100 | 0048 8bfe | e932 0000 

  0x00007f4ecbfdeffc: ;   {oop(a 'java/lang/Class'{0x00000000e099b038} = 'kotlin/jvm/internal/Intrinsics')}
  0x00007f4ecbfdeffc: 0048 be38 | b099 e000 | 0000 0048 

  0x00007f4ecbfdf008: ;   {metadata(method data for {method} {0x00007f4ea80164e8} 'getName' '()Ljava/lang/String;' in 'java/lang/Class')}
  0x00007f4ecbfdf008: 8bfe 48bb | 10d5 45a8 | 4e7f 0000 | 4883 8370 | 0100 0001 

  0x00007f4ecbfdf01c: ;   {optimized virtual_call}
  0x00007f4ecbfdf01c: 6666 90e8 

  0x00007f4ecbfdf020: ; ImmutableOopMap {[168]=Oop [176]=Oop [224]=Oop [232]=Oop }
                      ;*invokevirtual initClassName {reexecute=0 rethrow=0 return_oop=0}
                      ; - java.lang.Class::getName@14
                      ; - kotlin.jvm.internal.Intrinsics::sanitizeStackTrace@3 (line 253)
                      ; - kotlin.jvm.internal.Intrinsics::throwJavaNpe@7 (line 45)
                      ; - kotlin.jvm.internal.Intrinsics::checkNotNull@4 (line 25)
                      ; - kotlin.coroutines.jvm.internal.BaseContinuationImpl::resumeWith@31 (line 31)
  0x00007f4ecbfdf020: 5c67 fa06 

  0x00007f4ecbfdf024: ;   {other}
  0x00007f4ecbfdf024: 0f1f 8400 | 1413 000a | 488b f848 | 8b84 24e0 | 0000 00e9 | 0604 0000 | 4889 9424 | e800 0000 
  0x00007f4ecbfdf044: 4889 b424 | f800 0000 

  0x00007f4ecbfdf04c: ;   {metadata(method data for {method} {0x00007f4ea8536670} 'checkNotNullParameter' '(Ljava/lang/Object;Ljava/lang/String;)V' in 'kotlin/jvm/internal/Intrinsics')}
  0x00007f4ecbfdf04c: 48ba 2030 | a6a8 4e7f | 0000 4883 | 8258 0100 

  0x00007f4ecbfdf05c: ;   {metadata(method data for {method} {0x00007f4ea85367f0} 'throwParameterIsNullNPE' '(Ljava/lang/String;)V' in 'kotlin/jvm/internal/Intrinsics')}
  0x00007f4ecbfdf05c: 0001 48ba | d031 a6a8 | 4e7f 0000 | 8bba f400 | 0000 83c7 | 0289 baf4 | 0000 0081 | e7fe ff1f 
  0x00007f4ecbfdf07c: 0085 ff0f | 84ae 0a00 | 0066 6690 

  0x00007f4ecbfdf088: ;   {no_reloc}
  0x00007f4ecbfdf088: e9d6 0a00 | 0000 0000 | 0000 498b | 87b8 0100 | 0048 8d78 | 3049 3bbf | c801 0000 | 0f87 c30a 
  0x00007f4ecbfdf0a8: 0000 4989 | bfb8 0100 | 0048 c700 | 0100 0000 | 488b ca48 | c1e9 0389 | 4808 4833 | c989 480c 
  0x00007f4ecbfdf0c8: 4833 c948 | 8948 1048 | 8948 1848 | 8948 2048 

  0x00007f4ecbfdf0d8: ;   {metadata(method data for {method} {0x00007f4ea85367f0} 'throwParameterIsNullNPE' '(Ljava/lang/String;)V' in 'kotlin/jvm/internal/Intrinsics')}
  0x00007f4ecbfdf0d8: 8948 2848 | bed0 31a6 | a84e 7f00 | 0048 8386 | 3801 0000 

  0x00007f4ecbfdf0ec: ;   {oop("frame"{0x00000000e0dedf70})}
  0x00007f4ecbfdf0ec: 0148 be70 | dfde e000 | 0000 0048 | 8984 24f0 

  0x00007f4ecbfdf0fc: ;   {static_call}
  0x00007f4ecbfdf0fc: 0000 00e8 

  0x00007f4ecbfdf100: ; ImmutableOopMap {[232]=Oop [240]=Oop [248]=Oop }
                      ;*invokestatic createParameterIsNullExceptionMessage {reexecute=0 rethrow=0 return_oop=0}
                      ; - kotlin.jvm.internal.Intrinsics::throwParameterIsNullNPE@5 (line 140)
                      ; - kotlin.jvm.internal.Intrinsics::checkNotNullParameter@5 (line 131)
                      ; - kotlin.coroutines.jvm.internal.DebugProbesKt::probeCoroutineResumed@3
                      ; - kotlin.coroutines.jvm.internal.BaseContinuationImpl::resumeWith@13 (line 29)
  0x00007f4ecbfdf100: 7c70 fa06 

  0x00007f4ecbfdf104: ;   {other}
  0x00007f4ecbfdf104: 0f1f 8400 | f413 000b | 488b 9424 | f000 0000 

  0x00007f4ecbfdf114: ;   {metadata(method data for {method} {0x00007f4ea85367f0} 'throwParameterIsNullNPE' '(Ljava/lang/String;)V' in 'kotlin/jvm/internal/Intrinsics')}
  0x00007f4ecbfdf114: 48be d031 | a6a8 4e7f | 0000 4883 | 8648 0100 | 0001 488b | d048 8bb4 | 24f0 0000 | 0066 0f1f 
  0x00007f4ecbfdf134: ;   {optimized virtual_call}
  0x00007f4ecbfdf134: 4400 00e8 

  0x00007f4ecbfdf138: ; ImmutableOopMap {[232]=Oop [240]=Oop [248]=Oop }
                      ;*invokespecial <init> {reexecute=0 rethrow=0 return_oop=0}
                      ; - kotlin.jvm.internal.Intrinsics::throwParameterIsNullNPE@8 (line 140)
                      ; - kotlin.jvm.internal.Intrinsics::checkNotNullParameter@5 (line 131)
                      ; - kotlin.coroutines.jvm.internal.DebugProbesKt::probeCoroutineResumed@3
                      ; - kotlin.coroutines.jvm.internal.BaseContinuationImpl::resumeWith@13 (line 29)
  0x00007f4ecbfdf138: 4466 fa06 

  0x00007f4ecbfdf13c: ;   {other}
  0x00007f4ecbfdf13c: 0f1f 8400 | 2c14 000c 

  0x00007f4ecbfdf144: ;   {metadata(method data for {method} {0x00007f4ea85367f0} 'throwParameterIsNullNPE' '(Ljava/lang/String;)V' in 'kotlin/jvm/internal/Intrinsics')}
  0x00007f4ecbfdf144: 48be d031 | a6a8 4e7f | 0000 4883 | 8658 0100 

  0x00007f4ecbfdf154: ;   {metadata(method data for {method} {0x00007f4ea8537868} 'sanitizeStackTrace' '(Ljava/lang/Throwable;)Ljava/lang/Throwable;' in 'kotlin/jvm/internal/Intrinsics')}
  0x00007f4ecbfdf154: 0001 48be | 0039 a6a8 | 4e7f 0000 | 8bbe f400 | 0000 83c7 | 0289 bef4 | 0000 0081 | e7fe ff1f 
  0x00007f4ecbfdf174: 0085 ff0f | 84fd 0900 

  0x00007f4ecbfdf17c: ;   {oop(a 'java/lang/Class'{0x00000000e099b038} = 'kotlin/jvm/internal/Intrinsics')}
  0x00007f4ecbfdf17c: 0048 be38 | b099 e000 | 0000 0048 

  0x00007f4ecbfdf188: ;   {metadata(method data for {method} {0x00007f4ea8537868} 'sanitizeStackTrace' '(Ljava/lang/Throwable;)Ljava/lang/Throwable;' in 'kotlin/jvm/internal/Intrinsics')}
  0x00007f4ecbfdf188: 8bfe 48bb | 0039 a6a8 | 4e7f 0000 | 4883 8338 | 0100 0001 

  0x00007f4ecbfdf19c: ;   {metadata(method data for {method} {0x00007f4ea80164e8} 'getName' '()Ljava/lang/String;' in 'java/lang/Class')}
  0x00007f4ecbfdf19c: 48bf 10d5 | 45a8 4e7f | 0000 8b9f | f400 0000 | 83c3 0289 | 9ff4 0000 | 0081 e3fe | ff1f 0085 
  0x00007f4ecbfdf1bc: db0f 84d8 | 0900 008b | 762c 4885 

  0x00007f4ecbfdf1c8: ;   {metadata(method data for {method} {0x00007f4ea80164e8} 'getName' '()Ljava/lang/String;' in 'java/lang/Class')}
  0x00007f4ecbfdf1c8: f648 bf10 | d545 a84e | 7f00 0048 | c7c3 3801 | 0000 7407 | 48c7 c348 | 0100 0048 | 8b04 1f48 
  0x00007f4ecbfdf1e8: 8d40 0148 | 8904 1f0f | 8418 0000 

  0x00007f4ecbfdf1f4: ;   {metadata(method data for {method} {0x00007f4ea80164e8} 'getName' '()Ljava/lang/String;' in 'java/lang/Class')}
  0x00007f4ecbfdf1f4: 0048 bf10 | d545 a84e | 7f00 00ff | 8758 0100 | 0048 8bfe | e932 0000 

  0x00007f4ecbfdf20c: ;   {oop(a 'java/lang/Class'{0x00000000e099b038} = 'kotlin/jvm/internal/Intrinsics')}
  0x00007f4ecbfdf20c: 0048 be38 | b099 e000 | 0000 0048 

  0x00007f4ecbfdf218: ;   {metadata(method data for {method} {0x00007f4ea80164e8} 'getName' '()Ljava/lang/String;' in 'java/lang/Class')}
  0x00007f4ecbfdf218: 8bfe 48bb | 10d5 45a8 | 4e7f 0000 | 4883 8370 | 0100 0001 

  0x00007f4ecbfdf22c: ;   {optimized virtual_call}
  0x00007f4ecbfdf22c: 6666 90e8 

  0x00007f4ecbfdf230: ; ImmutableOopMap {[232]=Oop [240]=Oop [248]=Oop }
                      ;*invokevirtual initClassName {reexecute=0 rethrow=0 return_oop=0}
                      ; - java.lang.Class::getName@14
                      ; - kotlin.jvm.internal.Intrinsics::sanitizeStackTrace@3 (line 253)
                      ; - kotlin.jvm.internal.Intrinsics::throwParameterIsNullNPE@11 (line 140)
                      ; - kotlin.jvm.internal.Intrinsics::checkNotNullParameter@5 (line 131)
                      ; - kotlin.coroutines.jvm.internal.DebugProbesKt::probeCoroutineResumed@3
                      ; - kotlin.coroutines.jvm.internal.BaseContinuationImpl::resumeWith@13 (line 29)
  0x00007f4ecbfdf230: 4c65 fa06 

  0x00007f4ecbfdf234: ;   {other}
  0x00007f4ecbfdf234: 0f1f 8400 | 2415 000d | 488b f848 | 8b84 24f0 | 0000 00e9 | e400 0000 | 488b 8424 | b800 0000 
  0x00007f4ecbfdf254: ; implicit exception: dispatches to 0x00007f4ecbfdfbc1
  0x00007f4ecbfdf254: 483b 0348 

  0x00007f4ecbfdf258: ;   {metadata(method data for {method} {0x00007f4ea884f740} 'resumeWith' '(Ljava/lang/Object;)V' in 'kotlin/coroutines/jvm/internal/BaseContinuationImpl')}
  0x00007f4ecbfdf258: 8bd3 48be | b885 4cab | 4e7f 0000 | 8b52 0848 | c1e2 0348 | 3b96 3003 | 0000 750d | 4883 8638 
  0x00007f4ecbfdf278: 0300 0001 | e960 0000 | 0048 3b96 | 4003 0000 | 750d 4883 | 8648 0300 | 0001 e94a | 0000 0048 
  0x00007f4ecbfdf298: 83be 3003 | 0000 0075 | 1748 8996 | 3003 0000 | 48c7 8638 | 0300 0001 | 0000 00e9 | 2900 0000 
  0x00007f4ecbfdf2b8: 4883 be40 | 0300 0000 | 7517 4889 | 9640 0300 | 0048 c786 | 4803 0000 | 0100 0000 | e908 0000 
  0x00007f4ecbfdf2d8: 0048 8386 | 2003 0000 | 0148 8bd0 | 488b f366 | 0f1f 4400 | 0048 b800 | 8b31 b44e 

  0x00007f4ecbfdf2f4: ;   {virtual_call}
  0x00007f4ecbfdf2f4: 7f00 00e8 

  0x00007f4ecbfdf2f8: ; ImmutableOopMap {}
                      ;*invokeinterface resumeWith {reexecute=0 rethrow=0 return_oop=0}
                      ; - kotlin.coroutines.jvm.internal.BaseContinuationImpl::resumeWith@114 (line 47)
  0x00007f4ecbfdf2f8: ac24 0807 

  0x00007f4ecbfdf2fc: ;   {other}
  0x00007f4ecbfdf2fc: 0f1f 8400 | ec15 000e | 4881 c410 | 0100 005d 

  0x00007f4ecbfdf30c: ;   {poll_return}
  0x00007f4ecbfdf30c: 493b a750 | 0400 000f | 87ad 0800 | 00c3 4881 | c410 0100 

  0x00007f4ecbfdf320: ;   {poll_return}
  0x00007f4ecbfdf320: 005d 493b | a750 0400 | 000f 87ad | 0800 00c3 

  0x00007f4ecbfdf330: ;   {metadata(method data for {method} {0x00007f4ea8537868} 'sanitizeStackTrace' '(Ljava/lang/Throwable;)Ljava/lang/Throwable;' in 'kotlin/jvm/internal/Intrinsics')}
  0x00007f4ecbfdf330: 48be 0039 | a6a8 4e7f | 0000 4883 | 8670 0100 | 0001 488b | f048 8bd7 | 0f1f 8000 

  0x00007f4ecbfdf34c: ;   {static_call}
  0x00007f4ecbfdf34c: 0000 00e8 

  0x00007f4ecbfdf350: ; ImmutableOopMap {[232]=Oop [248]=Oop }
                      ;*invokestatic sanitizeStackTrace {reexecute=0 rethrow=0 return_oop=0}
                      ; - kotlin.jvm.internal.Intrinsics::sanitizeStackTrace@6 (line 253)
                      ; - kotlin.jvm.internal.Intrinsics::throwParameterIsNullNPE@11 (line 140)
                      ; - kotlin.jvm.internal.Intrinsics::checkNotNullParameter@5 (line 131)
                      ; - kotlin.coroutines.jvm.internal.DebugProbesKt::probeCoroutineResumed@3
                      ; - kotlin.coroutines.jvm.internal.BaseContinuationImpl::resumeWith@13 (line 29)
  0x00007f4ecbfdf350: 2c6e fa06 

  0x00007f4ecbfdf354: ;   {other}
  0x00007f4ecbfdf354: 0f1f 8400 | 4416 000f | 488b b424 | f800 0000 | 4885 c075 

  0x00007f4ecbfdf368: ;   {metadata(method data for {method} {0x00007f4ea85367f0} 'throwParameterIsNullNPE' '(Ljava/lang/String;)V' in 'kotlin/jvm/internal/Intrinsics')}
  0x00007f4ecbfdf368: 1648 bfd0 | 31a6 a84e | 7f00 0080 | 8f61 0100 | 0001 e9bb 

  0x00007f4ecbfdf37c: ;   {metadata('java/lang/NullPointerException')}
  0x00007f4ecbfdf37c: 0000 0048 | bba0 b705 | 0001 0000 | 008b 7808 | 48c1 e703 | 483b 5f50 | 0f85 8400 

  0x00007f4ecbfdf398: ;   {metadata(method data for {method} {0x00007f4ea85367f0} 'throwParameterIsNullNPE' '(Ljava/lang/String;)V' in 'kotlin/jvm/internal/Intrinsics')}
  0x00007f4ecbfdf398: 0000 48bf | d031 a6a8 | 4e7f 0000 | 8b58 0848 | c1e3 0348 | 3b9f 7801 | 0000 750d | 4883 8780 
  0x00007f4ecbfdf3b8: 0100 0001 | e979 0000 | 0048 3b9f | 8801 0000 | 750d 4883 | 8790 0100 | 0001 e963 | 0000 0048 
  0x00007f4ecbfdf3d8: 83bf 7801 | 0000 0075 | 1748 899f | 7801 0000 | 48c7 8780 | 0100 0001 | 0000 00e9 | 4200 0000 
  0x00007f4ecbfdf3f8: 4883 bf88 | 0100 0000 | 7517 4889 | 9f88 0100 | 0048 c787 | 9001 0000 | 0100 0000 | e921 0000 
  0x00007f4ecbfdf418: 00e9 1c00 

  0x00007f4ecbfdf41c: ;   {metadata(method data for {method} {0x00007f4ea85367f0} 'throwParameterIsNullNPE' '(Ljava/lang/String;)V' in 'kotlin/jvm/internal/Intrinsics')}
  0x00007f4ecbfdf41c: 0000 48bf | d031 a6a8 | 4e7f 0000 | 4883 af68 | 0100 0001 | e9bd 0700 | 00e9 0000 | 0000 483b 
  0x00007f4ecbfdf43c: 00e9 0508 

  0x00007f4ecbfdf440: ;   {metadata(method data for {method} {0x00007f4ea8537868} 'sanitizeStackTrace' '(Ljava/lang/Throwable;)Ljava/lang/Throwable;' in 'kotlin/jvm/internal/Intrinsics')}
  0x00007f4ecbfdf440: 0000 48be | 0039 a6a8 | 4e7f 0000 | 4883 8670 | 0100 0001 | 488b f048 | 8bd7 0f1f 

  0x00007f4ecbfdf45c: ;   {static_call}
  0x00007f4ecbfdf45c: 4400 00e8 

  0x00007f4ecbfdf460: ; ImmutableOopMap {[168]=Oop [176]=Oop [232]=Oop }
                      ;*invokestatic sanitizeStackTrace {reexecute=0 rethrow=0 return_oop=0}
                      ; - kotlin.jvm.internal.Intrinsics::sanitizeStackTrace@6 (line 253)
                      ; - kotlin.jvm.internal.Intrinsics::throwJavaNpe@7 (line 45)
                      ; - kotlin.jvm.internal.Intrinsics::checkNotNull@4 (line 25)
                      ; - kotlin.coroutines.jvm.internal.BaseContinuationImpl::resumeWith@31 (line 31)
  0x00007f4ecbfdf460: 1c6d fa06 

  0x00007f4ecbfdf464: ;   {other}
  0x00007f4ecbfdf464: 0f1f 8400 | 5417 0010 | 488b 9424 | e800 0000 | 4885 c075 

  0x00007f4ecbfdf478: ;   {metadata(method data for {method} {0x00007f4ea8535910} 'throwJavaNpe' '()V' in 'kotlin/jvm/internal/Intrinsics')}
  0x00007f4ecbfdf478: 1648 bfd8 | f24e a94e | 7f00 0080 | 8f51 0100 | 0001 e9bb 

  0x00007f4ecbfdf48c: ;   {metadata('java/lang/NullPointerException')}
  0x00007f4ecbfdf48c: 0000 0048 | bba0 b705 | 0001 0000 | 008b 7808 | 48c1 e703 | 483b 5f50 | 0f85 8400 

  0x00007f4ecbfdf4a8: ;   {metadata(method data for {method} {0x00007f4ea8535910} 'throwJavaNpe' '()V' in 'kotlin/jvm/internal/Intrinsics')}
  0x00007f4ecbfdf4a8: 0000 48bf | d8f2 4ea9 | 4e7f 0000 | 8b58 0848 | c1e3 0348 | 3b9f 6801 | 0000 750d | 4883 8770 
  0x00007f4ecbfdf4c8: 0100 0001 | e979 0000 | 0048 3b9f | 7801 0000 | 750d 4883 | 8780 0100 | 0001 e963 | 0000 0048 
  0x00007f4ecbfdf4e8: 83bf 6801 | 0000 0075 | 1748 899f | 6801 0000 | 48c7 8770 | 0100 0001 | 0000 00e9 | 4200 0000 
  0x00007f4ecbfdf508: 4883 bf78 | 0100 0000 | 7517 4889 | 9f78 0100 | 0048 c787 | 8001 0000 | 0100 0000 | e921 0000 
  0x00007f4ecbfdf528: 00e9 1c00 

  0x00007f4ecbfdf52c: ;   {metadata(method data for {method} {0x00007f4ea8535910} 'throwJavaNpe' '()V' in 'kotlin/jvm/internal/Intrinsics')}
  0x00007f4ecbfdf52c: 0000 48bf | d8f2 4ea9 | 4e7f 0000 | 4883 af58 | 0100 0001 | e9bb 0600 | 00e9 0000 | 0000 483b 
  0x00007f4ecbfdf54c: 00e9 f506 

  0x00007f4ecbfdf550: ;   {metadata(method data for {method} {0x00007f4ea8537868} 'sanitizeStackTrace' '(Ljava/lang/Throwable;)Ljava/lang/Throwable;' in 'kotlin/jvm/internal/Intrinsics')}
  0x00007f4ecbfdf550: 0000 48be | 0039 a6a8 | 4e7f 0000 | 4883 8670 | 0100 0001 | 488b f048 | 8bd7 0f1f 

  0x00007f4ecbfdf56c: ;   {static_call}
  0x00007f4ecbfdf56c: 4400 00e8 

  0x00007f4ecbfdf570: ; ImmutableOopMap {[168]=Oop [176]=Oop [208]=Oop }
                      ;*invokestatic sanitizeStackTrace {reexecute=0 rethrow=0 return_oop=0}
                      ; - kotlin.jvm.internal.Intrinsics::sanitizeStackTrace@6 (line 253)
                      ; - kotlin.jvm.internal.Intrinsics::throwParameterIsNullNPE@11 (line 140)
                      ; - kotlin.jvm.internal.Intrinsics::checkNotNullParameter@5 (line 131)
                      ; - kotlin.ResultKt::createFailure@3
                      ; - kotlin.coroutines.jvm.internal.BaseContinuationImpl::resumeWith@76 (line 38)
  0x00007f4ecbfdf570: 0c6c fa06 

  0x00007f4ecbfdf574: ;   {other}
  0x00007f4ecbfdf574: 0f1f 8400 | 6418 0011 | 4885 c075 

  0x00007f4ecbfdf580: ;   {metadata(method data for {method} {0x00007f4ea85367f0} 'throwParameterIsNullNPE' '(Ljava/lang/String;)V' in 'kotlin/jvm/internal/Intrinsics')}
  0x00007f4ecbfdf580: 1648 bad0 | 31a6 a84e | 7f00 0080 | 8a61 0100 | 0001 e9bb 

  0x00007f4ecbfdf594: ;   {metadata('java/lang/NullPointerException')}
  0x00007f4ecbfdf594: 0000 0048 | bfa0 b705 | 0001 0000 | 008b 5008 | 48c1 e203 | 483b 7a50 | 0f85 8400 

  0x00007f4ecbfdf5b0: ;   {metadata(method data for {method} {0x00007f4ea85367f0} 'throwParameterIsNullNPE' '(Ljava/lang/String;)V' in 'kotlin/jvm/internal/Intrinsics')}
  0x00007f4ecbfdf5b0: 0000 48ba | d031 a6a8 | 4e7f 0000 | 8b78 0848 | c1e7 0348 | 3bba 7801 | 0000 750d | 4883 8280 
  0x00007f4ecbfdf5d0: 0100 0001 | e979 0000 | 0048 3bba | 8801 0000 | 750d 4883 | 8290 0100 | 0001 e963 | 0000 0048 
  0x00007f4ecbfdf5f0: 83ba 7801 | 0000 0075 | 1748 89ba | 7801 0000 | 48c7 8280 | 0100 0001 | 0000 00e9 | 4200 0000 
  0x00007f4ecbfdf610: 4883 ba88 | 0100 0000 | 7517 4889 | ba88 0100 | 0048 c782 | 9001 0000 | 0100 0000 | e921 0000 
  0x00007f4ecbfdf630: 00e9 1c00 

  0x00007f4ecbfdf634: ;   {metadata(method data for {method} {0x00007f4ea85367f0} 'throwParameterIsNullNPE' '(Ljava/lang/String;)V' in 'kotlin/jvm/internal/Intrinsics')}
  0x00007f4ecbfdf634: 0000 48ba | d031 a6a8 | 4e7f 0000 | 4883 aa68 | 0100 0001 | e9c1 0500 | 00e9 0000 | 0000 483b 
  0x00007f4ecbfdf654: 00e9 ed05 

  0x00007f4ecbfdf658: ;   {metadata(method data for {method} {0x00007f4ea8537868} 'sanitizeStackTrace' '(Ljava/lang/Throwable;)Ljava/lang/Throwable;' in 'kotlin/jvm/internal/Intrinsics')}
  0x00007f4ecbfdf658: 0000 48be | 0039 a6a8 | 4e7f 0000 | 4883 8670 | 0100 0001 | 488b f048 | 8bd7 0f1f 

  0x00007f4ecbfdf674: ;   {static_call}
  0x00007f4ecbfdf674: 4400 00e8 

  0x00007f4ecbfdf678: ; ImmutableOopMap {[168]=Oop [176]=Oop [200]=Oop [208]=Oop }
                      ;*invokestatic sanitizeStackTrace {reexecute=0 rethrow=0 return_oop=0}
                      ; - kotlin.jvm.internal.Intrinsics::sanitizeStackTrace@6 (line 253)
                      ; - kotlin.jvm.internal.Intrinsics::throwParameterIsNullNPE@11 (line 140)
                      ; - kotlin.jvm.internal.Intrinsics::checkNotNullParameter@5 (line 131)
                      ; - kotlin.Result$Failure::<init>@3
                      ; - kotlin.ResultKt::createFailure@11 (line 122)
                      ; - kotlin.coroutines.jvm.internal.BaseContinuationImpl::resumeWith@76 (line 38)
  0x00007f4ecbfdf678: 046b fa06 

  0x00007f4ecbfdf67c: ;   {other}
  0x00007f4ecbfdf67c: 0f1f 8400 | 6c19 0012 | 488b bc24 | c800 0000 | 488b b424 | d000 0000 | 488b 9c24 | b000 0000 
  0x00007f4ecbfdf69c: 488b 9424 | a800 0000 | 4885 c075 

  0x00007f4ecbfdf6a8: ;   {metadata(method data for {method} {0x00007f4ea85367f0} 'throwParameterIsNullNPE' '(Ljava/lang/String;)V' in 'kotlin/jvm/internal/Intrinsics')}
  0x00007f4ecbfdf6a8: 1749 b8d0 | 31a6 a84e | 7f00 0041 | 8088 6101 | 0000 01e9 | bd00 0000 

  0x00007f4ecbfdf6c0: ;   {metadata('java/lang/NullPointerException')}
  0x00007f4ecbfdf6c0: 49b9 a0b7 | 0500 0100 | 0000 448b | 4008 49c1 | e003 4d3b | 4850 0f85 | 8500 0000 

  0x00007f4ecbfdf6dc: ;   {metadata(method data for {method} {0x00007f4ea85367f0} 'throwParameterIsNullNPE' '(Ljava/lang/String;)V' in 'kotlin/jvm/internal/Intrinsics')}
  0x00007f4ecbfdf6dc: 49b8 d031 | a6a8 4e7f | 0000 448b | 4808 49c1 | e103 4d3b | 8878 0100 | 0075 0d49 | 8380 8001 
  0x00007f4ecbfdf6fc: 0000 01e9 | 7900 0000 | 4d3b 8888 | 0100 0075 | 0d49 8380 | 9001 0000 | 01e9 6300 | 0000 4983 
  0x00007f4ecbfdf71c: b878 0100 | 0000 7517 | 4d89 8878 | 0100 0049 | c780 8001 | 0000 0100 | 0000 e942 | 0000 0049 
  0x00007f4ecbfdf73c: 83b8 8801 | 0000 0075 | 174d 8988 | 8801 0000 | 49c7 8090 | 0100 0001 | 0000 00e9 | 2100 0000 
  0x00007f4ecbfdf75c: e91c 0000 

  0x00007f4ecbfdf760: ;   {metadata(method data for {method} {0x00007f4ea85367f0} 'throwParameterIsNullNPE' '(Ljava/lang/String;)V' in 'kotlin/jvm/internal/Intrinsics')}
  0x00007f4ecbfdf760: 0049 b8d0 | 31a6 a84e | 7f00 0049 | 83a8 6801 | 0000 01e9 | a404 0000 | e900 0000 | 0048 3b00 
  0x00007f4ecbfdf780: e9c2 0400 

  0x00007f4ecbfdf784: ;   {metadata({method} {0x00007f4ea884f740} 'resumeWith' '(Ljava/lang/Object;)V' in 'kotlin/coroutines/jvm/internal/BaseContinuationImpl')}
  0x00007f4ecbfdf784: 0049 ba40 | f784 a84e | 7f00 004c | 8954 2408 | 48c7 0424 | ffff ffff 

  0x00007f4ecbfdf79c: ;   {runtime_call counter_overflow Runtime1 stub}
  0x00007f4ecbfdf79c: e8df 7307 

  0x00007f4ecbfdf7a0: ; ImmutableOopMap {rsi=Oop rdx=Oop }
                      ;*synchronization entry
                      ; - kotlin.coroutines.jvm.internal.BaseContinuationImpl::resumeWith@-1 (line 24)
  0x00007f4ecbfdf7a0: 07e9 e0e9 | ffff 4889 

  0x00007f4ecbfdf7a8: ;   {runtime_call throw_class_cast_exception Runtime1 stub}
  0x00007f4ecbfdf7a8: 3424 e871 

  0x00007f4ecbfdf7ac: ; ImmutableOopMap {rdx=Oop rsi=Oop }
                      ;*checkcast {reexecute=0 rethrow=0 return_oop=0}
                      ; - kotlin.coroutines.jvm.internal.BaseContinuationImpl::resumeWith@10 (line 29)
                      ;   {metadata({method} {0x00007f4ea885a4c0} 'probeCoroutineResumed' '(Lkotlin/coroutines/Continuation;)V' in 'kotlin/coroutines/jvm/internal/DebugProbesKt')}
  0x00007f4ecbfdf7ac: 3f07 0749 | bac0 a485 | a84e 7f00 | 004c 8954 | 2408 48c7 | 0424 ffff 

  0x00007f4ecbfdf7c4: ;   {runtime_call counter_overflow Runtime1 stub}
  0x00007f4ecbfdf7c4: ffff e8b5 

  0x00007f4ecbfdf7c8: ; ImmutableOopMap {rdx=Oop rsi=Oop rdi=Oop }
                      ;*synchronization entry
                      ; - kotlin.coroutines.jvm.internal.DebugProbesKt::probeCoroutineResumed@-1
                      ; - kotlin.coroutines.jvm.internal.BaseContinuationImpl::resumeWith@13 (line 29)
  0x00007f4ecbfdf7c8: 7307 07e9 | e3ea ffff 

  0x00007f4ecbfdf7d0: ;   {metadata({method} {0x00007f4ea8536670} 'checkNotNullParameter' '(Ljava/lang/Object;Ljava/lang/String;)V' in 'kotlin/jvm/internal/Intrinsics')}
  0x00007f4ecbfdf7d0: 49ba 7066 | 53a8 4e7f | 0000 4c89 | 5424 0848 | c704 24ff 

  0x00007f4ecbfdf7e4: ;   {runtime_call counter_overflow Runtime1 stub}
  0x00007f4ecbfdf7e4: ffff ffe8 

  0x00007f4ecbfdf7e8: ; ImmutableOopMap {rdx=Oop rsi=Oop rdi=Oop }
                      ;*synchronization entry
                      ; - kotlin.jvm.internal.Intrinsics::checkNotNullParameter@-1 (line 130)
                      ; - kotlin.coroutines.jvm.internal.DebugProbesKt::probeCoroutineResumed@3
                      ; - kotlin.coroutines.jvm.internal.BaseContinuationImpl::resumeWith@13 (line 29)
  0x00007f4ecbfdf7e8: 9473 0707 | e9fa eaff | ff48 8934 

  0x00007f4ecbfdf7f4: ;   {runtime_call throw_class_cast_exception Runtime1 stub}
  0x00007f4ecbfdf7f4: 24e8 263f 

  0x00007f4ecbfdf7f8: ; ImmutableOopMap {rdx=Oop }
                      ;*checkcast {reexecute=0 rethrow=0 return_oop=0}
                      ; - kotlin.coroutines.jvm.internal.BaseContinuationImpl::resumeWith@17 (line 30)
                      ;   {runtime_call throw_null_pointer_exception Runtime1 stub}
  0x00007f4ecbfdf7f8: 0707 e821 

  0x00007f4ecbfdf7fc: ; ImmutableOopMap {rdx=Oop rdi=Oop }
                      ;*getfield completion {reexecute=1 rethrow=0 return_oop=0}
                      ; - (reexecute) kotlin.coroutines.jvm.internal.BaseContinuationImpl::resumeWith@27 (line 31)
                      ;   {metadata({method} {0x00007f4ea8535628} 'checkNotNull' '(Ljava/lang/Object;)V' in 'kotlin/jvm/internal/Intrinsics')}
  0x00007f4ecbfdf7fc: 1707 0749 | ba28 5653 | a84e 7f00 | 004c 8954 | 2408 48c7 | 0424 ffff 

  0x00007f4ecbfdf814: ;   {runtime_call counter_overflow Runtime1 stub}
  0x00007f4ecbfdf814: ffff e865 

  0x00007f4ecbfdf818: ; ImmutableOopMap {rdx=Oop rdi=Oop rbx=Oop [176]=Oop }
                      ;*synchronization entry
                      ; - kotlin.jvm.internal.Intrinsics::checkNotNull@-1 (line 24)
                      ; - kotlin.coroutines.jvm.internal.BaseContinuationImpl::resumeWith@31 (line 31)
  0x00007f4ecbfdf818: 7307 07e9 | 16ec ffff 

  0x00007f4ecbfdf820: ;   {metadata({method} {0x00007f4ea885e4f8} 'getCOROUTINE_SUSPENDED' '()Ljava/lang/Object;' in 'kotlin/coroutines/intrinsics/IntrinsicsKt__IntrinsicsKt')}
  0x00007f4ecbfdf820: 49ba f8e4 | 85a8 4e7f | 0000 4c89 | 5424 0848 | c704 24ff 

  0x00007f4ecbfdf834: ;   {runtime_call counter_overflow Runtime1 stub}
  0x00007f4ecbfdf834: ffff ffe8 

  0x00007f4ecbfdf838: ; ImmutableOopMap {rax=Oop [168]=Oop [176]=Oop }
                      ;*synchronization entry
                      ; - kotlin.coroutines.intrinsics.IntrinsicsKt__IntrinsicsKt::getCOROUTINE_SUSPENDED@-1 (line 57)
                      ; - kotlin.coroutines.jvm.internal.BaseContinuationImpl::resumeWith@47 (line 35)
  0x00007f4ecbfdf838: 4473 0707 | e90c edff 

  0x00007f4ecbfdf840: ;   {metadata({method} {0x00007f4ea8602e50} 'constructor-impl' '(Ljava/lang/Object;)Ljava/lang/Object;' in 'kotlin/Result')}
  0x00007f4ecbfdf840: ff49 ba50 | 2e60 a84e | 7f00 004c | 8954 2408 | 48c7 0424 | ffff ffff 

  0x00007f4ecbfdf858: ;   {runtime_call counter_overflow Runtime1 stub}
  0x00007f4ecbfdf858: e823 7307 

  0x00007f4ecbfdf85c: ; ImmutableOopMap {rax=Oop [168]=Oop [176]=Oop }
                      ;*synchronization entry
                      ; - kotlin.Result::constructor-impl@-1
                      ; - kotlin.coroutines.jvm.internal.BaseContinuationImpl::resumeWith@60 (line 36)
  0x00007f4ecbfdf85c: 07e9 5ded 

  0x00007f4ecbfdf860: ;   {metadata({method} {0x00007f4ea887d960} 'createFailure' '(Ljava/lang/Throwable;)Ljava/lang/Object;' in 'kotlin/ResultKt')}
  0x00007f4ecbfdf860: ffff 49ba | 60d9 87a8 | 4e7f 0000 | 4c89 5424 | 0848 c704 | 24ff ffff 

  0x00007f4ecbfdf878: ;   {runtime_call counter_overflow Runtime1 stub}
  0x00007f4ecbfdf878: ffe8 0273 

  0x00007f4ecbfdf87c: ; ImmutableOopMap {rax=Oop [168]=Oop [176]=Oop }
                      ;*synchronization entry
                      ; - kotlin.ResultKt::createFailure@-1
                      ; - kotlin.coroutines.jvm.internal.BaseContinuationImpl::resumeWith@76 (line 38)
  0x00007f4ecbfdf87c: 0707 e9a5 

  0x00007f4ecbfdf880: ;   {metadata({method} {0x00007f4ea8536670} 'checkNotNullParameter' '(Ljava/lang/Object;Ljava/lang/String;)V' in 'kotlin/jvm/internal/Intrinsics')}
  0x00007f4ecbfdf880: edff ff49 | ba70 6653 | a84e 7f00 | 004c 8954 | 2408 48c7 | 0424 ffff 

  0x00007f4ecbfdf898: ;   {runtime_call counter_overflow Runtime1 stub}
  0x00007f4ecbfdf898: ffff e8e1 

  0x00007f4ecbfdf89c: ; ImmutableOopMap {rax=Oop [168]=Oop [176]=Oop }
                      ;*synchronization entry
                      ; - kotlin.jvm.internal.Intrinsics::checkNotNullParameter@-1 (line 130)
                      ; - kotlin.ResultKt::createFailure@3
                      ; - kotlin.coroutines.jvm.internal.BaseContinuationImpl::resumeWith@76 (line 38)
  0x00007f4ecbfdf89c: 7207 07e9 | bded ffff 

  0x00007f4ecbfdf8a4: ;   {runtime_call fast_new_instance Runtime1 stub}
  0x00007f4ecbfdf8a4: 488b d2e8 

  0x00007f4ecbfdf8a8: ; ImmutableOopMap {rbx=Oop [168]=Oop [176]=Oop }
                      ;*new {reexecute=0 rethrow=0 return_oop=0}
                      ; - kotlin.ResultKt::createFailure@6 (line 122)
                      ; - kotlin.coroutines.jvm.internal.BaseContinuationImpl::resumeWith@76 (line 38)
  0x00007f4ecbfdf8a8: 5420 0707 | e925 eeff 

  0x00007f4ecbfdf8b0: ;   {metadata({method} {0x00007f4ea862b830} '<init>' '(Ljava/lang/Throwable;)V' in 'kotlin/Result$Failure')}
  0x00007f4ecbfdf8b0: ff49 ba30 | b862 a84e | 7f00 004c | 8954 2408 | 48c7 0424 | ffff ffff 

  0x00007f4ecbfdf8c8: ;   {runtime_call counter_overflow Runtime1 stub}
  0x00007f4ecbfdf8c8: e8b3 7207 

  0x00007f4ecbfdf8cc: ; ImmutableOopMap {rbx=Oop rax=Oop [168]=Oop [176]=Oop }
                      ;*synchronization entry
                      ; - kotlin.Result$Failure::<init>@-1
                      ; - kotlin.ResultKt::createFailure@11 (line 122)
                      ; - kotlin.coroutines.jvm.internal.BaseContinuationImpl::resumeWith@76 (line 38)
  0x00007f4ecbfdf8cc: 07e9 40ee 

  0x00007f4ecbfdf8d0: ;   {metadata({method} {0x00007f4ea8536670} 'checkNotNullParameter' '(Ljava/lang/Object;Ljava/lang/String;)V' in 'kotlin/jvm/internal/Intrinsics')}
  0x00007f4ecbfdf8d0: ffff 49ba | 7066 53a8 | 4e7f 0000 | 4c89 5424 | 0848 c704 | 24ff ffff 

  0x00007f4ecbfdf8e8: ;   {runtime_call counter_overflow Runtime1 stub}
  0x00007f4ecbfdf8e8: ffe8 9272 

  0x00007f4ecbfdf8ec: ; ImmutableOopMap {rbx=Oop rax=Oop [168]=Oop [176]=Oop }
                      ;*synchronization entry
                      ; - kotlin.jvm.internal.Intrinsics::checkNotNullParameter@-1 (line 130)
                      ; - kotlin.Result$Failure::<init>@3
                      ; - kotlin.ResultKt::createFailure@11 (line 122)
                      ; - kotlin.coroutines.jvm.internal.BaseContinuationImpl::resumeWith@76 (line 38)
  0x00007f4ecbfdf8ec: 0707 e958 

  0x00007f4ecbfdf8f0: ;   {metadata({method} {0x00007f4ea8000630} '<init>' '()V' in 'java/lang/Object')}
  0x00007f4ecbfdf8f0: eeff ff49 | ba30 0600 | a84e 7f00 | 004c 8954 | 2408 48c7 | 0424 ffff 

  0x00007f4ecbfdf908: ;   {runtime_call counter_overflow Runtime1 stub}
  0x00007f4ecbfdf908: ffff e871 

  0x00007f4ecbfdf90c: ; ImmutableOopMap {rbx=Oop rax=Oop [168]=Oop [176]=Oop }
                      ;*synchronization entry
                      ; - java.lang.Object::<init>@-1
                      ; - kotlin.Result$Failure::<init>@7 (line 105)
                      ; - kotlin.ResultKt::createFailure@11 (line 122)
                      ; - kotlin.coroutines.jvm.internal.BaseContinuationImpl::resumeWith@76 (line 38)
  0x00007f4ecbfdf90c: 7207 07e9 | a2ee ffff | 8b70 0c48 | 83fe 000f | 84a2 eeff | ff48 8934 

  0x00007f4ecbfdf924: ;   {runtime_call g1_pre_barrier_slow}
  0x00007f4ecbfdf924: 24e8 5679 | 0707 e994 | eeff ff48 | 83fb 000f | 84a5 eeff | ff48 8904 

  0x00007f4ecbfdf93c: ;   {runtime_call g1_post_barrier_slow}
  0x00007f4ecbfdf93c: 24e8 be7c | 0707 e997 

  0x00007f4ecbfdf944: ;   {metadata({method} {0x00007f4ea8602e50} 'constructor-impl' '(Ljava/lang/Object;)Ljava/lang/Object;' in 'kotlin/Result')}
  0x00007f4ecbfdf944: eeff ff49 | ba50 2e60 | a84e 7f00 | 004c 8954 | 2408 48c7 | 0424 ffff 

  0x00007f4ecbfdf95c: ;   {runtime_call counter_overflow Runtime1 stub}
  0x00007f4ecbfdf95c: ffff e81d 

  0x00007f4ecbfdf960: ; ImmutableOopMap {rax=Oop [168]=Oop [176]=Oop }
                      ;*synchronization entry
                      ; - kotlin.Result::constructor-impl@-1
                      ; - kotlin.coroutines.jvm.internal.BaseContinuationImpl::resumeWith@79 (line 38)
  0x00007f4ecbfdf960: 7207 07e9 | afee ffff 

  0x00007f4ecbfdf968: ;   {metadata({method} {0x00007f4ea884f740} 'resumeWith' '(Ljava/lang/Object;)V' in 'kotlin/coroutines/jvm/internal/BaseContinuationImpl')}
  0x00007f4ecbfdf968: 49ba 40f7 | 84a8 4e7f | 0000 4c89 | 5424 0848 | c704 2479 

  0x00007f4ecbfdf97c: ;   {runtime_call counter_overflow Runtime1 stub}
  0x00007f4ecbfdf97c: 0000 00e8 

  0x00007f4ecbfdf980: ; ImmutableOopMap {rbx=Oop [176]=Oop [184]=Oop }
                      ;*goto {reexecute=1 rethrow=0 return_oop=0}
                      ; - (reexecute) kotlin.coroutines.jvm.internal.BaseContinuationImpl::resumeWith@121 (line 30)
  0x00007f4ecbfdf980: fc71 0707 | e99a f0ff 

  0x00007f4ecbfdf988: ;   {metadata({method} {0x00007f4ea85367f0} 'throwParameterIsNullNPE' '(Ljava/lang/String;)V' in 'kotlin/jvm/internal/Intrinsics')}
  0x00007f4ecbfdf988: ff49 baf0 | 6753 a84e | 7f00 004c | 8954 2408 | 48c7 0424 | ffff ffff 

  0x00007f4ecbfdf9a0: ;   {runtime_call counter_overflow Runtime1 stub}
  0x00007f4ecbfdf9a0: e8db 7107 

  0x00007f4ecbfdf9a4: ; ImmutableOopMap {[168]=Oop [176]=Oop [200]=Oop [208]=Oop }
                      ;*synchronization entry
                      ; - kotlin.jvm.internal.Intrinsics::throwParameterIsNullNPE@-1 (line 140)
                      ; - kotlin.jvm.internal.Intrinsics::checkNotNullParameter@5 (line 131)
                      ; - kotlin.Result$Failure::<init>@3
                      ; - kotlin.ResultKt::createFailure@11 (line 122)
                      ; - kotlin.coroutines.jvm.internal.BaseContinuationImpl::resumeWith@76 (line 38)
  0x00007f4ecbfdf9a4: 07e9 ecf0 

  0x00007f4ecbfdf9a8: ;   {metadata(nullptr)}
  0x00007f4ecbfdf9a8: ffff 48ba | 0000 0000 | 0000 0000 | b800 0f05 

  0x00007f4ecbfdf9b8: ;   {runtime_call load_klass_patching Runtime1 stub}
  0x00007f4ecbfdf9b8: 0ae8 c25c 

  0x00007f4ecbfdf9bc: ; ImmutableOopMap {[168]=Oop [176]=Oop [200]=Oop [208]=Oop }
                      ;*new {reexecute=1 rethrow=0 return_oop=0}
                      ; - (reexecute) kotlin.jvm.internal.Intrinsics::throwParameterIsNullNPE@0 (line 140)
                      ; - kotlin.jvm.internal.Intrinsics::checkNotNullParameter@5 (line 131)
                      ; - kotlin.Result$Failure::<init>@3
                      ; - kotlin.ResultKt::createFailure@11 (line 122)
                      ; - kotlin.coroutines.jvm.internal.BaseContinuationImpl::resumeWith@76 (line 38)
  0x00007f4ecbfdf9bc: 0707 e9d5 | f0ff ff48 

  0x00007f4ecbfdf9c4: ;   {runtime_call fast_new_instance Runtime1 stub}
  0x00007f4ecbfdf9c4: 8bd2 e835 

  0x00007f4ecbfdf9c8: ; ImmutableOopMap {[168]=Oop [176]=Oop [200]=Oop [208]=Oop }
                      ;*new {reexecute=0 rethrow=0 return_oop=0}
                      ; - kotlin.jvm.internal.Intrinsics::throwParameterIsNullNPE@0 (line 140)
                      ; - kotlin.jvm.internal.Intrinsics::checkNotNullParameter@5 (line 131)
                      ; - kotlin.Result$Failure::<init>@3
                      ; - kotlin.ResultKt::createFailure@11 (line 122)
                      ; - kotlin.coroutines.jvm.internal.BaseContinuationImpl::resumeWith@76 (line 38)
  0x00007f4ecbfdf9c8: 1f07 07e9 | 1bf1 ffff 

  0x00007f4ecbfdf9d0: ;   {metadata({method} {0x00007f4ea8537868} 'sanitizeStackTrace' '(Ljava/lang/Throwable;)Ljava/lang/Throwable;' in 'kotlin/jvm/internal/Intrinsics')}
  0x00007f4ecbfdf9d0: 49ba 6878 | 53a8 4e7f | 0000 4c89 | 5424 0848 | c704 24ff 

  0x00007f4ecbfdf9e4: ;   {runtime_call counter_overflow Runtime1 stub}
  0x00007f4ecbfdf9e4: ffff ffe8 

  0x00007f4ecbfdf9e8: ; ImmutableOopMap {[168]=Oop [176]=Oop [192]=Oop [200]=Oop [208]=Oop }
                      ;*synchronization entry
                      ; - kotlin.jvm.internal.Intrinsics::sanitizeStackTrace@-1 (line 253)
                      ; - kotlin.jvm.internal.Intrinsics::throwParameterIsNullNPE@11 (line 140)
                      ; - kotlin.jvm.internal.Intrinsics::checkNotNullParameter@5 (line 131)
                      ; - kotlin.Result$Failure::<init>@3
                      ; - kotlin.ResultKt::createFailure@11 (line 122)
                      ; - kotlin.coroutines.jvm.internal.BaseContinuationImpl::resumeWith@76 (line 38)
  0x00007f4ecbfdf9e8: 9471 0707 | e99c f1ff 

  0x00007f4ecbfdf9f0: ;   {metadata({method} {0x00007f4ea80164e8} 'getName' '()Ljava/lang/String;' in 'java/lang/Class')}
  0x00007f4ecbfdf9f0: ff49 bae8 | 6401 a84e | 7f00 004c | 8954 2408 | 48c7 0424 | ffff ffff 

  0x00007f4ecbfdfa08: ;   {runtime_call counter_overflow Runtime1 stub}
  0x00007f4ecbfdfa08: e873 7107 

  0x00007f4ecbfdfa0c: ; ImmutableOopMap {rsi=Oop [168]=Oop [176]=Oop [192]=Oop [200]=Oop [208]=Oop }
                      ;*synchronization entry
                      ; - java.lang.Class::getName@-1
                      ; - kotlin.jvm.internal.Intrinsics::sanitizeStackTrace@3 (line 253)
                      ; - kotlin.jvm.internal.Intrinsics::throwParameterIsNullNPE@11 (line 140)
                      ; - kotlin.jvm.internal.Intrinsics::checkNotNullParameter@5 (line 131)
                      ; - kotlin.Result$Failure::<init>@3
                      ; - kotlin.ResultKt::createFailure@11 (line 122)
                      ; - kotlin.coroutines.jvm.internal.BaseContinuationImpl::resumeWith@76 (line 38)
  0x00007f4ecbfdfa0c: 07e9 c1f1 

  0x00007f4ecbfdfa10: ;   {runtime_call throw_null_pointer_exception Runtime1 stub}
  0x00007f4ecbfdfa10: ffff e809 

  0x00007f4ecbfdfa14: ; ImmutableOopMap {[168]=Oop [176]=Oop [192]=Oop [200]=Oop [208]=Oop }
                      ;*getfield name {reexecute=1 rethrow=0 return_oop=0}
                      ; - (reexecute) java.lang.Class::getName@1
                      ; - kotlin.jvm.internal.Intrinsics::sanitizeStackTrace@3 (line 253)
                      ; - kotlin.jvm.internal.Intrinsics::throwParameterIsNullNPE@11 (line 140)
                      ; - kotlin.jvm.internal.Intrinsics::checkNotNullParameter@5 (line 131)
                      ; - kotlin.Result$Failure::<init>@3
                      ; - kotlin.ResultKt::createFailure@11 (line 122)
                      ; - kotlin.coroutines.jvm.internal.BaseContinuationImpl::resumeWith@76 (line 38)
                      ;   {metadata({method} {0x00007f4ea85367f0} 'throwParameterIsNullNPE' '(Ljava/lang/String;)V' in 'kotlin/jvm/internal/Intrinsics')}
  0x00007f4ecbfdfa14: 1507 0749 | baf0 6753 | a84e 7f00 | 004c 8954 | 2408 48c7 | 0424 ffff 

  0x00007f4ecbfdfa2c: ;   {runtime_call counter_overflow Runtime1 stub}
  0x00007f4ecbfdfa2c: ffff e84d 

  0x00007f4ecbfdfa30: ; ImmutableOopMap {[168]=Oop [176]=Oop [208]=Oop }
                      ;*synchronization entry
                      ; - kotlin.jvm.internal.Intrinsics::throwParameterIsNullNPE@-1 (line 140)
                      ; - kotlin.jvm.internal.Intrinsics::checkNotNullParameter@5 (line 131)
                      ; - kotlin.ResultKt::createFailure@3
                      ; - kotlin.coroutines.jvm.internal.BaseContinuationImpl::resumeWith@76 (line 38)
  0x00007f4ecbfdfa30: 7107 07e9 | 65f2 ffff 

  0x00007f4ecbfdfa38: ;   {metadata(nullptr)}
  0x00007f4ecbfdfa38: 48ba 0000 | 0000 0000 | 0000 b800 

  0x00007f4ecbfdfa44: ;   {runtime_call load_klass_patching Runtime1 stub}
  0x00007f4ecbfdfa44: 0f05 0ae8 

  0x00007f4ecbfdfa48: ; ImmutableOopMap {[168]=Oop [176]=Oop [208]=Oop }
                      ;*new {reexecute=1 rethrow=0 return_oop=0}
                      ; - (reexecute) kotlin.jvm.internal.Intrinsics::throwParameterIsNullNPE@0 (line 140)
                      ; - kotlin.jvm.internal.Intrinsics::checkNotNullParameter@5 (line 131)
                      ; - kotlin.ResultKt::createFailure@3
                      ; - kotlin.coroutines.jvm.internal.BaseContinuationImpl::resumeWith@76 (line 38)
  0x00007f4ecbfdfa48: 345c 0707 | e94f f2ff | ff48 8bd2 

  0x00007f4ecbfdfa54: ;   {runtime_call fast_new_instance Runtime1 stub}
  0x00007f4ecbfdfa54: e8a7 1e07 

  0x00007f4ecbfdfa58: ; ImmutableOopMap {[168]=Oop [176]=Oop [208]=Oop }
                      ;*new {reexecute=0 rethrow=0 return_oop=0}
                      ; - kotlin.jvm.internal.Intrinsics::throwParameterIsNullNPE@0 (line 140)
                      ; - kotlin.jvm.internal.Intrinsics::checkNotNullParameter@5 (line 131)
                      ; - kotlin.ResultKt::createFailure@3
                      ; - kotlin.coroutines.jvm.internal.BaseContinuationImpl::resumeWith@76 (line 38)
  0x00007f4ecbfdfa58: 07e9 95f2 

  0x00007f4ecbfdfa5c: ;   {metadata({method} {0x00007f4ea8537868} 'sanitizeStackTrace' '(Ljava/lang/Throwable;)Ljava/lang/Throwable;' in 'kotlin/jvm/internal/Intrinsics')}
  0x00007f4ecbfdfa5c: ffff 49ba | 6878 53a8 | 4e7f 0000 | 4c89 5424 | 0848 c704 | 24ff ffff 

  0x00007f4ecbfdfa74: ;   {runtime_call counter_overflow Runtime1 stub}
  0x00007f4ecbfdfa74: ffe8 0671 

  0x00007f4ecbfdfa78: ; ImmutableOopMap {[168]=Oop [176]=Oop [208]=Oop [216]=Oop }
                      ;*synchronization entry
                      ; - kotlin.jvm.internal.Intrinsics::sanitizeStackTrace@-1 (line 253)
                      ; - kotlin.jvm.internal.Intrinsics::throwParameterIsNullNPE@11 (line 140)
                      ; - kotlin.jvm.internal.Intrinsics::checkNotNullParameter@5 (line 131)
                      ; - kotlin.ResultKt::createFailure@3
                      ; - kotlin.coroutines.jvm.internal.BaseContinuationImpl::resumeWith@76 (line 38)
  0x00007f4ecbfdfa78: 0707 e916 

  0x00007f4ecbfdfa7c: ;   {metadata({method} {0x00007f4ea80164e8} 'getName' '()Ljava/lang/String;' in 'java/lang/Class')}
  0x00007f4ecbfdfa7c: f3ff ff49 | bae8 6401 | a84e 7f00 | 004c 8954 | 2408 48c7 | 0424 ffff 

  0x00007f4ecbfdfa94: ;   {runtime_call counter_overflow Runtime1 stub}
  0x00007f4ecbfdfa94: ffff e8e5 

  0x00007f4ecbfdfa98: ; ImmutableOopMap {rsi=Oop [168]=Oop [176]=Oop [208]=Oop [216]=Oop }
                      ;*synchronization entry
                      ; - java.lang.Class::getName@-1
                      ; - kotlin.jvm.internal.Intrinsics::sanitizeStackTrace@3 (line 253)
                      ; - kotlin.jvm.internal.Intrinsics::throwParameterIsNullNPE@11 (line 140)
                      ; - kotlin.jvm.internal.Intrinsics::checkNotNullParameter@5 (line 131)
                      ; - kotlin.ResultKt::createFailure@3
                      ; - kotlin.coroutines.jvm.internal.BaseContinuationImpl::resumeWith@76 (line 38)
  0x00007f4ecbfdfa98: 7007 07e9 | 3bf3 ffff 

  0x00007f4ecbfdfaa0: ;   {runtime_call throw_null_pointer_exception Runtime1 stub}
  0x00007f4ecbfdfaa0: e87b 1407 

  0x00007f4ecbfdfaa4: ; ImmutableOopMap {[168]=Oop [176]=Oop [208]=Oop [216]=Oop }
                      ;*getfield name {reexecute=1 rethrow=0 return_oop=0}
                      ; - (reexecute) java.lang.Class::getName@1
                      ; - kotlin.jvm.internal.Intrinsics::sanitizeStackTrace@3 (line 253)
                      ; - kotlin.jvm.internal.Intrinsics::throwParameterIsNullNPE@11 (line 140)
                      ; - kotlin.jvm.internal.Intrinsics::checkNotNullParameter@5 (line 131)
                      ; - kotlin.ResultKt::createFailure@3
                      ; - kotlin.coroutines.jvm.internal.BaseContinuationImpl::resumeWith@76 (line 38)
                      ;   {metadata({method} {0x00007f4ea8535910} 'throwJavaNpe' '()V' in 'kotlin/jvm/internal/Intrinsics')}
  0x00007f4ecbfdfaa4: 0749 ba10 | 5953 a84e | 7f00 004c | 8954 2408 | 48c7 0424 | ffff ffff 

  0x00007f4ecbfdfabc: ;   {runtime_call counter_overflow Runtime1 stub}
  0x00007f4ecbfdfabc: e8bf 7007 

  0x00007f4ecbfdfac0: ; ImmutableOopMap {[168]=Oop [176]=Oop [232]=Oop }
                      ;*synchronization entry
                      ; - kotlin.jvm.internal.Intrinsics::throwJavaNpe@-1 (line 45)
                      ; - kotlin.jvm.internal.Intrinsics::checkNotNull@4 (line 25)
                      ; - kotlin.coroutines.jvm.internal.BaseContinuationImpl::resumeWith@31 (line 31)
  0x00007f4ecbfdfac0: 07e9 e7f3 

  0x00007f4ecbfdfac4: ;   {metadata(nullptr)}
  0x00007f4ecbfdfac4: ffff 48ba | 0000 0000 | 0000 0000 | b800 0f05 

  0x00007f4ecbfdfad4: ;   {runtime_call load_klass_patching Runtime1 stub}
  0x00007f4ecbfdfad4: 0ae8 a65b 

  0x00007f4ecbfdfad8: ; ImmutableOopMap {[168]=Oop [176]=Oop [232]=Oop }
                      ;*new {reexecute=1 rethrow=0 return_oop=0}
                      ; - (reexecute) kotlin.jvm.internal.Intrinsics::throwJavaNpe@0 (line 45)
                      ; - kotlin.jvm.internal.Intrinsics::checkNotNull@4 (line 25)
                      ; - kotlin.coroutines.jvm.internal.BaseContinuationImpl::resumeWith@31 (line 31)
  0x00007f4ecbfdfad8: 0707 e9d1 | f3ff ff48 

  0x00007f4ecbfdfae0: ;   {runtime_call fast_new_instance Runtime1 stub}
  0x00007f4ecbfdfae0: 8bd2 e819 

  0x00007f4ecbfdfae4: ; ImmutableOopMap {[168]=Oop [176]=Oop [232]=Oop }
                      ;*new {reexecute=0 rethrow=0 return_oop=0}
                      ; - kotlin.jvm.internal.Intrinsics::throwJavaNpe@0 (line 45)
                      ; - kotlin.jvm.internal.Intrinsics::checkNotNull@4 (line 25)
                      ; - kotlin.coroutines.jvm.internal.BaseContinuationImpl::resumeWith@31 (line 31)
  0x00007f4ecbfdfae4: 1e07 07e9 | 17f4 ffff 

  0x00007f4ecbfdfaec: ;   {metadata({method} {0x00007f4ea8537868} 'sanitizeStackTrace' '(Ljava/lang/Throwable;)Ljava/lang/Throwable;' in 'kotlin/jvm/internal/Intrinsics')}
  0x00007f4ecbfdfaec: 49ba 6878 | 53a8 4e7f | 0000 4c89 | 5424 0848 | c704 24ff 

  0x00007f4ecbfdfb00: ;   {runtime_call counter_overflow Runtime1 stub}
  0x00007f4ecbfdfb00: ffff ffe8 

  0x00007f4ecbfdfb04: ; ImmutableOopMap {[168]=Oop [176]=Oop [224]=Oop [232]=Oop }
                      ;*synchronization entry
                      ; - kotlin.jvm.internal.Intrinsics::sanitizeStackTrace@-1 (line 253)
                      ; - kotlin.jvm.internal.Intrinsics::throwJavaNpe@7 (line 45)
                      ; - kotlin.jvm.internal.Intrinsics::checkNotNull@4 (line 25)
                      ; - kotlin.coroutines.jvm.internal.BaseContinuationImpl::resumeWith@31 (line 31)
  0x00007f4ecbfdfb04: 7870 0707 | e960 f4ff 

  0x00007f4ecbfdfb0c: ;   {metadata({method} {0x00007f4ea80164e8} 'getName' '()Ljava/lang/String;' in 'java/lang/Class')}
  0x00007f4ecbfdfb0c: ff49 bae8 | 6401 a84e | 7f00 004c | 8954 2408 | 48c7 0424 | ffff ffff 

  0x00007f4ecbfdfb24: ;   {runtime_call counter_overflow Runtime1 stub}
  0x00007f4ecbfdfb24: e857 7007 

  0x00007f4ecbfdfb28: ; ImmutableOopMap {rsi=Oop [168]=Oop [176]=Oop [224]=Oop [232]=Oop }
                      ;*synchronization entry
                      ; - java.lang.Class::getName@-1
                      ; - kotlin.jvm.internal.Intrinsics::sanitizeStackTrace@3 (line 253)
                      ; - kotlin.jvm.internal.Intrinsics::throwJavaNpe@7 (line 45)
                      ; - kotlin.jvm.internal.Intrinsics::checkNotNull@4 (line 25)
                      ; - kotlin.coroutines.jvm.internal.BaseContinuationImpl::resumeWith@31 (line 31)
  0x00007f4ecbfdfb28: 07e9 85f4 

  0x00007f4ecbfdfb2c: ;   {runtime_call throw_null_pointer_exception Runtime1 stub}
  0x00007f4ecbfdfb2c: ffff e8ed 

  0x00007f4ecbfdfb30: ; ImmutableOopMap {[168]=Oop [176]=Oop [224]=Oop [232]=Oop }
                      ;*getfield name {reexecute=1 rethrow=0 return_oop=0}
                      ; - (reexecute) java.lang.Class::getName@1
                      ; - kotlin.jvm.internal.Intrinsics::sanitizeStackTrace@3 (line 253)
                      ; - kotlin.jvm.internal.Intrinsics::throwJavaNpe@7 (line 45)
                      ; - kotlin.jvm.internal.Intrinsics::checkNotNull@4 (line 25)
                      ; - kotlin.coroutines.jvm.internal.BaseContinuationImpl::resumeWith@31 (line 31)
                      ;   {metadata({method} {0x00007f4ea85367f0} 'throwParameterIsNullNPE' '(Ljava/lang/String;)V' in 'kotlin/jvm/internal/Intrinsics')}
  0x00007f4ecbfdfb30: 1307 0749 | baf0 6753 | a84e 7f00 | 004c 8954 | 2408 48c7 | 0424 ffff 

  0x00007f4ecbfdfb48: ;   {runtime_call counter_overflow Runtime1 stub}
  0x00007f4ecbfdfb48: ffff e831 

  0x00007f4ecbfdfb4c: ; ImmutableOopMap {[232]=Oop [248]=Oop }
                      ;*synchronization entry
                      ; - kotlin.jvm.internal.Intrinsics::throwParameterIsNullNPE@-1 (line 140)
                      ; - kotlin.jvm.internal.Intrinsics::checkNotNullParameter@5 (line 131)
                      ; - kotlin.coroutines.jvm.internal.DebugProbesKt::probeCoroutineResumed@3
                      ; - kotlin.coroutines.jvm.internal.BaseContinuationImpl::resumeWith@13 (line 29)
  0x00007f4ecbfdfb4c: 7007 07e9 | 31f5 ffff 

  0x00007f4ecbfdfb54: ;   {metadata(nullptr)}
  0x00007f4ecbfdfb54: 48ba 0000 | 0000 0000 | 0000 b800 

  0x00007f4ecbfdfb60: ;   {runtime_call load_klass_patching Runtime1 stub}
  0x00007f4ecbfdfb60: 0f05 0ae8 

  0x00007f4ecbfdfb64: ; ImmutableOopMap {[232]=Oop [248]=Oop }
                      ;*new {reexecute=1 rethrow=0 return_oop=0}
                      ; - (reexecute) kotlin.jvm.internal.Intrinsics::throwParameterIsNullNPE@0 (line 140)
                      ; - kotlin.jvm.internal.Intrinsics::checkNotNullParameter@5 (line 131)
                      ; - kotlin.coroutines.jvm.internal.DebugProbesKt::probeCoroutineResumed@3
                      ; - kotlin.coroutines.jvm.internal.BaseContinuationImpl::resumeWith@13 (line 29)
  0x00007f4ecbfdfb64: 185b 0707 | e91b f5ff | ff48 8bd2 

  0x00007f4ecbfdfb70: ;   {runtime_call fast_new_instance Runtime1 stub}
  0x00007f4ecbfdfb70: e88b 1d07 

  0x00007f4ecbfdfb74: ; ImmutableOopMap {[232]=Oop [248]=Oop }
                      ;*new {reexecute=0 rethrow=0 return_oop=0}
                      ; - kotlin.jvm.internal.Intrinsics::throwParameterIsNullNPE@0 (line 140)
                      ; - kotlin.jvm.internal.Intrinsics::checkNotNullParameter@5 (line 131)
                      ; - kotlin.coroutines.jvm.internal.DebugProbesKt::probeCoroutineResumed@3
                      ; - kotlin.coroutines.jvm.internal.BaseContinuationImpl::resumeWith@13 (line 29)
  0x00007f4ecbfdfb74: 07e9 61f5 

  0x00007f4ecbfdfb78: ;   {metadata({method} {0x00007f4ea8537868} 'sanitizeStackTrace' '(Ljava/lang/Throwable;)Ljava/lang/Throwable;' in 'kotlin/jvm/internal/Intrinsics')}
  0x00007f4ecbfdfb78: ffff 49ba | 6878 53a8 | 4e7f 0000 | 4c89 5424 | 0848 c704 | 24ff ffff 

  0x00007f4ecbfdfb90: ;   {runtime_call counter_overflow Runtime1 stub}
  0x00007f4ecbfdfb90: ffe8 ea6f 

  0x00007f4ecbfdfb94: ; ImmutableOopMap {[232]=Oop [240]=Oop [248]=Oop }
                      ;*synchronization entry
                      ; - kotlin.jvm.internal.Intrinsics::sanitizeStackTrace@-1 (line 253)
                      ; - kotlin.jvm.internal.Intrinsics::throwParameterIsNullNPE@11 (line 140)
                      ; - kotlin.jvm.internal.Intrinsics::checkNotNullParameter@5 (line 131)
                      ; - kotlin.coroutines.jvm.internal.DebugProbesKt::probeCoroutineResumed@3
                      ; - kotlin.coroutines.jvm.internal.BaseContinuationImpl::resumeWith@13 (line 29)
  0x00007f4ecbfdfb94: 0707 e9e2 

  0x00007f4ecbfdfb98: ;   {metadata({method} {0x00007f4ea80164e8} 'getName' '()Ljava/lang/String;' in 'java/lang/Class')}
  0x00007f4ecbfdfb98: f5ff ff49 | bae8 6401 | a84e 7f00 | 004c 8954 | 2408 48c7 | 0424 ffff 

  0x00007f4ecbfdfbb0: ;   {runtime_call counter_overflow Runtime1 stub}
  0x00007f4ecbfdfbb0: ffff e8c9 

  0x00007f4ecbfdfbb4: ; ImmutableOopMap {rsi=Oop [232]=Oop [240]=Oop [248]=Oop }
                      ;*synchronization entry
                      ; - java.lang.Class::getName@-1
                      ; - kotlin.jvm.internal.Intrinsics::sanitizeStackTrace@3 (line 253)
                      ; - kotlin.jvm.internal.Intrinsics::throwParameterIsNullNPE@11 (line 140)
                      ; - kotlin.jvm.internal.Intrinsics::checkNotNullParameter@5 (line 131)
                      ; - kotlin.coroutines.jvm.internal.DebugProbesKt::probeCoroutineResumed@3
                      ; - kotlin.coroutines.jvm.internal.BaseContinuationImpl::resumeWith@13 (line 29)
  0x00007f4ecbfdfbb4: 6f07 07e9 | 07f6 ffff 

  0x00007f4ecbfdfbbc: ;   {runtime_call throw_null_pointer_exception Runtime1 stub}
  0x00007f4ecbfdfbbc: e85f 1307 

  0x00007f4ecbfdfbc0: ; ImmutableOopMap {[232]=Oop [240]=Oop [248]=Oop }
                      ;*getfield name {reexecute=1 rethrow=0 return_oop=0}
                      ; - (reexecute) java.lang.Class::getName@1
                      ; - kotlin.jvm.internal.Intrinsics::sanitizeStackTrace@3 (line 253)
                      ; - kotlin.jvm.internal.Intrinsics::throwParameterIsNullNPE@11 (line 140)
                      ; - kotlin.jvm.internal.Intrinsics::checkNotNullParameter@5 (line 131)
                      ; - kotlin.coroutines.jvm.internal.DebugProbesKt::probeCoroutineResumed@3
                      ; - kotlin.coroutines.jvm.internal.BaseContinuationImpl::resumeWith@13 (line 29)
                      ;   {runtime_call throw_null_pointer_exception Runtime1 stub}
  0x00007f4ecbfdfbc0: 07e8 5a13 

  0x00007f4ecbfdfbc4: ; ImmutableOopMap {rbx=Oop rax=Oop [176]=Oop }
                      ;*invokeinterface resumeWith {reexecute=0 rethrow=0 return_oop=0}
                      ; - kotlin.coroutines.jvm.internal.BaseContinuationImpl::resumeWith@114 (line 47)
                      ;   {internal_word}
  0x00007f4ecbfdfbc4: 0707 49ba | 0cf3 fdcb | 4e7f 0000 | 4d89 9768 

  0x00007f4ecbfdfbd4: ;   {runtime_call SafepointBlob}
  0x00007f4ecbfdfbd4: 0400 00e9 | 24d8 fa06 

  0x00007f4ecbfdfbdc: ;   {internal_word}
  0x00007f4ecbfdfbdc: 49ba 22f3 | fdcb 4e7f | 0000 4d89 | 9768 0400 

  0x00007f4ecbfdfbec: ;   {runtime_call SafepointBlob}
  0x00007f4ecbfdfbec: 00e9 0ed8 | fa06 4889 

  0x00007f4ecbfdfbf4: ;   {runtime_call throw_class_cast_exception Runtime1 stub}
  0x00007f4ecbfdfbf4: 0424 e825 

  0x00007f4ecbfdfbf8: ; ImmutableOopMap {rsi=Oop [232]=Oop }
                      ;*checkcast {reexecute=0 rethrow=0 return_oop=0}
                      ; - kotlin.jvm.internal.Intrinsics::throwParameterIsNullNPE@14 (line 140)
                      ; - kotlin.jvm.internal.Intrinsics::checkNotNullParameter@5 (line 131)
                      ; - kotlin.coroutines.jvm.internal.DebugProbesKt::probeCoroutineResumed@3
                      ; - kotlin.coroutines.jvm.internal.BaseContinuationImpl::resumeWith@13 (line 29)
                      ;   {runtime_call throw_null_pointer_exception Runtime1 stub}
  0x00007f4ecbfdfbf8: 3b07 07e8 

  0x00007f4ecbfdfbfc: ; ImmutableOopMap {rsi=Oop rax=Oop [232]=Oop }
                      ;*athrow {reexecute=1 rethrow=0 return_oop=0}
                      ; - (reexecute) kotlin.jvm.internal.Intrinsics::throwParameterIsNullNPE@17 (line 140)
                      ; - kotlin.jvm.internal.Intrinsics::checkNotNullParameter@5 (line 131)
                      ; - kotlin.coroutines.jvm.internal.DebugProbesKt::probeCoroutineResumed@3
                      ; - kotlin.coroutines.jvm.internal.BaseContinuationImpl::resumeWith@13 (line 29)
  0x00007f4ecbfdfbfc: 2013 0707 | 4889 0424 

  0x00007f4ecbfdfc04: ;   {runtime_call throw_class_cast_exception Runtime1 stub}
  0x00007f4ecbfdfc04: e817 3b07 

  0x00007f4ecbfdfc08: ; ImmutableOopMap {rdx=Oop [168]=Oop [176]=Oop }
                      ;*checkcast {reexecute=0 rethrow=0 return_oop=0}
                      ; - kotlin.jvm.internal.Intrinsics::throwJavaNpe@10 (line 45)
                      ; - kotlin.jvm.internal.Intrinsics::checkNotNull@4 (line 25)
                      ; - kotlin.coroutines.jvm.internal.BaseContinuationImpl::resumeWith@31 (line 31)
                      ;   {runtime_call throw_null_pointer_exception Runtime1 stub}
  0x00007f4ecbfdfc08: 07e8 1213 

  0x00007f4ecbfdfc0c: ; ImmutableOopMap {rdx=Oop rax=Oop [168]=Oop [176]=Oop }
                      ;*athrow {reexecute=1 rethrow=0 return_oop=0}
                      ; - (reexecute) kotlin.jvm.internal.Intrinsics::throwJavaNpe@13 (line 45)
                      ; - kotlin.jvm.internal.Intrinsics::checkNotNull@4 (line 25)
                      ; - kotlin.coroutines.jvm.internal.BaseContinuationImpl::resumeWith@31 (line 31)
  0x00007f4ecbfdfc0c: 0707 4889 

  0x00007f4ecbfdfc10: ;   {runtime_call throw_class_cast_exception Runtime1 stub}
  0x00007f4ecbfdfc10: 0424 e809 

  0x00007f4ecbfdfc14: ; ImmutableOopMap {[168]=Oop [176]=Oop [208]=Oop }
                      ;*checkcast {reexecute=0 rethrow=0 return_oop=0}
                      ; - kotlin.jvm.internal.Intrinsics::throwParameterIsNullNPE@14 (line 140)
                      ; - kotlin.jvm.internal.Intrinsics::checkNotNullParameter@5 (line 131)
                      ; - kotlin.ResultKt::createFailure@3
                      ; - kotlin.coroutines.jvm.internal.BaseContinuationImpl::resumeWith@76 (line 38)
                      ;   {runtime_call throw_null_pointer_exception Runtime1 stub}
  0x00007f4ecbfdfc14: 3b07 07e8 

  0x00007f4ecbfdfc18: ; ImmutableOopMap {rax=Oop [168]=Oop [176]=Oop [208]=Oop }
                      ;*athrow {reexecute=1 rethrow=0 return_oop=0}
                      ; - (reexecute) kotlin.jvm.internal.Intrinsics::throwParameterIsNullNPE@17 (line 140)
                      ; - kotlin.jvm.internal.Intrinsics::checkNotNullParameter@5 (line 131)
                      ; - kotlin.ResultKt::createFailure@3
                      ; - kotlin.coroutines.jvm.internal.BaseContinuationImpl::resumeWith@76 (line 38)
  0x00007f4ecbfdfc18: 0413 0707 | 4889 0424 

  0x00007f4ecbfdfc20: ;   {runtime_call throw_class_cast_exception Runtime1 stub}
  0x00007f4ecbfdfc20: e8fb 3a07 

  0x00007f4ecbfdfc24: ; ImmutableOopMap {rbx=Oop rsi=Oop rdi=Oop rdx=Oop [176]=Oop }
                      ;*checkcast {reexecute=0 rethrow=0 return_oop=0}
                      ; - kotlin.jvm.internal.Intrinsics::throwParameterIsNullNPE@14 (line 140)
                      ; - kotlin.jvm.internal.Intrinsics::checkNotNullParameter@5 (line 131)
                      ; - kotlin.Result$Failure::<init>@3
                      ; - kotlin.ResultKt::createFailure@11 (line 122)
                      ; - kotlin.coroutines.jvm.internal.BaseContinuationImpl::resumeWith@76 (line 38)
                      ;   {runtime_call throw_null_pointer_exception Runtime1 stub}
  0x00007f4ecbfdfc24: 07e8 f612 

  0x00007f4ecbfdfc28: ; ImmutableOopMap {rbx=Oop rsi=Oop rdi=Oop rdx=Oop rax=Oop [176]=Oop }
                      ;*athrow {reexecute=1 rethrow=0 return_oop=0}
                      ; - (reexecute) kotlin.jvm.internal.Intrinsics::throwParameterIsNullNPE@17 (line 140)
                      ; - kotlin.jvm.internal.Intrinsics::checkNotNullParameter@5 (line 131)
                      ; - kotlin.Result$Failure::<init>@3
                      ; - kotlin.ResultKt::createFailure@11 (line 122)
                      ; - kotlin.coroutines.jvm.internal.BaseContinuationImpl::resumeWith@76 (line 38)
  0x00007f4ecbfdfc28: 0707 498b | 8700 0500 | 0049 c787 | 0005 0000 | 0000 0000 | 49c7 8708 | 0500 0000 | 0000 0048 
  0x00007f4ecbfdfc48: 81c4 1001 

  0x00007f4ecbfdfc4c: ;   {runtime_call unwind_exception Runtime1 stub}
  0x00007f4ecbfdfc4c: 0000 5de9 | ac03 0707 | f4f4 f4f4 
[Stub Code]
  0x00007f4ecbfdfc58: ;   {no_reloc}
  0x00007f4ecbfdfc58: 0f1f 4400 

  0x00007f4ecbfdfc5c: ;   {static_stub}
  0x00007f4ecbfdfc5c: 0048 bb00 | 0000 0000 

  0x00007f4ecbfdfc64: ;   {runtime_call nmethod}
  0x00007f4ecbfdfc64: 0000 00e9 | fbff ffff 

  0x00007f4ecbfdfc6c: ;   {static_stub}
  0x00007f4ecbfdfc6c: 9048 bb00 | 0000 0000 

  0x00007f4ecbfdfc74: ;   {runtime_call nmethod}
  0x00007f4ecbfdfc74: 0000 00e9 | fbff ffff 

  0x00007f4ecbfdfc7c: ;   {static_stub}
  0x00007f4ecbfdfc7c: 9048 bb00 | 0000 0000 

  0x00007f4ecbfdfc84: ;   {runtime_call nmethod}
  0x00007f4ecbfdfc84: 0000 00e9 | fbff ffff 

  0x00007f4ecbfdfc8c: ;   {static_stub}
  0x00007f4ecbfdfc8c: 48bb 0000 | 0000 0000 

  0x00007f4ecbfdfc94: ;   {runtime_call nmethod}
  0x00007f4ecbfdfc94: 0000 e9fb 

  0x00007f4ecbfdfc98: ;   {static_stub}
  0x00007f4ecbfdfc98: ffff ff48 | bb00 0000 | 0000 0000 

  0x00007f4ecbfdfca4: ;   {runtime_call nmethod}
  0x00007f4ecbfdfca4: 00e9 fbff 

  0x00007f4ecbfdfca8: ;   {static_stub}
  0x00007f4ecbfdfca8: ffff 48bb | 0000 0000 | 0000 0000 

  0x00007f4ecbfdfcb4: ;   {runtime_call nmethod}
  0x00007f4ecbfdfcb4: e9fb ffff 

  0x00007f4ecbfdfcb8: ;   {static_stub}
  0x00007f4ecbfdfcb8: ff48 bb00 | 0000 0000 

  0x00007f4ecbfdfcc0: ;   {runtime_call nmethod}
  0x00007f4ecbfdfcc0: 0000 00e9 | fbff ffff 

  0x00007f4ecbfdfcc8: ;   {static_stub}
  0x00007f4ecbfdfcc8: 48bb 0000 | 0000 0000 

  0x00007f4ecbfdfcd0: ;   {runtime_call nmethod}
  0x00007f4ecbfdfcd0: 0000 e9fb 

  0x00007f4ecbfdfcd4: ;   {runtime_call handle_exception_from_callee Runtime1 stub}
  0x00007f4ecbfdfcd4: ffff ffe8 | 2434 0707 

  0x00007f4ecbfdfcdc: ;   {external_word}
  0x00007f4ecbfdfcdc: 48bf 06fb | f3e8 4e7f | 0000 4883 

  0x00007f4ecbfdfce8: ;   {runtime_call MacroAssembler::debug64(char*, long, long*)}
  0x00007f4ecbfdfce8: e4f0 e8f1 | 60a2 1cf4 
[Deopt Handler Code]
  0x00007f4ecbfdfcf0: ;   {section_word}
  0x00007f4ecbfdfcf0: 49ba f0fc | fdcb 4e7f | 0000 4152 

  0x00007f4ecbfdfcfc: ;   {runtime_call DeoptimizationBlob}
  0x00007f4ecbfdfcfc: e99f ebfa | 06f4 f4f4 | f4f4 f4f4 
[/MachCode]


Compiled method (c1) 5264 6348   !   3       kotlinx.coroutines.DispatchedTask::run (400 bytes)
 total in heap  [0x00007f4ecc46ae90,0x00007f4ecc4700d0] = 21056
 relocation     [0x00007f4ecc46afe8,0x00007f4ecc46b500] = 1304
 main code      [0x00007f4ecc46b500,0x00007f4ecc46e3c8] = 11976
 stub code      [0x00007f4ecc46e3c8,0x00007f4ecc46e590] = 456
 oops           [0x00007f4ecc46e590,0x00007f4ecc46e5b0] = 32
 metadata       [0x00007f4ecc46e5b0,0x00007f4ecc46e620] = 112
 scopes data    [0x00007f4ecc46e620,0x00007f4ecc46f038] = 2584
 scopes pcs     [0x00007f4ecc46f038,0x00007f4ecc46f7b8] = 1920
 dependencies   [0x00007f4ecc46f7b8,0x00007f4ecc46f7c0] = 8
 handler table  [0x00007f4ecc46f7c0,0x00007f4ecc470040] = 2176
 nul chk table  [0x00007f4ecc470040,0x00007f4ecc4700d0] = 144

[Constant Pool (empty)]

[MachCode]
[Entry Point]
  # {method} {0x00007f4ea88616b0} 'run' '()V' in 'kotlinx/coroutines/DispatchedTask'
  #           [sp+0x180]  (sp of caller)
  0x00007f4ecc46b500: 448b 5608 | 49c1 e203 

  0x00007f4ecc46b508: ;   {runtime_call ic_miss_stub}
  0x00007f4ecc46b508: 4c3b d00f | 856f 9db1 | 0666 6666 | 0f1f 8400 | 0000 0000 | 6666 6690 
[Verified Entry Point]
  0x00007f4ecc46b520: 8984 2400 | c0fe ff55 | 4881 ec70 | 0100 0090 | 4181 7f20 | 1000 0000 

  0x00007f4ecc46b538: ;   {runtime_call StubRoutines (final stubs)}
  0x00007f4ecc46b538: 7405 e861 | 1cb0 0648 | 89b4 24b0 

  0x00007f4ecc46b544: ;   {metadata(method data for {method} {0x00007f4ea88616b0} 'run' '()V' in 'kotlinx/coroutines/DispatchedTask')}
  0x00007f4ecc46b544: 0000 0048 | bfa0 d295 | ab4e 7f00 | 008b 9ff4 | 0000 0083 | c302 899f | f400 0000 | 81e3 fe07 
  0x00007f4ecc46b564: 0000 85db | 0f84 d427 

  0x00007f4ecc46b56c: ;   {metadata(method data for {method} {0x00007f4ea88616b0} 'run' '()V' in 'kotlinx/coroutines/DispatchedTask')}
  0x00007f4ecc46b56c: 0000 48bf | a0d2 95ab | 4e7f 0000 | 4883 8738 | 0100 0001 

  0x00007f4ecc46b580: ;   {metadata(method data for {method} {0x00007f4ea8524f88} 'getASSERTIONS_ENABLED' '()Z' in 'kotlinx/coroutines/DebugKt')}
  0x00007f4ecc46b580: 48bf a0ea | beaa 4e7f | 0000 8b9f | f400 0000 | 83c3 0289 | 9ff4 0000 | 0081 e3fe | ff1f 0085 
  0x00007f4ecc46b5a0: db0f 84bc 

  0x00007f4ecc46b5a4: ;   {metadata(method data for {method} {0x00007f4ea88616b0} 'run' '()V' in 'kotlinx/coroutines/DispatchedTask')}
  0x00007f4ecc46b5a4: 2700 0048 | bfa0 d295 | ab4e 7f00 | 00ff 8748 | 0100 0048 

  0x00007f4ecc46b5b8: ;   {metadata(method data for {method} {0x00007f4ea88616b0} 'run' '()V' in 'kotlinx/coroutines/DispatchedTask')}
  0x00007f4ecc46b5b8: 8bfe 48bb | a0d2 95ab | 4e7f 0000 | 8b7f 0848 | c1e7 0348 | 3bbb e001 | 0000 750d | 4883 83e8 
  0x00007f4ecc46b5d8: 0100 0001 | e960 0000 | 0048 3bbb | f001 0000 | 750d 4883 | 83f8 0100 | 0001 e94a | 0000 0048 
  0x00007f4ecc46b5f8: 83bb e001 | 0000 0075 | 1748 89bb | e001 0000 | 48c7 83e8 | 0100 0001 | 0000 00e9 | 2900 0000 
  0x00007f4ecc46b618: 4883 bbf0 | 0100 0000 | 7517 4889 | bbf0 0100 | 0048 c783 | f801 0000 | 0100 0000 | e908 0000 
  0x00007f4ecc46b638: 0048 8383 | d001 0000 | 0148 8bfe | 488b f766 | 0f1f 4400 | 0048 b8ff | ffff ffff 

  0x00007f4ecc46b654: ;   {virtual_call}
  0x00007f4ecc46b654: ffff ffe8 

  0x00007f4ecc46b658: ; ImmutableOopMap {[176]=Oop }
                      ;*invokevirtual getDelegate$kotlinx_coroutines_core {reexecute=0 rethrow=0 return_oop=0}
                      ; - kotlinx.coroutines.DispatchedTask::run@34 (line 80)
  0x00007f4ecc46b658: 042f d706 

  0x00007f4ecc46b65c: ;   {other}
  0x00007f4ecc46b65c: 0f1f 8400 | cc07 0000 | 4889 8424 | b800 0000 

  0x00007f4ecc46b66c: ;   {metadata(method data for {method} {0x00007f4ea88616b0} 'run' '()V' in 'kotlinx/coroutines/DispatchedTask')}
  0x00007f4ecc46b66c: 48ba a0d2 | 95ab 4e7f | 0000 4883 | 8208 0200 

  0x00007f4ecc46b67c: ;   {metadata(method data for {method} {0x00007f4ea85356f8} 'checkNotNull' '(Ljava/lang/Object;Ljava/lang/String;)V' in 'kotlin/jvm/internal/Intrinsics')}
  0x00007f4ecc46b67c: 0001 48ba | 803b 30a9 | 4e7f 0000 | 8bb2 f400 | 0000 83c6 | 0289 b2f4 | 0000 0081 | e6fe ff1f 
  0x00007f4ecc46b69c: 0085 f60f | 84df 2600 | 0048 85c0 

  0x00007f4ecc46b6a8: ;   {metadata(method data for {method} {0x00007f4ea85356f8} 'checkNotNull' '(Ljava/lang/Object;Ljava/lang/String;)V' in 'kotlin/jvm/internal/Intrinsics')}
  0x00007f4ecc46b6a8: 48ba 803b | 30a9 4e7f | 0000 48c7 | c638 0100 | 0075 0748 | c7c6 4801 | 0000 488b | 3c32 488d 
  0x00007f4ecc46b6c8: 7f01 4889 | 3c32 0f85 | d001 0000 

  0x00007f4ecc46b6d4: ;   {metadata(method data for {method} {0x00007f4ea85356f8} 'checkNotNull' '(Ljava/lang/Object;Ljava/lang/String;)V' in 'kotlin/jvm/internal/Intrinsics')}
  0x00007f4ecc46b6d4: 48ba 803b | 30a9 4e7f | 0000 4883 | 8258 0100 

  0x00007f4ecc46b6e4: ;   {metadata(method data for {method} {0x00007f4ea85359c8} 'throwJavaNpe' '(Ljava/lang/String;)V' in 'kotlin/jvm/internal/Intrinsics')}
  0x00007f4ecc46b6e4: 0001 48ba | 303d 30a9 | 4e7f 0000 | 8bb2 f400 | 0000 83c6 | 0289 b2f4 | 0000 0081 | e6fe ff1f 
  0x00007f4ecc46b704: 0085 f60f | 8498 2600 | 0066 6690 

  0x00007f4ecc46b710: ;   {no_reloc}
  0x00007f4ecc46b710: e9c0 2600 | 0000 0000 | 0000 498b | 87b8 0100 | 0048 8d78 | 3049 3bbf | c801 0000 | 0f87 ad26 
  0x00007f4ecc46b730: 0000 4989 | bfb8 0100 | 0048 c700 | 0100 0000 | 488b ca48 | c1e9 0389 | 4808 4833 | c989 480c 
  0x00007f4ecc46b750: 4833 c948 | 8948 1048 | 8948 1848 | 8948 2048 | 8948 2848 

  0x00007f4ecc46b764: ;   {metadata(method data for {method} {0x00007f4ea85359c8} 'throwJavaNpe' '(Ljava/lang/String;)V' in 'kotlin/jvm/internal/Intrinsics')}
  0x00007f4ecc46b764: 8bd0 48be | 303d 30a9 | 4e7f 0000 | 4883 8638 | 0100 0001 

  0x00007f4ecc46b778: ;   {oop("null cannot be cast to non-null type kotlinx.coroutines.internal.DispatchedContinuation<T of kotlinx.coroutines.DispatchedTask>"{0x00000000e0dedec8})}
  0x00007f4ecc46b778: 48ba c8de | dee0 0000 | 0000 488b | f048 8984 | 24c0 0000 

  0x00007f4ecc46b78c: ;   {optimized virtual_call}
  0x00007f4ecc46b78c: 0066 90e8 

  0x00007f4ecc46b790: ; ImmutableOopMap {[176]=Oop [184]=Oop [192]=Oop }
                      ;*invokespecial <init> {reexecute=0 rethrow=0 return_oop=0}
                      ; - kotlin.jvm.internal.Intrinsics::throwJavaNpe@5 (line 50)
                      ; - kotlin.jvm.internal.Intrinsics::checkNotNull@5 (line 31)
                      ; - kotlinx.coroutines.DispatchedTask::run@40 (line 80)
  0x00007f4ecc46b790: ec9f b106 

  0x00007f4ecc46b794: ;   {other}
  0x00007f4ecc46b794: 0f1f 8400 | 0409 0001 

  0x00007f4ecc46b79c: ;   {metadata(method data for {method} {0x00007f4ea85359c8} 'throwJavaNpe' '(Ljava/lang/String;)V' in 'kotlin/jvm/internal/Intrinsics')}
  0x00007f4ecc46b79c: 48be 303d | 30a9 4e7f | 0000 4883 | 8648 0100 

  0x00007f4ecc46b7ac: ;   {metadata(method data for {method} {0x00007f4ea8537868} 'sanitizeStackTrace' '(Ljava/lang/Throwable;)Ljava/lang/Throwable;' in 'kotlin/jvm/internal/Intrinsics')}
  0x00007f4ecc46b7ac: 0001 48be | 0039 a6a8 | 4e7f 0000 | 8bbe f400 | 0000 83c7 | 0289 bef4 | 0000 0081 | e7fe ff1f 
  0x00007f4ecc46b7cc: 0085 ff0f | 8417 2600 

  0x00007f4ecc46b7d4: ;   {oop(a 'java/lang/Class'{0x00000000e099b038} = 'kotlin/jvm/internal/Intrinsics')}
  0x00007f4ecc46b7d4: 0048 be38 | b099 e000 | 0000 0048 

  0x00007f4ecc46b7e0: ;   {metadata(method data for {method} {0x00007f4ea8537868} 'sanitizeStackTrace' '(Ljava/lang/Throwable;)Ljava/lang/Throwable;' in 'kotlin/jvm/internal/Intrinsics')}
  0x00007f4ecc46b7e0: 8bfe 48bb | 0039 a6a8 | 4e7f 0000 | 4883 8338 | 0100 0001 

  0x00007f4ecc46b7f4: ;   {metadata(method data for {method} {0x00007f4ea80164e8} 'getName' '()Ljava/lang/String;' in 'java/lang/Class')}
  0x00007f4ecc46b7f4: 48bf 10d5 | 45a8 4e7f | 0000 8b9f | f400 0000 | 83c3 0289 | 9ff4 0000 | 0081 e3fe | ff1f 0085 
  0x00007f4ecc46b814: db0f 84f2 | 2500 008b | 762c 4885 

  0x00007f4ecc46b820: ;   {metadata(method data for {method} {0x00007f4ea80164e8} 'getName' '()Ljava/lang/String;' in 'java/lang/Class')}
  0x00007f4ecc46b820: f648 bf10 | d545 a84e | 7f00 0048 | c7c3 3801 | 0000 7407 | 48c7 c348 | 0100 0048 | 8b04 1f48 
  0x00007f4ecc46b840: 8d40 0148 | 8904 1f0f | 8418 0000 

  0x00007f4ecc46b84c: ;   {metadata(method data for {method} {0x00007f4ea80164e8} 'getName' '()Ljava/lang/String;' in 'java/lang/Class')}
  0x00007f4ecc46b84c: 0048 bf10 | d545 a84e | 7f00 00ff | 8758 0100 | 0048 8bfe | e932 0000 

  0x00007f4ecc46b864: ;   {oop(a 'java/lang/Class'{0x00000000e099b038} = 'kotlin/jvm/internal/Intrinsics')}
  0x00007f4ecc46b864: 0048 be38 | b099 e000 | 0000 0048 

  0x00007f4ecc46b870: ;   {metadata(method data for {method} {0x00007f4ea80164e8} 'getName' '()Ljava/lang/String;' in 'java/lang/Class')}
  0x00007f4ecc46b870: 8bfe 48bb | 10d5 45a8 | 4e7f 0000 | 4883 8370 | 0100 0001 

  0x00007f4ecc46b884: ;   {optimized virtual_call}
  0x00007f4ecc46b884: 6666 90e8 

  0x00007f4ecc46b888: ; ImmutableOopMap {[176]=Oop [184]=Oop [192]=Oop }
                      ;*invokevirtual initClassName {reexecute=0 rethrow=0 return_oop=0}
                      ; - java.lang.Class::getName@14
                      ; - kotlin.jvm.internal.Intrinsics::sanitizeStackTrace@3 (line 253)
                      ; - kotlin.jvm.internal.Intrinsics::throwJavaNpe@8 (line 50)
                      ; - kotlin.jvm.internal.Intrinsics::checkNotNull@5 (line 31)
                      ; - kotlinx.coroutines.DispatchedTask::run@40 (line 80)
  0x00007f4ecc46b888: f49e b106 

  0x00007f4ecc46b88c: ;   {other}
  0x00007f4ecc46b88c: 0f1f 8400 | fc09 0002 | 488b f848 | 8b84 24c0 | 0000 00e9 | a020 0000 | 4885 c075 

  0x00007f4ecc46b8a8: ;   {metadata(method data for {method} {0x00007f4ea88616b0} 'run' '()V' in 'kotlinx/coroutines/DispatchedTask')}
  0x00007f4ecc46b8a8: 1648 bba0 | d295 ab4e | 7f00 0080 | 8b11 0200 | 0001 e9ba 

  0x00007f4ecc46b8bc: ;   {metadata('kotlinx/coroutines/internal/DispatchedContinuation')}
  0x00007f4ecc46b8bc: 0000 0048 | be00 c00d | 0001 0000 | 008b 7808 | 48c1 e703 | 483b f70f | 8584 0000 

  0x00007f4ecc46b8d8: ;   {metadata(method data for {method} {0x00007f4ea88616b0} 'run' '()V' in 'kotlinx/coroutines/DispatchedTask')}
  0x00007f4ecc46b8d8: 0048 bba0 | d295 ab4e | 7f00 008b | 7008 48c1 | e603 483b | b328 0200 | 0075 0d48 | 8383 3002 
  0x00007f4ecc46b8f8: 0000 01e9 | 7900 0000 | 483b b338 | 0200 0075 | 0d48 8383 | 4002 0000 | 01e9 6300 | 0000 4883 
  0x00007f4ecc46b918: bb28 0200 | 0000 7517 | 4889 b328 | 0200 0048 | c783 3002 | 0000 0100 | 0000 e942 | 0000 0048 
  0x00007f4ecc46b938: 83bb 3802 | 0000 0075 | 1748 89b3 | 3802 0000 | 48c7 8340 | 0200 0001 | 0000 00e9 | 2100 0000 
  0x00007f4ecc46b958: e91c 0000 

  0x00007f4ecc46b95c: ;   {metadata(method data for {method} {0x00007f4ea88616b0} 'run' '()V' in 'kotlinx/coroutines/DispatchedTask')}
  0x00007f4ecc46b95c: 0048 bba0 | d295 ab4e | 7f00 0048 | 83ab 1802 | 0000 01e9 | bf24 0000 | e900 0000 | 0048 8bf0 
  0x00007f4ecc46b97c: ; implicit exception: dispatches to 0x00007f4ecc46de3c
  0x00007f4ecc46b97c: 8b7e 208b | 5e28 483b | 0748 8bf7 

  0x00007f4ecc46b988: ;   {metadata(method data for {method} {0x00007f4ea88616b0} 'run' '()V' in 'kotlinx/coroutines/DispatchedTask')}
  0x00007f4ecc46b988: 48b8 a0d2 | 95ab 4e7f | 0000 8b76 | 0848 c1e6 | 0348 3bb0 | 6002 0000 | 750d 4883 | 8068 0200 
  0x00007f4ecc46b9a8: 0001 e960 | 0000 0048 | 3bb0 7002 | 0000 750d | 4883 8078 | 0200 0001 | e94a 0000 | 0048 83b8 
  0x00007f4ecc46b9c8: 6002 0000 | 0075 1748 | 89b0 6002 | 0000 48c7 | 8068 0200 | 0001 0000 | 00e9 2900 | 0000 4883 
  0x00007f4ecc46b9e8: b870 0200 | 0000 7517 | 4889 b070 | 0200 0048 | c780 7802 | 0000 0100 | 0000 e908 | 0000 0048 
  0x00007f4ecc46ba08: 8380 5002 | 0000 0148 | 8bf7 4889 | bc24 d000 | 0000 4889 | 9c24 c800 | 0000 6666 | 9048 b810 
  0x00007f4ecc46ba28: ff0a 8c4e 

  0x00007f4ecc46ba2c: ;   {virtual_call}
  0x00007f4ecc46ba2c: 7f00 00e8 

  0x00007f4ecc46ba30: ; ImmutableOopMap {[176]=Oop [200]=Oop [208]=Oop }
                      ;*invokeinterface getContext {reexecute=0 rethrow=0 return_oop=0}
                      ; - kotlinx.coroutines.DispatchedTask::run@64 (line 222)
  0x00007f4ecc46ba30: 2cd4 ca06 

  0x00007f4ecc46ba34: ;   {other}
  0x00007f4ecc46ba34: 0f1f 8400 | a40b 0003 

  0x00007f4ecc46ba3c: ;   {metadata(method data for {method} {0x00007f4ea88616b0} 'run' '()V' in 'kotlinx/coroutines/DispatchedTask')}
  0x00007f4ecc46ba3c: 48be a0d2 | 95ab 4e7f | 0000 4883 | 8688 0200 | 0001 488b | f048 8b94 | 24c8 0000 | 0048 8984 
  0x00007f4ecc46ba5c: 24d8 0000 | 0066 0f1f 

  0x00007f4ecc46ba64: ;   {static_call}
  0x00007f4ecc46ba64: 4400 00e8 

  0x00007f4ecc46ba68: ; ImmutableOopMap {[176]=Oop [208]=Oop [216]=Oop }
                      ;*invokestatic updateThreadContext {reexecute=0 rethrow=0 return_oop=0}
                      ; - kotlinx.coroutines.DispatchedTask::run@75 (line 223)
  0x00007f4ecc46ba68: 5459 c3ff 

  0x00007f4ecc46ba6c: ;   {other}
  0x00007f4ecc46ba6c: 0f1f 8400 | dc0b 0004 

  0x00007f4ecc46ba74: ;   {oop(a 'kotlinx/coroutines/internal/Symbol'{0x00000000e0ce4838})}
  0x00007f4ecc46ba74: 49ba 3848 | cee0 0000 | 0000 493b 

  0x00007f4ecc46ba80: ;   {metadata(method data for {method} {0x00007f4ea88616b0} 'run' '()V' in 'kotlinx/coroutines/DispatchedTask')}
  0x00007f4ecc46ba80: c248 bea0 | d295 ab4e | 7f00 0048 | c7c2 9802 | 0000 7407 | 48c7 c2a8 | 0200 0048 | 8b0c 1648 
  0x00007f4ecc46baa0: 8d49 0148 | 890c 160f | 8454 0000 

  0x00007f4ecc46baac: ;   {metadata(method data for {method} {0x00007f4ea88616b0} 'run' '()V' in 'kotlinx/coroutines/DispatchedTask')}
  0x00007f4ecc46baac: 0048 bea0 | d295 ab4e | 7f00 0048 | 8386 b802 | 0000 0148 | 8bb4 24d0 | 0000 0048 | 8b94 24d8 
  0x00007f4ecc46bacc: 0000 0048 | 8bc8 4889 | 8424 e000 | 0000 0f1f 

  0x00007f4ecc46badc: ;   {static_call}
  0x00007f4ecc46badc: 4400 00e8 

  0x00007f4ecc46bae0: ; ImmutableOopMap {[176]=Oop [208]=Oop [216]=Oop [224]=Oop }
                      ;*invokestatic updateUndispatchedCompletion {reexecute=0 rethrow=0 return_oop=0}
                      ; - kotlinx.coroutines.DispatchedTask::run@93 (line 226)
  0x00007f4ecc46bae0: 9ca6 b106 

  0x00007f4ecc46bae4: ;   {other}
  0x00007f4ecc46bae4: 0f1f 8400 | 540c 0005 

  0x00007f4ecc46baec: ;   {metadata(method data for {method} {0x00007f4ea88616b0} 'run' '()V' in 'kotlinx/coroutines/DispatchedTask')}
  0x00007f4ecc46baec: 48be a0d2 | 95ab 4e7f | 0000 ff86 | c802 0000 | e912 0000 | 0048 8984 | 24e0 0000 

  0x00007f4ecc46bb08: ;   {oop(nullptr)}
  0x00007f4ecc46bb08: 0048 b800 | 0000 0000 | 0000 0048 | 8984 24e8 | 0000 0048 | 8bbc 24d0 

  0x00007f4ecc46bb20: ;   {metadata(method data for {method} {0x00007f4ea88616b0} 'run' '()V' in 'kotlinx/coroutines/DispatchedTask')}
  0x00007f4ecc46bb20: 0000 0048 | bea0 d295 | ab4e 7f00 | 008b 7f08 | 48c1 e703 | 483b bef0 | 0200 0075 | 0d48 8386 
  0x00007f4ecc46bb40: f802 0000 | 01e9 6000 | 0000 483b | be00 0300 | 0075 0d48 | 8386 0803 | 0000 01e9 | 4a00 0000 
  0x00007f4ecc46bb60: 4883 bef0 | 0200 0000 | 7517 4889 | bef0 0200 | 0048 c786 | f802 0000 | 0100 0000 | e929 0000 
  0x00007f4ecc46bb80: 0048 83be | 0003 0000 | 0075 1748 | 89be 0003 | 0000 48c7 | 8608 0300 | 0001 0000 | 00e9 0800 
  0x00007f4ecc46bba0: 0000 4883 | 86e0 0200 | 0001 488b | b424 d000 | 0000 6666 | 9048 b800 | 4497 e24e 

  0x00007f4ecc46bbbc: ;   {virtual_call}
  0x00007f4ecc46bbbc: 7f00 00e8 

  0x00007f4ecc46bbc0: ; ImmutableOopMap {[176]=Oop [208]=Oop [216]=Oop [224]=Oop [232]=Oop }
                      ;*invokeinterface getContext {reexecute=0 rethrow=0 return_oop=0}
                      ; - kotlinx.coroutines.DispatchedTask::run@107 (line 83)
  0x00007f4ecc46bbc0: 9cd2 ca06 

  0x00007f4ecc46bbc4: ;   {other}
  0x00007f4ecc46bbc4: 0f1f 8400 | 340d 0006 | 488b b424 | b000 0000 

  0x00007f4ecc46bbd4: ;   {metadata(method data for {method} {0x00007f4ea88616b0} 'run' '()V' in 'kotlinx/coroutines/DispatchedTask')}
  0x00007f4ecc46bbd4: 48bf a0d2 | 95ab 4e7f | 0000 8b76 | 0848 c1e6 | 0348 3bb7 | 2803 0000 | 750d 4883 | 8730 0300 
  0x00007f4ecc46bbf4: 0001 e960 | 0000 0048 | 3bb7 3803 | 0000 750d | 4883 8740 | 0300 0001 | e94a 0000 | 0048 83bf 
  0x00007f4ecc46bc14: 2803 0000 | 0075 1748 | 89b7 2803 | 0000 48c7 | 8730 0300 | 0001 0000 | 00e9 2900 | 0000 4883 
  0x00007f4ecc46bc34: bf38 0300 | 0000 7517 | 4889 b738 | 0300 0048 | c787 4003 | 0000 0100 | 0000 e908 | 0000 0048 
  0x00007f4ecc46bc54: 8387 1803 | 0000 0148 | 8bb4 24b0 | 0000 0048 | 8984 24f0 | 0000 0066 | 9048 b8ff | ffff ffff 
  0x00007f4ecc46bc74: ;   {virtual_call}
  0x00007f4ecc46bc74: ffff ffe8 

  0x00007f4ecc46bc78: ; ImmutableOopMap {[176]=Oop [208]=Oop [216]=Oop [224]=Oop [232]=Oop [240]=Oop }
                      ;*invokevirtual takeState$kotlinx_coroutines_core {reexecute=0 rethrow=0 return_oop=0}
                      ; - kotlinx.coroutines.DispatchedTask::run@115 (line 84)
  0x00007f4ecc46bc78: 645d bf06 

  0x00007f4ecc46bc7c: ;   {other}
  0x00007f4ecc46bc7c: 0f1f 8400 | ec0d 0007 | 4889 8424 | f800 0000 | 488b b424 | b000 0000 

  0x00007f4ecc46bc94: ;   {metadata(method data for {method} {0x00007f4ea88616b0} 'run' '()V' in 'kotlinx/coroutines/DispatchedTask')}
  0x00007f4ecc46bc94: 48ba a0d2 | 95ab 4e7f | 0000 8b76 | 0848 c1e6 | 0348 3bb2 | 6003 0000 | 750d 4883 | 8268 0300 
  0x00007f4ecc46bcb4: 0001 e960 | 0000 0048 | 3bb2 7003 | 0000 750d | 4883 8278 | 0300 0001 | e94a 0000 | 0048 83ba 
  0x00007f4ecc46bcd4: 6003 0000 | 0075 1748 | 89b2 6003 | 0000 48c7 | 8268 0300 | 0001 0000 | 00e9 2900 | 0000 4883 
  0x00007f4ecc46bcf4: ba70 0300 | 0000 7517 | 4889 b270 | 0300 0048 | c782 7803 | 0000 0100 | 0000 e908 | 0000 0048 
  0x00007f4ecc46bd14: 8382 5003 | 0000 0148 | 8bd0 488b | b424 b000 | 0000 0f1f | 8000 0000 | 0048 b8ff | ffff ffff 
  0x00007f4ecc46bd34: ;   {virtual_call}
  0x00007f4ecc46bd34: ffff ffe8 

  0x00007f4ecc46bd38: ; ImmutableOopMap {[176]=Oop [208]=Oop [216]=Oop [224]=Oop [232]=Oop [240]=Oop [248]=Oop }
                      ;*invokevirtual getExceptionalResult$kotlinx_coroutines_core {reexecute=0 rethrow=0 return_oop=0}
                      ; - kotlinx.coroutines.DispatchedTask::run@123 (line 85)
  0x00007f4ecc46bd38: 7c5e bf06 

  0x00007f4ecc46bd3c: ;   {other}
  0x00007f4ecc46bd3c: 0f1f 8400 | ac0e 0008 | 4889 8424 | 0001 0000 

  0x00007f4ecc46bd4c: ;   {metadata(method data for {method} {0x00007f4ea88616b0} 'run' '()V' in 'kotlinx/coroutines/DispatchedTask')}
  0x00007f4ecc46bd4c: 4885 c048 | baa0 d295 | ab4e 7f00 | 0048 c7c6 | 8803 0000 | 7507 48c7 | c698 0300 | 0048 8b3c 
  0x00007f4ecc46bd6c: 3248 8d7f | 0148 893c | 3248 8bb4 | 24b0 0000 | 000f 85ea | 0000 008b 

  0x00007f4ecc46bd84: ;   {metadata(method data for {method} {0x00007f4ea88616b0} 'run' '()V' in 'kotlinx/coroutines/DispatchedTask')}
  0x00007f4ecc46bd84: 5618 48bf | a0d2 95ab | 4e7f 0000 | 4883 87a8 | 0300 0001 

  0x00007f4ecc46bd98: ;   {metadata(method data for {method} {0x00007f4ea88758b0} 'isCancellableMode' '(I)Z' in 'kotlinx/coroutines/DispatchedTaskKt')}
  0x00007f4ecc46bd98: 48bf e069 | 1aab 4e7f | 0000 8b9f | f400 0000 | 83c3 0289 | 9ff4 0000 | 0081 e3fe | ff1f 0085 
  0x00007f4ecc46bdb8: db0f 8487 | 2000 0083 

  0x00007f4ecc46bdc0: ;   {metadata(method data for {method} {0x00007f4ea88758b0} 'isCancellableMode' '(I)Z' in 'kotlinx/coroutines/DispatchedTaskKt')}
  0x00007f4ecc46bdc0: fa01 48bf | e069 1aab | 4e7f 0000 | 48c7 c338 | 0100 0074 | 0748 c7c3 | 4801 0000 | 488b 0c1f 
  0x00007f4ecc46bde0: 488d 4901 | 4889 0c1f | 0f84 2f00 | 0000 83fa 

  0x00007f4ecc46bdf0: ;   {metadata(method data for {method} {0x00007f4ea88758b0} 'isCancellableMode' '(I)Z' in 'kotlinx/coroutines/DispatchedTaskKt')}
  0x00007f4ecc46bdf0: 0248 bae0 | 691a ab4e | 7f00 0048 | c7c7 5801 | 0000 7507 | 48c7 c768 | 0100 0048 | 8b1c 3a48 
  0x00007f4ecc46be10: 8d5b 0148 | 891c 3a0f | 851a 0000 

  0x00007f4ecc46be1c: ;   {metadata(method data for {method} {0x00007f4ea88758b0} 'isCancellableMode' '(I)Z' in 'kotlinx/coroutines/DispatchedTaskKt')}
  0x00007f4ecc46be1c: 0048 bae0 | 691a ab4e | 7f00 00ff | 8278 0100 | 00ba 0100 | 0000 e905 | 0000 00ba | 0000 0000 
  0x00007f4ecc46be3c: 83e2 0185 

  0x00007f4ecc46be40: ;   {metadata(method data for {method} {0x00007f4ea88616b0} 'run' '()V' in 'kotlinx/coroutines/DispatchedTask')}
  0x00007f4ecc46be40: d248 baa0 | d295 ab4e | 7f00 0048 | c7c7 c803 | 0000 7507 | 48c7 c7b8 | 0300 0048 | 8b1c 3a48 
  0x00007f4ecc46be60: 8d5b 0148 | 891c 3a0f | 850f 0000 

  0x00007f4ecc46be6c: ;   {oop(nullptr)}
  0x00007f4ecc46be6c: 0048 bf00 | 0000 0000 | 0000 00e9 | c601 0000 | 488b 8424 | f000 0000 

  0x00007f4ecc46be84: ; implicit exception: dispatches to 0x00007f4ecc46de67
  0x00007f4ecc46be84: 483b 0048 

  0x00007f4ecc46be88: ;   {metadata(method data for {method} {0x00007f4ea88616b0} 'run' '()V' in 'kotlinx/coroutines/DispatchedTask')}
  0x00007f4ecc46be88: 8bd0 48bb | a0d2 95ab | 4e7f 0000 | 8b52 0848 | c1e2 0348 | 3b93 2004 | 0000 750d | 4883 8328 
  0x00007f4ecc46bea8: 0400 0001 | e960 0000 | 0048 3b93 | 3004 0000 | 750d 4883 | 8338 0400 | 0001 e94a | 0000 0048 
  0x00007f4ecc46bec8: 83bb 2004 | 0000 0075 | 1748 8993 | 2004 0000 | 48c7 8328 | 0400 0001 | 0000 00e9 | 2900 0000 
  0x00007f4ecc46bee8: 4883 bb30 | 0400 0000 | 7517 4889 | 9330 0400 | 0048 c783 | 3804 0000 | 0100 0000 | e908 0000 
  0x00007f4ecc46bf08: 0048 8383 | 1004 0000 

  0x00007f4ecc46bf10: ;   {oop(a 'kotlinx/coroutines/Job$Key'{0x00000000e09df728})}
  0x00007f4ecc46bf10: 0148 ba28 | f79d e000 | 0000 0048 | 8bf0 0f1f | 8000 0000 | 0048 b8e0 | 720c 0001 

  0x00007f4ecc46bf2c: ;   {virtual_call}
  0x00007f4ecc46bf2c: 0000 00e8 

  0x00007f4ecc46bf30: ; ImmutableOopMap {[176]=Oop [208]=Oop [216]=Oop [224]=Oop [232]=Oop [248]=Oop [256]=Oop }
                      ;*invokeinterface get {reexecute=0 rethrow=0 return_oop=0}
                      ; - kotlinx.coroutines.DispatchedTask::run@151 (line 91)
  0x00007f4ecc46bf30: ec99 2c07 

  0x00007f4ecc46bf34: ;   {other}
  0x00007f4ecc46bf34: 0f1f 8400 | a410 0009 | 4885 c075 

  0x00007f4ecc46bf40: ;   {metadata(method data for {method} {0x00007f4ea88616b0} 'run' '()V' in 'kotlinx/coroutines/DispatchedTask')}
  0x00007f4ecc46bf40: 1648 bba0 | d295 ab4e | 7f00 0080 | 8b41 0400 | 0001 e9d5 

  0x00007f4ecc46bf54: ;   {metadata('kotlinx/coroutines/Job')}
  0x00007f4ecc46bf54: 0000 0048 | be68 1a00 | 0001 0000 | 008b 5808 | 48c1 e303 | 483b 7320 | 0f84 1a00 | 0000 483b 
  0x00007f4ecc46bf74: de0f 8411 | 0000 0053 

  0x00007f4ecc46bf7c: ;   {runtime_call slow_subtype_check Runtime1 stub}
  0x00007f4ecc46bf7c: 56e8 7e7d | be06 5b5b | 85db 0f84 | 8400 0000 

  0x00007f4ecc46bf8c: ;   {metadata(method data for {method} {0x00007f4ea88616b0} 'run' '()V' in 'kotlinx/coroutines/DispatchedTask')}
  0x00007f4ecc46bf8c: 48bb a0d2 | 95ab 4e7f | 0000 8b70 | 0848 c1e6 | 0348 3bb3 | 5804 0000 | 750d 4883 | 8360 0400 
  0x00007f4ecc46bfac: 0001 e979 | 0000 0048 | 3bb3 6804 | 0000 750d | 4883 8370 | 0400 0001 | e963 0000 | 0048 83bb 
  0x00007f4ecc46bfcc: 5804 0000 | 0075 1748 | 89b3 5804 | 0000 48c7 | 8360 0400 | 0001 0000 | 00e9 4200 | 0000 4883 
  0x00007f4ecc46bfec: bb68 0400 | 0000 7517 | 4889 b368 | 0400 0048 | c783 7004 | 0000 0100 | 0000 e921 | 0000 00e9 
  0x00007f4ecc46c00c: 1c00 0000 

  0x00007f4ecc46c010: ;   {metadata(method data for {method} {0x00007f4ea88616b0} 'run' '()V' in 'kotlinx/coroutines/DispatchedTask')}
  0x00007f4ecc46c010: 48bb a0d2 | 95ab 4e7f | 0000 4883 | ab48 0400 | 0001 e945 | 1e00 00e9 | 0000 0000 

  0x00007f4ecc46c02c: ;   {metadata(method data for {method} {0x00007f4ea88616b0} 'run' '()V' in 'kotlinx/coroutines/DispatchedTask')}
  0x00007f4ecc46c02c: 488b f048 | bfa0 d295 | ab4e 7f00 | 00ff 8780 | 0400 0048 | 8bfe 4885 

  0x00007f4ecc46c044: ;   {metadata(method data for {method} {0x00007f4ea88616b0} 'run' '()V' in 'kotlinx/coroutines/DispatchedTask')}
  0x00007f4ecc46c044: ff48 bea0 | d295 ab4e | 7f00 0048 | c7c3 9804 | 0000 7407 | 48c7 c3a8 | 0400 0048 | 8b04 1e48 
  0x00007f4ecc46c064: 8d40 0148 | 8904 1e0f | 84e1 0000 | 0048 3b07 

  0x00007f4ecc46c074: ;   {metadata(method data for {method} {0x00007f4ea88616b0} 'run' '()V' in 'kotlinx/coroutines/DispatchedTask')}
  0x00007f4ecc46c074: 488b f748 | bba0 d295 | ab4e 7f00 | 008b 7608 | 48c1 e603 | 483b b3c8 | 0400 0075 | 0d48 8383 
  0x00007f4ecc46c094: d004 0000 | 01e9 6000 | 0000 483b | b3d8 0400 | 0075 0d48 | 8383 e004 | 0000 01e9 | 4a00 0000 
  0x00007f4ecc46c0b4: 4883 bbc8 | 0400 0000 | 7517 4889 | b3c8 0400 | 0048 c783 | d004 0000 | 0100 0000 | e929 0000 
  0x00007f4ecc46c0d4: 0048 83bb | d804 0000 | 0075 1748 | 89b3 d804 | 0000 48c7 | 83e0 0400 | 0001 0000 | 00e9 0800 
  0x00007f4ecc46c0f4: 0000 4883 | 83b8 0400 | 0001 488b | f748 89bc | 2408 0100 | 000f 1f40 | 0048 b800 | 74ae b44e 
  0x00007f4ecc46c114: ;   {virtual_call}
  0x00007f4ecc46c114: 7f00 00e8 

  0x00007f4ecc46c118: ; ImmutableOopMap {[176]=Oop [208]=Oop [216]=Oop [224]=Oop [232]=Oop [248]=Oop [256]=Oop [264]=Oop }
                      ;*invokeinterface isActive {reexecute=0 rethrow=0 return_oop=0}
                      ; - kotlinx.coroutines.DispatchedTask::run@172 (line 92)
  0x00007f4ecc46c118: 8c56 bf06 

  0x00007f4ecc46c11c: ;   {other}
  0x00007f4ecc46c11c: 0f1f 8400 | 8c12 000a 

  0x00007f4ecc46c124: ;   {metadata(method data for {method} {0x00007f4ea88616b0} 'run' '()V' in 'kotlinx/coroutines/DispatchedTask')}
  0x00007f4ecc46c124: 85c0 48ba | a0d2 95ab | 4e7f 0000 | 48c7 c600 | 0500 0074 | 0748 c7c6 | f004 0000 | 488b 3c32 
  0x00007f4ecc46c144: 488d 7f01 | 4889 3c32 | 0f84 df08 | 0000 488b | 8424 0001 | 0000 4885 

  0x00007f4ecc46c15c: ;   {metadata(method data for {method} {0x00007f4ea88616b0} 'run' '()V' in 'kotlinx/coroutines/DispatchedTask')}
  0x00007f4ecc46c15c: c048 baa0 | d295 ab4e | 7f00 0048 | c7c6 4807 | 0000 7407 | 48c7 c658 | 0700 0048 | 8b3c 3248 
  0x00007f4ecc46c17c: 8d7f 0148 | 893c 320f | 84f8 0600 

  0x00007f4ecc46c188: ;   {metadata(method data for {method} {0x00007f4ea88616b0} 'run' '()V' in 'kotlinx/coroutines/DispatchedTask')}
  0x00007f4ecc46c188: 0048 baa0 | d295 ab4e | 7f00 0048 | 8382 6807 

  0x00007f4ecc46c198: ;   {metadata(method data for {method} {0x00007f4ea887d960} 'createFailure' '(Ljava/lang/Throwable;)Ljava/lang/Object;' in 'kotlin/ResultKt')}
  0x00007f4ecc46c198: 0000 0148 | ba18 8f4c | ab4e 7f00 | 008b b2f4 | 0000 0083 | c602 89b2 | f400 0000 | 81e6 feff 
  0x00007f4ecc46c1b8: 1f00 85f6 | 0f84 b81c 

  0x00007f4ecc46c1c0: ;   {metadata(method data for {method} {0x00007f4ea887d960} 'createFailure' '(Ljava/lang/Throwable;)Ljava/lang/Object;' in 'kotlin/ResultKt')}
  0x00007f4ecc46c1c0: 0000 48ba | 188f 4cab | 4e7f 0000 | 4883 8238 | 0100 0001 

  0x00007f4ecc46c1d4: ;   {metadata(method data for {method} {0x00007f4ea8536670} 'checkNotNullParameter' '(Ljava/lang/Object;Ljava/lang/String;)V' in 'kotlin/jvm/internal/Intrinsics')}
  0x00007f4ecc46c1d4: 48ba 2030 | a6a8 4e7f | 0000 8bb2 | f400 0000 | 83c6 0289 | b2f4 0000 | 0081 e6fe | ff1f 0085 
  0x00007f4ecc46c1f4: f60f 84a0 | 1c00 0048 

  0x00007f4ecc46c1fc: ;   {metadata(method data for {method} {0x00007f4ea8536670} 'checkNotNullParameter' '(Ljava/lang/Object;Ljava/lang/String;)V' in 'kotlin/jvm/internal/Intrinsics')}
  0x00007f4ecc46c1fc: 85c0 48ba | 2030 a6a8 | 4e7f 0000 | 48c7 c638 | 0100 0075 | 0748 c7c6 | 4801 0000 | 488b 3c32 
  0x00007f4ecc46c21c: 488d 7f01 | 4889 3c32 | 0f85 0202 

  0x00007f4ecc46c228: ;   {metadata(method data for {method} {0x00007f4ea8536670} 'checkNotNullParameter' '(Ljava/lang/Object;Ljava/lang/String;)V' in 'kotlin/jvm/internal/Intrinsics')}
  0x00007f4ecc46c228: 0000 48ba | 2030 a6a8 | 4e7f 0000 | 4883 8258 | 0100 0001 

  0x00007f4ecc46c23c: ;   {metadata(method data for {method} {0x00007f4ea85367f0} 'throwParameterIsNullNPE' '(Ljava/lang/String;)V' in 'kotlin/jvm/internal/Intrinsics')}
  0x00007f4ecc46c23c: 48ba d031 | a6a8 4e7f | 0000 8bb2 | f400 0000 | 83c6 0289 | b2f4 0000 | 0081 e6fe | ff1f 0085 
  0x00007f4ecc46c25c: f60f 8459 | 1c00 000f | 1f44 0000 

  0x00007f4ecc46c268: ;   {no_reloc}
  0x00007f4ecc46c268: e97f 1c00 | 0000 0000 | 0000 498b | 87b8 0100 | 0048 8d78 | 3049 3bbf | c801 0000 | 0f87 6c1c 
  0x00007f4ecc46c288: 0000 4989 | bfb8 0100 | 0048 c700 | 0100 0000 | 488b ca48 | c1e9 0389 | 4808 4833 | c989 480c 
  0x00007f4ecc46c2a8: 4833 c948 | 8948 1048 | 8948 1848 | 8948 2048 

  0x00007f4ecc46c2b8: ;   {metadata(method data for {method} {0x00007f4ea85367f0} 'throwParameterIsNullNPE' '(Ljava/lang/String;)V' in 'kotlin/jvm/internal/Intrinsics')}
  0x00007f4ecc46c2b8: 8948 2848 | bed0 31a6 | a84e 7f00 | 0048 8386 | 3801 0000 

  0x00007f4ecc46c2cc: ;   {oop("exception"{0x00000000e067fae0})}
  0x00007f4ecc46c2cc: 0148 bee0 | fa67 e000 | 0000 0048 | 8984 2410 

  0x00007f4ecc46c2dc: ;   {static_call}
  0x00007f4ecc46c2dc: 0100 00e8 

  0x00007f4ecc46c2e0: ; ImmutableOopMap {[176]=Oop [208]=Oop [216]=Oop [224]=Oop [232]=Oop [256]=Oop [272]=Oop }
                      ;*invokestatic createParameterIsNullExceptionMessage {reexecute=0 rethrow=0 return_oop=0}
                      ; - kotlin.jvm.internal.Intrinsics::throwParameterIsNullNPE@5 (line 140)
                      ; - kotlin.jvm.internal.Intrinsics::checkNotNullParameter@5 (line 131)
                      ; - kotlin.ResultKt::createFailure@3
                      ; - kotlinx.coroutines.DispatchedTask::run@286 (line 98)
  0x00007f4ecc46c2e0: 9c9e b106 

  0x00007f4ecc46c2e4: ;   {other}
  0x00007f4ecc46c2e4: 0f1f 8400 | 5414 000b | 488b 9424 | 1001 0000 

  0x00007f4ecc46c2f4: ;   {metadata(method data for {method} {0x00007f4ea85367f0} 'throwParameterIsNullNPE' '(Ljava/lang/String;)V' in 'kotlin/jvm/internal/Intrinsics')}
  0x00007f4ecc46c2f4: 48be d031 | a6a8 4e7f | 0000 4883 | 8648 0100 | 0001 488b | d048 8bb4 | 2410 0100 | 0066 0f1f 
  0x00007f4ecc46c314: ;   {optimized virtual_call}
  0x00007f4ecc46c314: 4400 00e8 

  0x00007f4ecc46c318: ; ImmutableOopMap {[176]=Oop [208]=Oop [216]=Oop [224]=Oop [232]=Oop [256]=Oop [272]=Oop }
                      ;*invokespecial <init> {reexecute=0 rethrow=0 return_oop=0}
                      ; - kotlin.jvm.internal.Intrinsics::throwParameterIsNullNPE@8 (line 140)
                      ; - kotlin.jvm.internal.Intrinsics::checkNotNullParameter@5 (line 131)
                      ; - kotlin.ResultKt::createFailure@3
                      ; - kotlinx.coroutines.DispatchedTask::run@286 (line 98)
  0x00007f4ecc46c318: 6494 b106 

  0x00007f4ecc46c31c: ;   {other}
  0x00007f4ecc46c31c: 0f1f 8400 | 8c14 000c 

  0x00007f4ecc46c324: ;   {metadata(method data for {method} {0x00007f4ea85367f0} 'throwParameterIsNullNPE' '(Ljava/lang/String;)V' in 'kotlin/jvm/internal/Intrinsics')}
  0x00007f4ecc46c324: 48be d031 | a6a8 4e7f | 0000 4883 | 8658 0100 

  0x00007f4ecc46c334: ;   {metadata(method data for {method} {0x00007f4ea8537868} 'sanitizeStackTrace' '(Ljava/lang/Throwable;)Ljava/lang/Throwable;' in 'kotlin/jvm/internal/Intrinsics')}
  0x00007f4ecc46c334: 0001 48be | 0039 a6a8 | 4e7f 0000 | 8bbe f400 | 0000 83c7 | 0289 bef4 | 0000 0081 | e7fe ff1f 
  0x00007f4ecc46c354: 0085 ff0f | 84a6 1b00 

  0x00007f4ecc46c35c: ;   {oop(a 'java/lang/Class'{0x00000000e099b038} = 'kotlin/jvm/internal/Intrinsics')}
  0x00007f4ecc46c35c: 0048 be38 | b099 e000 | 0000 0048 

  0x00007f4ecc46c368: ;   {metadata(method data for {method} {0x00007f4ea8537868} 'sanitizeStackTrace' '(Ljava/lang/Throwable;)Ljava/lang/Throwable;' in 'kotlin/jvm/internal/Intrinsics')}
  0x00007f4ecc46c368: 8bfe 48bb | 0039 a6a8 | 4e7f 0000 | 4883 8338 | 0100 0001 

  0x00007f4ecc46c37c: ;   {metadata(method data for {method} {0x00007f4ea80164e8} 'getName' '()Ljava/lang/String;' in 'java/lang/Class')}
  0x00007f4ecc46c37c: 48bf 10d5 | 45a8 4e7f | 0000 8b9f | f400 0000 | 83c3 0289 | 9ff4 0000 | 0081 e3fe | ff1f 0085 
  0x00007f4ecc46c39c: db0f 8481 | 1b00 008b | 762c 4885 

  0x00007f4ecc46c3a8: ;   {metadata(method data for {method} {0x00007f4ea80164e8} 'getName' '()Ljava/lang/String;' in 'java/lang/Class')}
  0x00007f4ecc46c3a8: f648 bf10 | d545 a84e | 7f00 0048 | c7c3 3801 | 0000 7407 | 48c7 c348 | 0100 0048 | 8b04 1f48 
  0x00007f4ecc46c3c8: 8d40 0148 | 8904 1f0f | 8418 0000 

  0x00007f4ecc46c3d4: ;   {metadata(method data for {method} {0x00007f4ea80164e8} 'getName' '()Ljava/lang/String;' in 'java/lang/Class')}
  0x00007f4ecc46c3d4: 0048 bf10 | d545 a84e | 7f00 00ff | 8758 0100 | 0048 8bfe | e932 0000 

  0x00007f4ecc46c3ec: ;   {oop(a 'java/lang/Class'{0x00000000e099b038} = 'kotlin/jvm/internal/Intrinsics')}
  0x00007f4ecc46c3ec: 0048 be38 | b099 e000 | 0000 0048 

  0x00007f4ecc46c3f8: ;   {metadata(method data for {method} {0x00007f4ea80164e8} 'getName' '()Ljava/lang/String;' in 'java/lang/Class')}
  0x00007f4ecc46c3f8: 8bfe 48bb | 10d5 45a8 | 4e7f 0000 | 4883 8370 | 0100 0001 

  0x00007f4ecc46c40c: ;   {optimized virtual_call}
  0x00007f4ecc46c40c: 6666 90e8 

  0x00007f4ecc46c410: ; ImmutableOopMap {[176]=Oop [208]=Oop [216]=Oop [224]=Oop [232]=Oop [256]=Oop [272]=Oop }
                      ;*invokevirtual initClassName {reexecute=0 rethrow=0 return_oop=0}
                      ; - java.lang.Class::getName@14
                      ; - kotlin.jvm.internal.Intrinsics::sanitizeStackTrace@3 (line 253)
                      ; - kotlin.jvm.internal.Intrinsics::throwParameterIsNullNPE@11 (line 140)
                      ; - kotlin.jvm.internal.Intrinsics::checkNotNullParameter@5 (line 131)
                      ; - kotlin.ResultKt::createFailure@3
                      ; - kotlinx.coroutines.DispatchedTask::run@286 (line 98)
  0x00007f4ecc46c410: 6c93 b106 

  0x00007f4ecc46c414: ;   {other}
  0x00007f4ecc46c414: 0f1f 8400 | 8415 000d | 488b f848 | 8b84 2410 | 0100 00e9 | 0113 0000 

  0x00007f4ecc46c42c: ;   {metadata('kotlin/Result$Failure')}
  0x00007f4ecc46c42c: 48ba f8f5 | 0c00 0100 | 0000 488b | d849 8b87 | b801 0000 | 488d 7810 | 493b bfc8 | 0100 000f 
  0x00007f4ecc46c44c: 87f9 1a00 | 0049 89bf | b801 0000 | 48c7 0001 | 0000 0048 | 8bca 48c1 | e903 8948 | 0848 33c9 
  0x00007f4ecc46c46c: 8948 0c48 | 33c9 4889 | 8424 2001 | 0000 488b 

  0x00007f4ecc46c47c: ;   {metadata(method data for {method} {0x00007f4ea887d960} 'createFailure' '(Ljava/lang/Throwable;)Ljava/lang/Object;' in 'kotlin/ResultKt')}
  0x00007f4ecc46c47c: d048 be18 | 8f4c ab4e | 7f00 0048 | 8386 4801 

  0x00007f4ecc46c48c: ;   {metadata(method data for {method} {0x00007f4ea862b830} '<init>' '(Ljava/lang/Throwable;)V' in 'kotlin/Result$Failure')}
  0x00007f4ecc46c48c: 0000 0148 | bab0 904c | ab4e 7f00 | 008b b2f4 | 0000 0083 | c602 89b2 | f400 0000 | 81e6 feff 
  0x00007f4ecc46c4ac: 1f00 85f6 | 0f84 a11a 

  0x00007f4ecc46c4b4: ;   {metadata(method data for {method} {0x00007f4ea862b830} '<init>' '(Ljava/lang/Throwable;)V' in 'kotlin/Result$Failure')}
  0x00007f4ecc46c4b4: 0000 48ba | b090 4cab | 4e7f 0000 | 4883 8238 | 0100 0001 

  0x00007f4ecc46c4c8: ;   {metadata(method data for {method} {0x00007f4ea8536670} 'checkNotNullParameter' '(Ljava/lang/Object;Ljava/lang/String;)V' in 'kotlin/jvm/internal/Intrinsics')}
  0x00007f4ecc46c4c8: 48ba 2030 | a6a8 4e7f | 0000 8bb2 | f400 0000 | 83c6 0289 | b2f4 0000 | 0081 e6fe | ff1f 0085 
  0x00007f4ecc46c4e8: f60f 8489 | 1a00 0048 

  0x00007f4ecc46c4f0: ;   {metadata(method data for {method} {0x00007f4ea8536670} 'checkNotNullParameter' '(Ljava/lang/Object;Ljava/lang/String;)V' in 'kotlin/jvm/internal/Intrinsics')}
  0x00007f4ecc46c4f0: 85db 48ba | 2030 a6a8 | 4e7f 0000 | 48c7 c638 | 0100 0075 | 0748 c7c6 | 4801 0000 | 488b 3c32 
  0x00007f4ecc46c510: 488d 7f01 | 4889 3c32 | 0f85 fe01 

  0x00007f4ecc46c51c: ;   {metadata(method data for {method} {0x00007f4ea8536670} 'checkNotNullParameter' '(Ljava/lang/Object;Ljava/lang/String;)V' in 'kotlin/jvm/internal/Intrinsics')}
  0x00007f4ecc46c51c: 0000 48ba | 2030 a6a8 | 4e7f 0000 | 4883 8258 | 0100 0001 

  0x00007f4ecc46c530: ;   {metadata(method data for {method} {0x00007f4ea85367f0} 'throwParameterIsNullNPE' '(Ljava/lang/String;)V' in 'kotlin/jvm/internal/Intrinsics')}
  0x00007f4ecc46c530: 48ba d031 | a6a8 4e7f | 0000 8bb2 | f400 0000 | 83c6 0289 | b2f4 0000 | 0081 e6fe | ff1f 0085 
  0x00007f4ecc46c550: f60f 8442 | 1a00 0090 

  0x00007f4ecc46c558: ;   {no_reloc}
  0x00007f4ecc46c558: e96c 1a00 | 0000 0000 | 0000 498b | 87b8 0100 | 0048 8d78 | 3049 3bbf | c801 0000 | 0f87 591a 
  0x00007f4ecc46c578: 0000 4989 | bfb8 0100 | 0048 c700 | 0100 0000 | 488b ca48 | c1e9 0389 | 4808 4833 | c989 480c 
  0x00007f4ecc46c598: 4833 c948 | 8948 1048 | 8948 1848 | 8948 2048 

  0x00007f4ecc46c5a8: ;   {metadata(method data for {method} {0x00007f4ea85367f0} 'throwParameterIsNullNPE' '(Ljava/lang/String;)V' in 'kotlin/jvm/internal/Intrinsics')}
  0x00007f4ecc46c5a8: 8948 2848 | bed0 31a6 | a84e 7f00 | 0048 8386 | 3801 0000 

  0x00007f4ecc46c5bc: ;   {oop("exception"{0x00000000e067fae0})}
  0x00007f4ecc46c5bc: 0148 bee0 | fa67 e000 | 0000 0048 | 8984 2418 

  0x00007f4ecc46c5cc: ;   {static_call}
  0x00007f4ecc46c5cc: 0100 00e8 

  0x00007f4ecc46c5d0: ; ImmutableOopMap {[176]=Oop [208]=Oop [216]=Oop [224]=Oop [232]=Oop [256]=Oop [280]=Oop [288]=Oop }
                      ;*invokestatic createParameterIsNullExceptionMessage {reexecute=0 rethrow=0 return_oop=0}
                      ; - kotlin.jvm.internal.Intrinsics::throwParameterIsNullNPE@5 (line 140)
                      ; - kotlin.jvm.internal.Intrinsics::checkNotNullParameter@5 (line 131)
                      ; - kotlin.Result$Failure::<init>@3
                      ; - kotlin.ResultKt::createFailure@11 (line 122)
                      ; - kotlinx.coroutines.DispatchedTask::run@286 (line 98)
  0x00007f4ecc46c5d0: ac9b b106 

  0x00007f4ecc46c5d4: ;   {other}
  0x00007f4ecc46c5d4: 0f1f 8400 | 4417 000e | 488b 9424 | 1801 0000 

  0x00007f4ecc46c5e4: ;   {metadata(method data for {method} {0x00007f4ea85367f0} 'throwParameterIsNullNPE' '(Ljava/lang/String;)V' in 'kotlin/jvm/internal/Intrinsics')}
  0x00007f4ecc46c5e4: 48be d031 | a6a8 4e7f | 0000 4883 | 8648 0100 | 0001 488b | d048 8bb4 | 2418 0100 | 0066 0f1f 
  0x00007f4ecc46c604: ;   {optimized virtual_call}
  0x00007f4ecc46c604: 4400 00e8 

  0x00007f4ecc46c608: ; ImmutableOopMap {[176]=Oop [208]=Oop [216]=Oop [224]=Oop [232]=Oop [256]=Oop [280]=Oop [288]=Oop }
                      ;*invokespecial <init> {reexecute=0 rethrow=0 return_oop=0}
                      ; - kotlin.jvm.internal.Intrinsics::throwParameterIsNullNPE@8 (line 140)
                      ; - kotlin.jvm.internal.Intrinsics::checkNotNullParameter@5 (line 131)
                      ; - kotlin.Result$Failure::<init>@3
                      ; - kotlin.ResultKt::createFailure@11 (line 122)
                      ; - kotlinx.coroutines.DispatchedTask::run@286 (line 98)
  0x00007f4ecc46c608: 7491 b106 

  0x00007f4ecc46c60c: ;   {other}
  0x00007f4ecc46c60c: 0f1f 8400 | 7c17 000f 

  0x00007f4ecc46c614: ;   {metadata(method data for {method} {0x00007f4ea85367f0} 'throwParameterIsNullNPE' '(Ljava/lang/String;)V' in 'kotlin/jvm/internal/Intrinsics')}
  0x00007f4ecc46c614: 48be d031 | a6a8 4e7f | 0000 4883 | 8658 0100 

  0x00007f4ecc46c624: ;   {metadata(method data for {method} {0x00007f4ea8537868} 'sanitizeStackTrace' '(Ljava/lang/Throwable;)Ljava/lang/Throwable;' in 'kotlin/jvm/internal/Intrinsics')}
  0x00007f4ecc46c624: 0001 48be | 0039 a6a8 | 4e7f 0000 | 8bbe f400 | 0000 83c7 | 0289 bef4 | 0000 0081 | e7fe ff1f 
  0x00007f4ecc46c644: 0085 ff0f | 8493 1900 

  0x00007f4ecc46c64c: ;   {oop(a 'java/lang/Class'{0x00000000e099b038} = 'kotlin/jvm/internal/Intrinsics')}
  0x00007f4ecc46c64c: 0048 be38 | b099 e000 | 0000 0048 

  0x00007f4ecc46c658: ;   {metadata(method data for {method} {0x00007f4ea8537868} 'sanitizeStackTrace' '(Ljava/lang/Throwable;)Ljava/lang/Throwable;' in 'kotlin/jvm/internal/Intrinsics')}
  0x00007f4ecc46c658: 8bfe 48bb | 0039 a6a8 | 4e7f 0000 | 4883 8338 | 0100 0001 

  0x00007f4ecc46c66c: ;   {metadata(method data for {method} {0x00007f4ea80164e8} 'getName' '()Ljava/lang/String;' in 'java/lang/Class')}
  0x00007f4ecc46c66c: 48bf 10d5 | 45a8 4e7f | 0000 8b9f | f400 0000 | 83c3 0289 | 9ff4 0000 | 0081 e3fe | ff1f 0085 
  0x00007f4ecc46c68c: db0f 846e | 1900 008b | 762c 4885 

  0x00007f4ecc46c698: ;   {metadata(method data for {method} {0x00007f4ea80164e8} 'getName' '()Ljava/lang/String;' in 'java/lang/Class')}
  0x00007f4ecc46c698: f648 bf10 | d545 a84e | 7f00 0048 | c7c3 3801 | 0000 7407 | 48c7 c348 | 0100 0048 | 8b04 1f48 
  0x00007f4ecc46c6b8: 8d40 0148 | 8904 1f0f | 8418 0000 

  0x00007f4ecc46c6c4: ;   {metadata(method data for {method} {0x00007f4ea80164e8} 'getName' '()Ljava/lang/String;' in 'java/lang/Class')}
  0x00007f4ecc46c6c4: 0048 bf10 | d545 a84e | 7f00 00ff | 8758 0100 | 0048 8bfe | e932 0000 

  0x00007f4ecc46c6dc: ;   {oop(a 'java/lang/Class'{0x00000000e099b038} = 'kotlin/jvm/internal/Intrinsics')}
  0x00007f4ecc46c6dc: 0048 be38 | b099 e000 | 0000 0048 

  0x00007f4ecc46c6e8: ;   {metadata(method data for {method} {0x00007f4ea80164e8} 'getName' '()Ljava/lang/String;' in 'java/lang/Class')}
  0x00007f4ecc46c6e8: 8bfe 48bb | 10d5 45a8 | 4e7f 0000 | 4883 8370 | 0100 0001 

  0x00007f4ecc46c6fc: ;   {optimized virtual_call}
  0x00007f4ecc46c6fc: 6666 90e8 

  0x00007f4ecc46c700: ; ImmutableOopMap {[176]=Oop [208]=Oop [216]=Oop [224]=Oop [232]=Oop [256]=Oop [280]=Oop [288]=Oop }
                      ;*invokevirtual initClassName {reexecute=0 rethrow=0 return_oop=0}
                      ; - java.lang.Class::getName@14
                      ; - kotlin.jvm.internal.Intrinsics::sanitizeStackTrace@3 (line 253)
                      ; - kotlin.jvm.internal.Intrinsics::throwParameterIsNullNPE@11 (line 140)
                      ; - kotlin.jvm.internal.Intrinsics::checkNotNullParameter@5 (line 131)
                      ; - kotlin.Result$Failure::<init>@3
                      ; - kotlin.ResultKt::createFailure@11 (line 122)
                      ; - kotlinx.coroutines.DispatchedTask::run@286 (line 98)
  0x00007f4ecc46c700: 7c90 b106 

  0x00007f4ecc46c704: ;   {other}
  0x00007f4ecc46c704: 0f1f 8400 | 7418 0010 | 488b f848 | 8b84 2418 | 0100 00e9 | f90e 0000 

  0x00007f4ecc46c71c: ;   {metadata(method data for {method} {0x00007f4ea862b830} '<init>' '(Ljava/lang/Throwable;)V' in 'kotlin/Result$Failure')}
  0x00007f4ecc46c71c: 488b d048 | beb0 904c | ab4e 7f00 | 0048 8386 | 4801 0000 

  0x00007f4ecc46c730: ;   {metadata(method data for {method} {0x00007f4ea8000630} '<init>' '()V' in 'java/lang/Object')}
  0x00007f4ecc46c730: 0148 ba78 | 1323 a84e | 7f00 008b | b2f4 0000 | 0083 c602 | 89b2 f400 | 0000 81e6 | feff 1f00 
  0x00007f4ecc46c750: 85f6 0f84 | cf18 0000 | 410f be57 | 4085 d20f | 85e3 1800 | 004c 8bd3 | 4489 500c | 488b d048 
  0x00007f4ecc46c770: 33d3 48c1 | ea14 4883 | fa00 0f85 | e318 0000 

  0x00007f4ecc46c780: ;   {metadata(method data for {method} {0x00007f4ea88616b0} 'run' '()V' in 'kotlinx/coroutines/DispatchedTask')}
  0x00007f4ecc46c780: 48ba a0d2 | 95ab 4e7f | 0000 4883 | 8278 0700 

  0x00007f4ecc46c790: ;   {metadata(method data for {method} {0x00007f4ea8602e50} 'constructor-impl' '(Ljava/lang/Object;)Ljava/lang/Object;' in 'kotlin/Result')}
  0x00007f4ecc46c790: 0001 48ba | c86b c0aa | 4e7f 0000 | 8bb2 f400 | 0000 83c6 | 0289 b2f4 | 0000 0081 | e6fe ff1f 
  0x00007f4ecc46c7b0: 0085 f60f | 84c2 1800 | 0048 8bbc | 24d0 0000 

  0x00007f4ecc46c7c0: ;   {metadata(method data for {method} {0x00007f4ea88616b0} 'run' '()V' in 'kotlinx/coroutines/DispatchedTask')}
  0x00007f4ecc46c7c0: 0048 baa0 | d295 ab4e | 7f00 008b | 7f08 48c1 | e703 483b | ba98 0700 | 0075 0d48 | 8382 a007 
  0x00007f4ecc46c7e0: 0000 01e9 | 6000 0000 | 483b baa8 | 0700 0075 | 0d48 8382 | b007 0000 | 01e9 4a00 | 0000 4883 
  0x00007f4ecc46c800: ba98 0700 | 0000 7517 | 4889 ba98 | 0700 0048 | c782 a007 | 0000 0100 | 0000 e929 | 0000 0048 
  0x00007f4ecc46c820: 83ba a807 | 0000 0075 | 1748 89ba | a807 0000 | 48c7 82b0 | 0700 0001 | 0000 00e9 | 0800 0000 
  0x00007f4ecc46c840: 4883 8288 | 0700 0001 | 488b d048 | 8bb4 24d0 | 0000 0066 | 9048 b838 | de43 0001 

  0x00007f4ecc46c85c: ;   {virtual_call}
  0x00007f4ecc46c85c: 0000 00e8 

  0x00007f4ecc46c860: ; ImmutableOopMap {[176]=Oop [216]=Oop [224]=Oop [232]=Oop }
                      ;*invokeinterface resumeWith {reexecute=0 rethrow=0 return_oop=0}
                      ; - kotlinx.coroutines.DispatchedTask::run@292 (line 98)
  0x00007f4ecc46c860: 7c59 b106 

  0x00007f4ecc46c864: ;   {other}
  0x00007f4ecc46c864: 0f1f 8400 | d419 0011 

  0x00007f4ecc46c86c: ;   {metadata(method data for {method} {0x00007f4ea88616b0} 'run' '()V' in 'kotlinx/coroutines/DispatchedTask')}
  0x00007f4ecc46c86c: 48ba a0d2 | 95ab 4e7f | 0000 ff82 | c007 0000 | e97b 0a00 | 0048 8bb4 | 24b0 0000 

  0x00007f4ecc46c888: ;   {metadata(method data for {method} {0x00007f4ea88616b0} 'run' '()V' in 'kotlinx/coroutines/DispatchedTask')}
  0x00007f4ecc46c888: 0048 baa0 | d295 ab4e | 7f00 008b | 7608 48c1 | e603 483b | b2e8 0700 | 0075 0d48 | 8382 f007 
  0x00007f4ecc46c8a8: 0000 01e9 | 6000 0000 | 483b b2f8 | 0700 0075 | 0d48 8382 | 0008 0000 | 01e9 4a00 | 0000 4883 
  0x00007f4ecc46c8c8: bae8 0700 | 0000 7517 | 4889 b2e8 | 0700 0048 | c782 f007 | 0000 0100 | 0000 e929 | 0000 0048 
  0x00007f4ecc46c8e8: 83ba f807 | 0000 0075 | 1748 89b2 | f807 0000 | 48c7 8200 | 0800 0001 | 0000 00e9 | 0800 0000 
  0x00007f4ecc46c908: 4883 82d8 | 0700 0001 | 488b 9424 | f800 0000 | 488b b424 | b000 0000 | 0f1f 4400 | 0048 b8ff 
  0x00007f4ecc46c928: ffff ffff 

  0x00007f4ecc46c92c: ;   {virtual_call}
  0x00007f4ecc46c92c: ffff ffe8 

  0x00007f4ecc46c930: ; ImmutableOopMap {[176]=Oop [208]=Oop [216]=Oop [224]=Oop [232]=Oop }
                      ;*invokevirtual getSuccessfulResult$kotlinx_coroutines_core {reexecute=0 rethrow=0 return_oop=0}
                      ; - kotlinx.coroutines.DispatchedTask::run@308 (line 100)
  0x00007f4ecc46c930: bc55 bf06 

  0x00007f4ecc46c934: ;   {other}
  0x00007f4ecc46c934: 0f1f 8400 | a41a 0012 

  0x00007f4ecc46c93c: ;   {metadata(method data for {method} {0x00007f4ea88616b0} 'run' '()V' in 'kotlinx/coroutines/DispatchedTask')}
  0x00007f4ecc46c93c: 48ba a0d2 | 95ab 4e7f | 0000 4883 | 8210 0800 

  0x00007f4ecc46c94c: ;   {metadata(method data for {method} {0x00007f4ea8602e50} 'constructor-impl' '(Ljava/lang/Object;)Ljava/lang/Object;' in 'kotlin/Result')}
  0x00007f4ecc46c94c: 0001 48ba | c86b c0aa | 4e7f 0000 | 8bb2 f400 | 0000 83c6 | 0289 b2f4 | 0000 0081 | e6fe ff1f 
  0x00007f4ecc46c96c: 0085 f60f | 8427 1700 | 0048 8bbc | 24d0 0000 

  0x00007f4ecc46c97c: ;   {metadata(method data for {method} {0x00007f4ea88616b0} 'run' '()V' in 'kotlinx/coroutines/DispatchedTask')}
  0x00007f4ecc46c97c: 0048 baa0 | d295 ab4e | 7f00 008b | 7f08 48c1 | e703 483b | ba30 0800 | 0075 0d48 | 8382 3808 
  0x00007f4ecc46c99c: 0000 01e9 | 6000 0000 | 483b ba40 | 0800 0075 | 0d48 8382 | 4808 0000 | 01e9 4a00 | 0000 4883 
  0x00007f4ecc46c9bc: ba30 0800 | 0000 7517 | 4889 ba30 | 0800 0048 | c782 3808 | 0000 0100 | 0000 e929 | 0000 0048 
  0x00007f4ecc46c9dc: 83ba 4008 | 0000 0075 | 1748 89ba | 4008 0000 | 48c7 8248 | 0800 0001 | 0000 00e9 | 0800 0000 
  0x00007f4ecc46c9fc: 4883 8220 | 0800 0001 | 488b d048 | 8bb4 24d0 | 0000 0066 | 0f1f 4400 | 0048 b860 | 9351 e24e 
  0x00007f4ecc46ca1c: ;   {virtual_call}
  0x00007f4ecc46ca1c: 7f00 00e8 

  0x00007f4ecc46ca20: ; ImmutableOopMap {[176]=Oop [216]=Oop [224]=Oop [232]=Oop }
                      ;*invokeinterface resumeWith {reexecute=0 rethrow=0 return_oop=0}
                      ; - kotlinx.coroutines.DispatchedTask::run@314 (line 100)
  0x00007f4ecc46ca20: 844d bf06 

  0x00007f4ecc46ca24: ;   {other}
  0x00007f4ecc46ca24: 0f1f 8400 | 941b 0013 | e9cb 0800 | 0048 8bbc | 2408 0100 | 0048 8bf7 

  0x00007f4ecc46ca3c: ;   {metadata(method data for {method} {0x00007f4ea88616b0} 'run' '()V' in 'kotlinx/coroutines/DispatchedTask')}
  0x00007f4ecc46ca3c: 48bb a0d2 | 95ab 4e7f | 0000 8b76 | 0848 c1e6 | 0348 3bb3 | 2005 0000 | 750d 4883 | 8328 0500 
  0x00007f4ecc46ca5c: 0001 e960 | 0000 0048 | 3bb3 3005 | 0000 750d | 4883 8338 | 0500 0001 | e94a 0000 | 0048 83bb 
  0x00007f4ecc46ca7c: 2005 0000 | 0075 1748 | 89b3 2005 | 0000 48c7 | 8328 0500 | 0001 0000 | 00e9 2900 | 0000 4883 
  0x00007f4ecc46ca9c: bb30 0500 | 0000 7517 | 4889 b330 | 0500 0048 | c783 3805 | 0000 0100 | 0000 e908 | 0000 0048 
  0x00007f4ecc46cabc: 8383 1005 | 0000 0148 | 8bf7 0f1f | 8000 0000 | 0048 b800 | 2022 8c4e 

  0x00007f4ecc46cad4: ;   {virtual_call}
  0x00007f4ecc46cad4: 7f00 00e8 

  0x00007f4ecc46cad8: ; ImmutableOopMap {[176]=Oop [208]=Oop [216]=Oop [224]=Oop [232]=Oop [248]=Oop }
                      ;*invokeinterface getCancellationException {reexecute=0 rethrow=0 return_oop=0}
                      ; - kotlinx.coroutines.DispatchedTask::run@182 (line 93)
  0x00007f4ecc46cad8: 75dc b106 

  0x00007f4ecc46cadc: ;   {other}
  0x00007f4ecc46cadc: 0f1f 8400 | 4c1c 0014 | 4889 8424 | 2801 0000 | 488b b424 | b000 0000 

  0x00007f4ecc46caf4: ;   {metadata(method data for {method} {0x00007f4ea88616b0} 'run' '()V' in 'kotlinx/coroutines/DispatchedTask')}
  0x00007f4ecc46caf4: 48ba a0d2 | 95ab 4e7f | 0000 8b76 | 0848 c1e6 | 0348 3bb2 | 9005 0000 | 750d 4883 | 8298 0500 
  0x00007f4ecc46cb14: 0001 e960 | 0000 0048 | 3bb2 a005 | 0000 750d | 4883 82a8 | 0500 0001 | e94a 0000 | 0048 83ba 
  0x00007f4ecc46cb34: 9005 0000 | 0075 1748 | 89b2 9005 | 0000 48c7 | 8298 0500 | 0001 0000 | 00e9 2900 | 0000 4883 
  0x00007f4ecc46cb54: baa0 0500 | 0000 7517 | 4889 b2a0 | 0500 0048 | c782 a805 | 0000 0100 | 0000 e908 | 0000 0048 
  0x00007f4ecc46cb74: 8382 8005 | 0000 0148 | 8b94 24f8 | 0000 0048 | 8bc8 488b | b424 b000 | 0000 0f1f | 8000 0000 
  0x00007f4ecc46cb94: 0048 b800 | 644d 8c4e 

  0x00007f4ecc46cb9c: ;   {virtual_call}
  0x00007f4ecc46cb9c: 7f00 00e8 

  0x00007f4ecc46cba0: ; ImmutableOopMap {[176]=Oop [208]=Oop [216]=Oop [224]=Oop [232]=Oop [296]=Oop }
                      ;*invokevirtual cancelCompletedResult$kotlinx_coroutines_core {reexecute=0 rethrow=0 return_oop=0}
                      ; - kotlinx.coroutines.DispatchedTask::run@197 (line 94)
  0x00007f4ecc46cba0: 354e b106 

  0x00007f4ecc46cba4: ;   {other}
  0x00007f4ecc46cba4: 0f1f 8400 | 141d 0015 

  0x00007f4ecc46cbac: ;   {metadata(method data for {method} {0x00007f4ea88616b0} 'run' '()V' in 'kotlinx/coroutines/DispatchedTask')}
  0x00007f4ecc46cbac: 48ba a0d2 | 95ab 4e7f | 0000 4883 | 82f0 0500 

  0x00007f4ecc46cbbc: ;   {metadata(method data for {method} {0x00007f4ea85250b8} 'getRECOVER_STACK_TRACES' '()Z' in 'kotlinx/coroutines/DebugKt')}
  0x00007f4ecc46cbbc: 0001 48ba | e0e8 95ab | 4e7f 0000 | 8bb2 f400 | 0000 83c6 | 0289 b2f4 | 0000 0081 | e6fe ff1f 
  0x00007f4ecc46cbdc: 0085 f60f | 84d8 1400 

  0x00007f4ecc46cbe4: ;   {metadata(method data for {method} {0x00007f4ea88616b0} 'run' '()V' in 'kotlinx/coroutines/DispatchedTask')}
  0x00007f4ecc46cbe4: 0048 baa0 | d295 ab4e | 7f00 00ff | 8200 0600 

  0x00007f4ecc46cbf4: ;   {metadata(method data for {method} {0x00007f4ea88616b0} 'run' '()V' in 'kotlinx/coroutines/DispatchedTask')}
  0x00007f4ecc46cbf4: 0048 baa0 | d295 ab4e | 7f00 00ff | 8278 0600 | 0048 8b84 | 2428 0100 

  0x00007f4ecc46cc0c: ;   {metadata(method data for {method} {0x00007f4ea88616b0} 'run' '()V' in 'kotlinx/coroutines/DispatchedTask')}
  0x00007f4ecc46cc0c: 0048 baa0 | d295 ab4e | 7f00 0048 | 8382 d806 

  0x00007f4ecc46cc1c: ;   {metadata(method data for {method} {0x00007f4ea887d960} 'createFailure' '(Ljava/lang/Throwable;)Ljava/lang/Object;' in 'kotlin/ResultKt')}
  0x00007f4ecc46cc1c: 0000 0148 | ba18 8f4c | ab4e 7f00 | 008b b2f4 | 0000 0083 | c602 89b2 | f400 0000 | 81e6 feff 
  0x00007f4ecc46cc3c: 1f00 85f6 | 0f84 9814 

  0x00007f4ecc46cc44: ;   {metadata(method data for {method} {0x00007f4ea887d960} 'createFailure' '(Ljava/lang/Throwable;)Ljava/lang/Object;' in 'kotlin/ResultKt')}
  0x00007f4ecc46cc44: 0000 48ba | 188f 4cab | 4e7f 0000 | 4883 8238 | 0100 0001 

  0x00007f4ecc46cc58: ;   {metadata(method data for {method} {0x00007f4ea8536670} 'checkNotNullParameter' '(Ljava/lang/Object;Ljava/lang/String;)V' in 'kotlin/jvm/internal/Intrinsics')}
  0x00007f4ecc46cc58: 48ba 2030 | a6a8 4e7f | 0000 8bb2 | f400 0000 | 83c6 0289 | b2f4 0000 | 0081 e6fe | ff1f 0085 
  0x00007f4ecc46cc78: f60f 8480 | 1400 0048 

  0x00007f4ecc46cc80: ;   {metadata(method data for {method} {0x00007f4ea8536670} 'checkNotNullParameter' '(Ljava/lang/Object;Ljava/lang/String;)V' in 'kotlin/jvm/internal/Intrinsics')}
  0x00007f4ecc46cc80: 85c0 48ba | 2030 a6a8 | 4e7f 0000 | 48c7 c638 | 0100 0075 | 0748 c7c6 | 4801 0000 | 488b 3c32 
  0x00007f4ecc46cca0: 488d 7f01 | 4889 3c32 | 0f85 fe01 

  0x00007f4ecc46ccac: ;   {metadata(method data for {method} {0x00007f4ea8536670} 'checkNotNullParameter' '(Ljava/lang/Object;Ljava/lang/String;)V' in 'kotlin/jvm/internal/Intrinsics')}
  0x00007f4ecc46ccac: 0000 48ba | 2030 a6a8 | 4e7f 0000 | 4883 8258 | 0100 0001 

  0x00007f4ecc46ccc0: ;   {metadata(method data for {method} {0x00007f4ea85367f0} 'throwParameterIsNullNPE' '(Ljava/lang/String;)V' in 'kotlin/jvm/internal/Intrinsics')}
  0x00007f4ecc46ccc0: 48ba d031 | a6a8 4e7f | 0000 8bb2 | f400 0000 | 83c6 0289 | b2f4 0000 | 0081 e6fe | ff1f 0085 
  0x00007f4ecc46cce0: f60f 8439 | 1400 0090 

  0x00007f4ecc46cce8: ;   {no_reloc}
  0x00007f4ecc46cce8: e963 1400 | 0000 0000 | 0000 498b | 87b8 0100 | 0048 8d78 | 3049 3bbf | c801 0000 | 0f87 5014 
  0x00007f4ecc46cd08: 0000 4989 | bfb8 0100 | 0048 c700 | 0100 0000 | 488b ca48 | c1e9 0389 | 4808 4833 | c989 480c 
  0x00007f4ecc46cd28: 4833 c948 | 8948 1048 | 8948 1848 | 8948 2048 

  0x00007f4ecc46cd38: ;   {metadata(method data for {method} {0x00007f4ea85367f0} 'throwParameterIsNullNPE' '(Ljava/lang/String;)V' in 'kotlin/jvm/internal/Intrinsics')}
  0x00007f4ecc46cd38: 8948 2848 | bed0 31a6 | a84e 7f00 | 0048 8386 | 3801 0000 

  0x00007f4ecc46cd4c: ;   {oop("exception"{0x00000000e067fae0})}
  0x00007f4ecc46cd4c: 0148 bee0 | fa67 e000 | 0000 0048 | 8984 2430 

  0x00007f4ecc46cd5c: ;   {static_call}
  0x00007f4ecc46cd5c: 0100 00e8 

  0x00007f4ecc46cd60: ; ImmutableOopMap {[176]=Oop [208]=Oop [216]=Oop [224]=Oop [232]=Oop [296]=Oop [304]=Oop }
                      ;*invokestatic createParameterIsNullExceptionMessage {reexecute=0 rethrow=0 return_oop=0}
                      ; - kotlin.jvm.internal.Intrinsics::throwParameterIsNullNPE@5 (line 140)
                      ; - kotlin.jvm.internal.Intrinsics::checkNotNullParameter@5 (line 131)
                      ; - kotlin.ResultKt::createFailure@3
                      ; - kotlinx.coroutines.DispatchedTask::run@259 (line 232)
  0x00007f4ecc46cd60: 1c94 b106 

  0x00007f4ecc46cd64: ;   {other}
  0x00007f4ecc46cd64: 0f1f 8400 | d41e 0016 | 488b 9424 | 3001 0000 

  0x00007f4ecc46cd74: ;   {metadata(method data for {method} {0x00007f4ea85367f0} 'throwParameterIsNullNPE' '(Ljava/lang/String;)V' in 'kotlin/jvm/internal/Intrinsics')}
  0x00007f4ecc46cd74: 48be d031 | a6a8 4e7f | 0000 4883 | 8648 0100 | 0001 488b | d048 8bb4 | 2430 0100 | 0066 0f1f 
  0x00007f4ecc46cd94: ;   {optimized virtual_call}
  0x00007f4ecc46cd94: 4400 00e8 

  0x00007f4ecc46cd98: ; ImmutableOopMap {[176]=Oop [208]=Oop [216]=Oop [224]=Oop [232]=Oop [296]=Oop [304]=Oop }
                      ;*invokespecial <init> {reexecute=0 rethrow=0 return_oop=0}
                      ; - kotlin.jvm.internal.Intrinsics::throwParameterIsNullNPE@8 (line 140)
                      ; - kotlin.jvm.internal.Intrinsics::checkNotNullParameter@5 (line 131)
                      ; - kotlin.ResultKt::createFailure@3
                      ; - kotlinx.coroutines.DispatchedTask::run@259 (line 232)
  0x00007f4ecc46cd98: e489 b106 

  0x00007f4ecc46cd9c: ;   {other}
  0x00007f4ecc46cd9c: 0f1f 8400 | 0c1f 0017 

  0x00007f4ecc46cda4: ;   {metadata(method data for {method} {0x00007f4ea85367f0} 'throwParameterIsNullNPE' '(Ljava/lang/String;)V' in 'kotlin/jvm/internal/Intrinsics')}
  0x00007f4ecc46cda4: 48be d031 | a6a8 4e7f | 0000 4883 | 8658 0100 

  0x00007f4ecc46cdb4: ;   {metadata(method data for {method} {0x00007f4ea8537868} 'sanitizeStackTrace' '(Ljava/lang/Throwable;)Ljava/lang/Throwable;' in 'kotlin/jvm/internal/Intrinsics')}
  0x00007f4ecc46cdb4: 0001 48be | 0039 a6a8 | 4e7f 0000 | 8bbe f400 | 0000 83c7 | 0289 bef4 | 0000 0081 | e7fe ff1f 
  0x00007f4ecc46cdd4: 0085 ff0f | 848a 1300 

  0x00007f4ecc46cddc: ;   {oop(a 'java/lang/Class'{0x00000000e099b038} = 'kotlin/jvm/internal/Intrinsics')}
  0x00007f4ecc46cddc: 0048 be38 | b099 e000 | 0000 0048 

  0x00007f4ecc46cde8: ;   {metadata(method data for {method} {0x00007f4ea8537868} 'sanitizeStackTrace' '(Ljava/lang/Throwable;)Ljava/lang/Throwable;' in 'kotlin/jvm/internal/Intrinsics')}
  0x00007f4ecc46cde8: 8bfe 48bb | 0039 a6a8 | 4e7f 0000 | 4883 8338 | 0100 0001 

  0x00007f4ecc46cdfc: ;   {metadata(method data for {method} {0x00007f4ea80164e8} 'getName' '()Ljava/lang/String;' in 'java/lang/Class')}
  0x00007f4ecc46cdfc: 48bf 10d5 | 45a8 4e7f | 0000 8b9f | f400 0000 | 83c3 0289 | 9ff4 0000 | 0081 e3fe | ff1f 0085 
  0x00007f4ecc46ce1c: db0f 8465 | 1300 008b | 762c 4885 

  0x00007f4ecc46ce28: ;   {metadata(method data for {method} {0x00007f4ea80164e8} 'getName' '()Ljava/lang/String;' in 'java/lang/Class')}
  0x00007f4ecc46ce28: f648 bf10 | d545 a84e | 7f00 0048 | c7c3 3801 | 0000 7407 | 48c7 c348 | 0100 0048 | 8b04 1f48 
  0x00007f4ecc46ce48: 8d40 0148 | 8904 1f0f | 8418 0000 

  0x00007f4ecc46ce54: ;   {metadata(method data for {method} {0x00007f4ea80164e8} 'getName' '()Ljava/lang/String;' in 'java/lang/Class')}
  0x00007f4ecc46ce54: 0048 bf10 | d545 a84e | 7f00 00ff | 8758 0100 | 0048 8bfe | e932 0000 

  0x00007f4ecc46ce6c: ;   {oop(a 'java/lang/Class'{0x00000000e099b038} = 'kotlin/jvm/internal/Intrinsics')}
  0x00007f4ecc46ce6c: 0048 be38 | b099 e000 | 0000 0048 

  0x00007f4ecc46ce78: ;   {metadata(method data for {method} {0x00007f4ea80164e8} 'getName' '()Ljava/lang/String;' in 'java/lang/Class')}
  0x00007f4ecc46ce78: 8bfe 48bb | 10d5 45a8 | 4e7f 0000 | 4883 8370 | 0100 0001 

  0x00007f4ecc46ce8c: ;   {optimized virtual_call}
  0x00007f4ecc46ce8c: 6666 90e8 

  0x00007f4ecc46ce90: ; ImmutableOopMap {[176]=Oop [208]=Oop [216]=Oop [224]=Oop [232]=Oop [296]=Oop [304]=Oop }
                      ;*invokevirtual initClassName {reexecute=0 rethrow=0 return_oop=0}
                      ; - java.lang.Class::getName@14
                      ; - kotlin.jvm.internal.Intrinsics::sanitizeStackTrace@3 (line 253)
                      ; - kotlin.jvm.internal.Intrinsics::throwParameterIsNullNPE@11 (line 140)
                      ; - kotlin.jvm.internal.Intrinsics::checkNotNullParameter@5 (line 131)
                      ; - kotlin.ResultKt::createFailure@3
                      ; - kotlinx.coroutines.DispatchedTask::run@259 (line 232)
  0x00007f4ecc46ce90: ec88 b106 

  0x00007f4ecc46ce94: ;   {other}
  0x00007f4ecc46ce94: 0f1f 8400 | 0420 0018 | 488b f848 | 8b84 2430 | 0100 00e9 | 5106 0000 

  0x00007f4ecc46ceac: ;   {metadata('kotlin/Result$Failure')}
  0x00007f4ecc46ceac: 48ba f8f5 | 0c00 0100 | 0000 488b | d849 8b87 | b801 0000 | 488d 7810 | 493b bfc8 | 0100 000f 
  0x00007f4ecc46cecc: 87dd 1200 | 0049 89bf | b801 0000 | 48c7 0001 | 0000 0048 | 8bca 48c1 | e903 8948 | 0848 33c9 
  0x00007f4ecc46ceec: 8948 0c48 | 33c9 4889 | 8424 4001 | 0000 488b 

  0x00007f4ecc46cefc: ;   {metadata(method data for {method} {0x00007f4ea887d960} 'createFailure' '(Ljava/lang/Throwable;)Ljava/lang/Object;' in 'kotlin/ResultKt')}
  0x00007f4ecc46cefc: d048 be18 | 8f4c ab4e | 7f00 0048 | 8386 4801 

  0x00007f4ecc46cf0c: ;   {metadata(method data for {method} {0x00007f4ea862b830} '<init>' '(Ljava/lang/Throwable;)V' in 'kotlin/Result$Failure')}
  0x00007f4ecc46cf0c: 0000 0148 | bab0 904c | ab4e 7f00 | 008b b2f4 | 0000 0083 | c602 89b2 | f400 0000 | 81e6 feff 
  0x00007f4ecc46cf2c: 1f00 85f6 | 0f84 8512 

  0x00007f4ecc46cf34: ;   {metadata(method data for {method} {0x00007f4ea862b830} '<init>' '(Ljava/lang/Throwable;)V' in 'kotlin/Result$Failure')}
  0x00007f4ecc46cf34: 0000 48ba | b090 4cab | 4e7f 0000 | 4883 8238 | 0100 0001 

  0x00007f4ecc46cf48: ;   {metadata(method data for {method} {0x00007f4ea8536670} 'checkNotNullParameter' '(Ljava/lang/Object;Ljava/lang/String;)V' in 'kotlin/jvm/internal/Intrinsics')}
  0x00007f4ecc46cf48: 48ba 2030 | a6a8 4e7f | 0000 8bb2 | f400 0000 | 83c6 0289 | b2f4 0000 | 0081 e6fe | ff1f 0085 
  0x00007f4ecc46cf68: f60f 846d | 1200 0048 

  0x00007f4ecc46cf70: ;   {metadata(method data for {method} {0x00007f4ea8536670} 'checkNotNullParameter' '(Ljava/lang/Object;Ljava/lang/String;)V' in 'kotlin/jvm/internal/Intrinsics')}
  0x00007f4ecc46cf70: 85db 48ba | 2030 a6a8 | 4e7f 0000 | 48c7 c638 | 0100 0075 | 0748 c7c6 | 4801 0000 | 488b 3c32 
  0x00007f4ecc46cf90: 488d 7f01 | 4889 3c32 | 0f85 fe01 

  0x00007f4ecc46cf9c: ;   {metadata(method data for {method} {0x00007f4ea8536670} 'checkNotNullParameter' '(Ljava/lang/Object;Ljava/lang/String;)V' in 'kotlin/jvm/internal/Intrinsics')}
  0x00007f4ecc46cf9c: 0000 48ba | 2030 a6a8 | 4e7f 0000 | 4883 8258 | 0100 0001 

  0x00007f4ecc46cfb0: ;   {metadata(method data for {method} {0x00007f4ea85367f0} 'throwParameterIsNullNPE' '(Ljava/lang/String;)V' in 'kotlin/jvm/internal/Intrinsics')}
  0x00007f4ecc46cfb0: 48ba d031 | a6a8 4e7f | 0000 8bb2 | f400 0000 | 83c6 0289 | b2f4 0000 | 0081 e6fe | ff1f 0085 
  0x00007f4ecc46cfd0: f60f 8426 | 1200 0090 

  0x00007f4ecc46cfd8: ;   {no_reloc}
  0x00007f4ecc46cfd8: e950 1200 | 0000 0000 | 0000 498b | 87b8 0100 | 0048 8d78 | 3049 3bbf | c801 0000 | 0f87 3d12 
  0x00007f4ecc46cff8: 0000 4989 | bfb8 0100 | 0048 c700 | 0100 0000 | 488b ca48 | c1e9 0389 | 4808 4833 | c989 480c 
  0x00007f4ecc46d018: 4833 c948 | 8948 1048 | 8948 1848 | 8948 2048 

  0x00007f4ecc46d028: ;   {metadata(method data for {method} {0x00007f4ea85367f0} 'throwParameterIsNullNPE' '(Ljava/lang/String;)V' in 'kotlin/jvm/internal/Intrinsics')}
  0x00007f4ecc46d028: 8948 2848 | bed0 31a6 | a84e 7f00 | 0048 8386 | 3801 0000 

  0x00007f4ecc46d03c: ;   {oop("exception"{0x00000000e067fae0})}
  0x00007f4ecc46d03c: 0148 bee0 | fa67 e000 | 0000 0048 | 8984 2438 

  0x00007f4ecc46d04c: ;   {static_call}
  0x00007f4ecc46d04c: 0100 00e8 

  0x00007f4ecc46d050: ; ImmutableOopMap {[176]=Oop [208]=Oop [216]=Oop [224]=Oop [232]=Oop [296]=Oop [312]=Oop [320]=Oop }
                      ;*invokestatic createParameterIsNullExceptionMessage {reexecute=0 rethrow=0 return_oop=0}
                      ; - kotlin.jvm.internal.Intrinsics::throwParameterIsNullNPE@5 (line 140)
                      ; - kotlin.jvm.internal.Intrinsics::checkNotNullParameter@5 (line 131)
                      ; - kotlin.Result$Failure::<init>@3
                      ; - kotlin.ResultKt::createFailure@11 (line 122)
                      ; - kotlinx.coroutines.DispatchedTask::run@259 (line 232)
  0x00007f4ecc46d050: 2c91 b106 

  0x00007f4ecc46d054: ;   {other}
  0x00007f4ecc46d054: 0f1f 8400 | c421 0019 | 488b 9424 | 3801 0000 

  0x00007f4ecc46d064: ;   {metadata(method data for {method} {0x00007f4ea85367f0} 'throwParameterIsNullNPE' '(Ljava/lang/String;)V' in 'kotlin/jvm/internal/Intrinsics')}
  0x00007f4ecc46d064: 48be d031 | a6a8 4e7f | 0000 4883 | 8648 0100 | 0001 488b | d048 8bb4 | 2438 0100 | 0066 0f1f 
  0x00007f4ecc46d084: ;   {optimized virtual_call}
  0x00007f4ecc46d084: 4400 00e8 

  0x00007f4ecc46d088: ; ImmutableOopMap {[176]=Oop [208]=Oop [216]=Oop [224]=Oop [232]=Oop [296]=Oop [312]=Oop [320]=Oop }
                      ;*invokespecial <init> {reexecute=0 rethrow=0 return_oop=0}
                      ; - kotlin.jvm.internal.Intrinsics::throwParameterIsNullNPE@8 (line 140)
                      ; - kotlin.jvm.internal.Intrinsics::checkNotNullParameter@5 (line 131)
                      ; - kotlin.Result$Failure::<init>@3
                      ; - kotlin.ResultKt::createFailure@11 (line 122)
                      ; - kotlinx.coroutines.DispatchedTask::run@259 (line 232)
  0x00007f4ecc46d088: f486 b106 

  0x00007f4ecc46d08c: ;   {other}
  0x00007f4ecc46d08c: 0f1f 8400 | fc21 001a 

  0x00007f4ecc46d094: ;   {metadata(method data for {method} {0x00007f4ea85367f0} 'throwParameterIsNullNPE' '(Ljava/lang/String;)V' in 'kotlin/jvm/internal/Intrinsics')}
  0x00007f4ecc46d094: 48be d031 | a6a8 4e7f | 0000 4883 | 8658 0100 

  0x00007f4ecc46d0a4: ;   {metadata(method data for {method} {0x00007f4ea8537868} 'sanitizeStackTrace' '(Ljava/lang/Throwable;)Ljava/lang/Throwable;' in 'kotlin/jvm/internal/Intrinsics')}
  0x00007f4ecc46d0a4: 0001 48be | 0039 a6a8 | 4e7f 0000 | 8bbe f400 | 0000 83c7 | 0289 bef4 | 0000 0081 | e7fe ff1f 
  0x00007f4ecc46d0c4: 0085 ff0f | 8477 1100 

  0x00007f4ecc46d0cc: ;   {oop(a 'java/lang/Class'{0x00000000e099b038} = 'kotlin/jvm/internal/Intrinsics')}
  0x00007f4ecc46d0cc: 0048 be38 | b099 e000 | 0000 0048 

  0x00007f4ecc46d0d8: ;   {metadata(method data for {method} {0x00007f4ea8537868} 'sanitizeStackTrace' '(Ljava/lang/Throwable;)Ljava/lang/Throwable;' in 'kotlin/jvm/internal/Intrinsics')}
  0x00007f4ecc46d0d8: 8bfe 48bb | 0039 a6a8 | 4e7f 0000 | 4883 8338 | 0100 0001 

  0x00007f4ecc46d0ec: ;   {metadata(method data for {method} {0x00007f4ea80164e8} 'getName' '()Ljava/lang/String;' in 'java/lang/Class')}
  0x00007f4ecc46d0ec: 48bf 10d5 | 45a8 4e7f | 0000 8b9f | f400 0000 | 83c3 0289 | 9ff4 0000 | 0081 e3fe | ff1f 0085 
  0x00007f4ecc46d10c: db0f 8452 | 1100 008b | 762c 4885 

  0x00007f4ecc46d118: ;   {metadata(method data for {method} {0x00007f4ea80164e8} 'getName' '()Ljava/lang/String;' in 'java/lang/Class')}
  0x00007f4ecc46d118: f648 bf10 | d545 a84e | 7f00 0048 | c7c3 3801 | 0000 7407 | 48c7 c348 | 0100 0048 | 8b04 1f48 
  0x00007f4ecc46d138: 8d40 0148 | 8904 1f0f | 8418 0000 

  0x00007f4ecc46d144: ;   {metadata(method data for {method} {0x00007f4ea80164e8} 'getName' '()Ljava/lang/String;' in 'java/lang/Class')}
  0x00007f4ecc46d144: 0048 bf10 | d545 a84e | 7f00 00ff | 8758 0100 | 0048 8bfe | e932 0000 

  0x00007f4ecc46d15c: ;   {oop(a 'java/lang/Class'{0x00000000e099b038} = 'kotlin/jvm/internal/Intrinsics')}
  0x00007f4ecc46d15c: 0048 be38 | b099 e000 | 0000 0048 

  0x00007f4ecc46d168: ;   {metadata(method data for {method} {0x00007f4ea80164e8} 'getName' '()Ljava/lang/String;' in 'java/lang/Class')}
  0x00007f4ecc46d168: 8bfe 48bb | 10d5 45a8 | 4e7f 0000 | 4883 8370 | 0100 0001 

  0x00007f4ecc46d17c: ;   {optimized virtual_call}
  0x00007f4ecc46d17c: 6666 90e8 

  0x00007f4ecc46d180: ; ImmutableOopMap {[176]=Oop [208]=Oop [216]=Oop [224]=Oop [232]=Oop [296]=Oop [312]=Oop [320]=Oop }
                      ;*invokevirtual initClassName {reexecute=0 rethrow=0 return_oop=0}
                      ; - java.lang.Class::getName@14
                      ; - kotlin.jvm.internal.Intrinsics::sanitizeStackTrace@3 (line 253)
                      ; - kotlin.jvm.internal.Intrinsics::throwParameterIsNullNPE@11 (line 140)
                      ; - kotlin.jvm.internal.Intrinsics::checkNotNullParameter@5 (line 131)
                      ; - kotlin.Result$Failure::<init>@3
                      ; - kotlin.ResultKt::createFailure@11 (line 122)
                      ; - kotlinx.coroutines.DispatchedTask::run@259 (line 232)
  0x00007f4ecc46d180: fc85 b106 

  0x00007f4ecc46d184: ;   {other}
  0x00007f4ecc46d184: 0f1f 8400 | f422 001b | 488b f848 | 8b84 2438 | 0100 00e9 | 4602 0000 

  0x00007f4ecc46d19c: ;   {metadata(method data for {method} {0x00007f4ea862b830} '<init>' '(Ljava/lang/Throwable;)V' in 'kotlin/Result$Failure')}
  0x00007f4ecc46d19c: 488b d048 | beb0 904c | ab4e 7f00 | 0048 8386 | 4801 0000 

  0x00007f4ecc46d1b0: ;   {metadata(method data for {method} {0x00007f4ea8000630} '<init>' '()V' in 'java/lang/Object')}
  0x00007f4ecc46d1b0: 0148 ba78 | 1323 a84e | 7f00 008b | b2f4 0000 | 0083 c602 | 89b2 f400 | 0000 81e6 | feff 1f00 
  0x00007f4ecc46d1d0: 85f6 0f84 | b310 0000 | 410f be57 | 4085 d20f | 85c7 1000 | 004c 8bd3 | 4489 500c | 488b d048 
  0x00007f4ecc46d1f0: 33d3 48c1 | ea14 4883 | fa00 0f85 | c710 0000 

  0x00007f4ecc46d200: ;   {metadata(method data for {method} {0x00007f4ea88616b0} 'run' '()V' in 'kotlinx/coroutines/DispatchedTask')}
  0x00007f4ecc46d200: 48ba a0d2 | 95ab 4e7f | 0000 4883 | 82e8 0600 

  0x00007f4ecc46d210: ;   {metadata(method data for {method} {0x00007f4ea8602e50} 'constructor-impl' '(Ljava/lang/Object;)Ljava/lang/Object;' in 'kotlin/Result')}
  0x00007f4ecc46d210: 0001 48ba | c86b c0aa | 4e7f 0000 | 8bb2 f400 | 0000 83c6 | 0289 b2f4 | 0000 0081 | e6fe ff1f 
  0x00007f4ecc46d230: 0085 f60f | 84a6 1000 | 0048 8bbc | 24d0 0000 

  0x00007f4ecc46d240: ;   {metadata(method data for {method} {0x00007f4ea88616b0} 'run' '()V' in 'kotlinx/coroutines/DispatchedTask')}
  0x00007f4ecc46d240: 0048 baa0 | d295 ab4e | 7f00 008b | 7f08 48c1 | e703 483b | ba08 0700 | 0075 0d48 | 8382 1007 
  0x00007f4ecc46d260: 0000 01e9 | 6000 0000 | 483b ba18 | 0700 0075 | 0d48 8382 | 2007 0000 | 01e9 4a00 | 0000 4883 
  0x00007f4ecc46d280: ba08 0700 | 0000 7517 | 4889 ba08 | 0700 0048 | c782 1007 | 0000 0100 | 0000 e929 | 0000 0048 
  0x00007f4ecc46d2a0: 83ba 1807 | 0000 0075 | 1748 89ba | 1807 0000 | 48c7 8220 | 0700 0001 | 0000 00e9 | 0800 0000 
  0x00007f4ecc46d2c0: 4883 82f8 | 0600 0001 | 488b d048 | 8bb4 24d0 | 0000 0066 | 9048 b890 | ca3d 0001 

  0x00007f4ecc46d2dc: ;   {virtual_call}
  0x00007f4ecc46d2dc: 0000 00e8 

  0x00007f4ecc46d2e0: ; ImmutableOopMap {[176]=Oop [216]=Oop [224]=Oop [232]=Oop }
                      ;*invokeinterface resumeWith {reexecute=0 rethrow=0 return_oop=0}
                      ; - kotlinx.coroutines.DispatchedTask::run@265 (line 232)
  0x00007f4ecc46d2e0: 3c0e b7ff 

  0x00007f4ecc46d2e4: ;   {other}
  0x00007f4ecc46d2e4: 0f1f 8400 | 5424 001c 

  0x00007f4ecc46d2ec: ;   {metadata(method data for {method} {0x00007f4ea88616b0} 'run' '()V' in 'kotlinx/coroutines/DispatchedTask')}
  0x00007f4ecc46d2ec: 48be a0d2 | 95ab 4e7f | 0000 ff86 | 3007 0000 | 488b 8424 | e800 0000 

  0x00007f4ecc46d304: ;   {metadata(method data for {method} {0x00007f4ea88616b0} 'run' '()V' in 'kotlinx/coroutines/DispatchedTask')}
  0x00007f4ecc46d304: 4885 c048 | bea0 d295 | ab4e 7f00 | 0048 c7c7 | 5808 0000 | 7407 48c7 | c768 0800 | 0048 8b1c 
  0x00007f4ecc46d324: 3e48 8d5b | 0148 891c | 3e0f 8457 | 0000 0048 | 3b00 488b 

  0x00007f4ecc46d338: ;   {metadata(method data for {method} {0x00007f4ea88616b0} 'run' '()V' in 'kotlinx/coroutines/DispatchedTask')}
  0x00007f4ecc46d338: f048 bfa0 | d295 ab4e | 7f00 0048 | 8387 7808 | 0000 0148 

  0x00007f4ecc46d34c: ;   {optimized virtual_call}
  0x00007f4ecc46d34c: 8bf0 90e8 

  0x00007f4ecc46d350: ; ImmutableOopMap {[176]=Oop [216]=Oop [224]=Oop }
                      ;*invokevirtual clearThreadContext {reexecute=0 rethrow=0 return_oop=0}
                      ; - kotlinx.coroutines.DispatchedTask::run@332 (line 236)
  0x00007f4ecc46d350: 2c84 b106 

  0x00007f4ecc46d354: ;   {other}
  0x00007f4ecc46d354: 0f1f 8400 | c424 001d 

  0x00007f4ecc46d35c: ;   {metadata(method data for {method} {0x00007f4ea88616b0} 'run' '()V' in 'kotlinx/coroutines/DispatchedTask')}
  0x00007f4ecc46d35c: 85c0 48be | a0d2 95ab | 4e7f 0000 | 48c7 c2b0 | 0800 0074 | 0748 c7c2 | c008 0000 | 488b 3c16 
  0x00007f4ecc46d37c: 488d 7f01 | 4889 3c16 | 0f84 3200 

  0x00007f4ecc46d388: ;   {metadata(method data for {method} {0x00007f4ea88616b0} 'run' '()V' in 'kotlinx/coroutines/DispatchedTask')}
  0x00007f4ecc46d388: 0000 48be | a0d2 95ab | 4e7f 0000 | 4883 86d0 | 0800 0001 | 488b b424 | d800 0000 | 488b 9424 
  0x00007f4ecc46d3a8: e000 0000 

  0x00007f4ecc46d3ac: ;   {static_call}
  0x00007f4ecc46d3ac: 6666 90e8 

  0x00007f4ecc46d3b0: ; ImmutableOopMap {[176]=Oop }
                      ;*invokestatic restoreThreadContext {reexecute=0 rethrow=0 return_oop=0}
                      ; - kotlinx.coroutines.DispatchedTask::run@342 (line 237)
  0x00007f4ecc46d3b0: 4c5a c3ff 

  0x00007f4ecc46d3b4: ;   {other}
  0x00007f4ecc46d3b4: 0f1f 8400 | 2425 001e 

  0x00007f4ecc46d3bc: ;   {metadata(method data for {method} {0x00007f4ea88616b0} 'run' '()V' in 'kotlinx/coroutines/DispatchedTask')}
  0x00007f4ecc46d3bc: 48be a0d2 | 95ab 4e7f | 0000 ff86 | e008 0000 | 4881 c470 | 0100 005d 

  0x00007f4ecc46d3d4: ;   {poll_return}
  0x00007f4ecc46d3d4: 493b a750 | 0400 000f | 8724 0f00 

  0x00007f4ecc46d3e0: ;   {metadata(method data for {method} {0x00007f4ea8537868} 'sanitizeStackTrace' '(Ljava/lang/Throwable;)Ljava/lang/Throwable;' in 'kotlin/jvm/internal/Intrinsics')}
  0x00007f4ecc46d3e0: 00c3 48be | 0039 a6a8 | 4e7f 0000 | 4883 8670 | 0100 0001 | 488b f048 | 8bd7 0f1f 

  0x00007f4ecc46d3fc: ;   {static_call}
  0x00007f4ecc46d3fc: 4400 00e8 

  0x00007f4ecc46d400: ; ImmutableOopMap {[176]=Oop [208]=Oop [216]=Oop [224]=Oop [232]=Oop [296]=Oop [320]=Oop }
                      ;*invokestatic sanitizeStackTrace {reexecute=0 rethrow=0 return_oop=0}
                      ; - kotlin.jvm.internal.Intrinsics::sanitizeStackTrace@6 (line 253)
                      ; - kotlin.jvm.internal.Intrinsics::throwParameterIsNullNPE@11 (line 140)
                      ; - kotlin.jvm.internal.Intrinsics::checkNotNullParameter@5 (line 131)
                      ; - kotlin.Result$Failure::<init>@3
                      ; - kotlin.ResultKt::createFailure@11 (line 122)
                      ; - kotlinx.coroutines.DispatchedTask::run@259 (line 232)
  0x00007f4ecc46d400: 7c8d b106 

  0x00007f4ecc46d404: ;   {other}
  0x00007f4ecc46d404: 0f1f 8400 | 7425 001f | 488b b424 | 4001 0000 | 4885 c075 

  0x00007f4ecc46d418: ;   {metadata(method data for {method} {0x00007f4ea85367f0} 'throwParameterIsNullNPE' '(Ljava/lang/String;)V' in 'kotlin/jvm/internal/Intrinsics')}
  0x00007f4ecc46d418: 1648 bfd0 | 31a6 a84e | 7f00 0080 | 8f61 0100 | 0001 e9bb 

  0x00007f4ecc46d42c: ;   {metadata('java/lang/NullPointerException')}
  0x00007f4ecc46d42c: 0000 0048 | bba0 b705 | 0001 0000 | 008b 7808 | 48c1 e703 | 483b 5f50 | 0f85 8400 

  0x00007f4ecc46d448: ;   {metadata(method data for {method} {0x00007f4ea85367f0} 'throwParameterIsNullNPE' '(Ljava/lang/String;)V' in 'kotlin/jvm/internal/Intrinsics')}
  0x00007f4ecc46d448: 0000 48bf | d031 a6a8 | 4e7f 0000 | 8b58 0848 | c1e3 0348 | 3b9f 7801 | 0000 750d | 4883 8780 
  0x00007f4ecc46d468: 0100 0001 | e979 0000 | 0048 3b9f | 8801 0000 | 750d 4883 | 8790 0100 | 0001 e963 | 0000 0048 
  0x00007f4ecc46d488: 83bf 7801 | 0000 0075 | 1748 899f | 7801 0000 | 48c7 8780 | 0100 0001 | 0000 00e9 | 4200 0000 
  0x00007f4ecc46d4a8: 4883 bf88 | 0100 0000 | 7517 4889 | 9f88 0100 | 0048 c787 | 9001 0000 | 0100 0000 | e921 0000 
  0x00007f4ecc46d4c8: 00e9 1c00 

  0x00007f4ecc46d4cc: ;   {metadata(method data for {method} {0x00007f4ea85367f0} 'throwParameterIsNullNPE' '(Ljava/lang/String;)V' in 'kotlin/jvm/internal/Intrinsics')}
  0x00007f4ecc46d4cc: 0000 48bf | d031 a6a8 | 4e7f 0000 | 4883 af68 | 0100 0001 | e936 0e00 | 00e9 0000 | 0000 483b 
  0x00007f4ecc46d4ec: ; ImmutableOopMap {rsi=Oop rax=Oop [176]=Oop [208]=Oop [216]=Oop [224]=Oop [232]=Oop [296]=Oop [320]=Oop }
                      ;*athrow {reexecute=1 rethrow=0 return_oop=0}
                      ; - (reexecute) kotlin.jvm.internal.Intrinsics::throwParameterIsNullNPE@17 (line 140)
                      ; - kotlin.jvm.internal.Intrinsics::checkNotNullParameter@5 (line 131)
                      ; - kotlin.Result$Failure::<init>@3
                      ; - kotlin.ResultKt::createFailure@11 (line 122)
                      ; - kotlinx.coroutines.DispatchedTask::run@259 (line 232)
                      ;   {section_word}
  0x00007f4ecc46d4ec: 0048 baed | d446 cc4e 

  0x00007f4ecc46d4f4: ;   {runtime_call handle_exception_nofpu Runtime1 stub}
  0x00007f4ecc46d4f4: 7f00 00e8 | 8455 be06 

  0x00007f4ecc46d4fc: ;   {metadata(method data for {method} {0x00007f4ea8537868} 'sanitizeStackTrace' '(Ljava/lang/Throwable;)Ljava/lang/Throwable;' in 'kotlin/jvm/internal/Intrinsics')}
  0x00007f4ecc46d4fc: 9048 be00 | 39a6 a84e | 7f00 0048 | 8386 7001 | 0000 0148 | 8bf0 488b 

  0x00007f4ecc46d514: ;   {static_call}
  0x00007f4ecc46d514: d766 90e8 

  0x00007f4ecc46d518: ; ImmutableOopMap {[176]=Oop [208]=Oop [216]=Oop [224]=Oop [232]=Oop [296]=Oop }
                      ;*invokestatic sanitizeStackTrace {reexecute=0 rethrow=0 return_oop=0}
                      ; - kotlin.jvm.internal.Intrinsics::sanitizeStackTrace@6 (line 253)
                      ; - kotlin.jvm.internal.Intrinsics::throwParameterIsNullNPE@11 (line 140)
                      ; - kotlin.jvm.internal.Intrinsics::checkNotNullParameter@5 (line 131)
                      ; - kotlin.ResultKt::createFailure@3
                      ; - kotlinx.coroutines.DispatchedTask::run@259 (line 232)
  0x00007f4ecc46d518: 648c b106 

  0x00007f4ecc46d51c: ;   {other}
  0x00007f4ecc46d51c: 0f1f 8400 | 8c26 0021 | 488b b424 | 2801 0000 | 4885 c075 

  0x00007f4ecc46d530: ;   {metadata(method data for {method} {0x00007f4ea85367f0} 'throwParameterIsNullNPE' '(Ljava/lang/String;)V' in 'kotlin/jvm/internal/Intrinsics')}
  0x00007f4ecc46d530: 1648 bfd0 | 31a6 a84e | 7f00 0080 | 8f61 0100 | 0001 e9bb 

  0x00007f4ecc46d544: ;   {metadata('java/lang/NullPointerException')}
  0x00007f4ecc46d544: 0000 0048 | bba0 b705 | 0001 0000 | 008b 7808 | 48c1 e703 | 483b 5f50 | 0f85 8400 

  0x00007f4ecc46d560: ;   {metadata(method data for {method} {0x00007f4ea85367f0} 'throwParameterIsNullNPE' '(Ljava/lang/String;)V' in 'kotlin/jvm/internal/Intrinsics')}
  0x00007f4ecc46d560: 0000 48bf | d031 a6a8 | 4e7f 0000 | 8b58 0848 | c1e3 0348 | 3b9f 7801 | 0000 750d | 4883 8780 
  0x00007f4ecc46d580: 0100 0001 | e979 0000 | 0048 3b9f | 8801 0000 | 750d 4883 | 8790 0100 | 0001 e963 | 0000 0048 
  0x00007f4ecc46d5a0: 83bf 7801 | 0000 0075 | 1748 899f | 7801 0000 | 48c7 8780 | 0100 0001 | 0000 00e9 | 4200 0000 
  0x00007f4ecc46d5c0: 4883 bf88 | 0100 0000 | 7517 4889 | 9f88 0100 | 0048 c787 | 9001 0000 | 0100 0000 | e921 0000 
  0x00007f4ecc46d5e0: 00e9 1c00 

  0x00007f4ecc46d5e4: ;   {metadata(method data for {method} {0x00007f4ea85367f0} 'throwParameterIsNullNPE' '(Ljava/lang/String;)V' in 'kotlin/jvm/internal/Intrinsics')}
  0x00007f4ecc46d5e4: 0000 48bf | d031 a6a8 | 4e7f 0000 | 4883 af68 | 0100 0001 | e92c 0d00 | 00e9 0000 | 0000 483b 
  0x00007f4ecc46d604: ; ImmutableOopMap {rsi=Oop rax=Oop [176]=Oop [208]=Oop [216]=Oop [224]=Oop [232]=Oop [296]=Oop }
                      ;*athrow {reexecute=1 rethrow=0 return_oop=0}
                      ; - (reexecute) kotlin.jvm.internal.Intrinsics::throwParameterIsNullNPE@17 (line 140)
                      ; - kotlin.jvm.internal.Intrinsics::checkNotNullParameter@5 (line 131)
                      ; - kotlin.ResultKt::createFailure@3
                      ; - kotlinx.coroutines.DispatchedTask::run@259 (line 232)
                      ;   {section_word}
  0x00007f4ecc46d604: 0048 ba05 | d646 cc4e 

  0x00007f4ecc46d60c: ;   {runtime_call handle_exception_nofpu Runtime1 stub}
  0x00007f4ecc46d60c: 7f00 00e8 | 6c54 be06 

  0x00007f4ecc46d614: ;   {metadata(method data for {method} {0x00007f4ea8537868} 'sanitizeStackTrace' '(Ljava/lang/Throwable;)Ljava/lang/Throwable;' in 'kotlin/jvm/internal/Intrinsics')}
  0x00007f4ecc46d614: 9048 be00 | 39a6 a84e | 7f00 0048 | 8386 7001 | 0000 0148 | 8bf0 488b 

  0x00007f4ecc46d62c: ;   {static_call}
  0x00007f4ecc46d62c: d766 90e8 

  0x00007f4ecc46d630: ; ImmutableOopMap {[176]=Oop [208]=Oop [216]=Oop [224]=Oop [232]=Oop [256]=Oop [288]=Oop }
                      ;*invokestatic sanitizeStackTrace {reexecute=0 rethrow=0 return_oop=0}
                      ; - kotlin.jvm.internal.Intrinsics::sanitizeStackTrace@6 (line 253)
                      ; - kotlin.jvm.internal.Intrinsics::throwParameterIsNullNPE@11 (line 140)
                      ; - kotlin.jvm.internal.Intrinsics::checkNotNullParameter@5 (line 131)
                      ; - kotlin.Result$Failure::<init>@3
                      ; - kotlin.ResultKt::createFailure@11 (line 122)
                      ; - kotlinx.coroutines.DispatchedTask::run@286 (line 98)
  0x00007f4ecc46d630: 4c8b b106 

  0x00007f4ecc46d634: ;   {other}
  0x00007f4ecc46d634: 0f1f 8400 | a427 0023 | 488b b424 | 2001 0000 | 4885 c075 

  0x00007f4ecc46d648: ;   {metadata(method data for {method} {0x00007f4ea85367f0} 'throwParameterIsNullNPE' '(Ljava/lang/String;)V' in 'kotlin/jvm/internal/Intrinsics')}
  0x00007f4ecc46d648: 1648 bfd0 | 31a6 a84e | 7f00 0080 | 8f61 0100 | 0001 e9bb 

  0x00007f4ecc46d65c: ;   {metadata('java/lang/NullPointerException')}
  0x00007f4ecc46d65c: 0000 0048 | bba0 b705 | 0001 0000 | 008b 7808 | 48c1 e703 | 483b 5f50 | 0f85 8400 

  0x00007f4ecc46d678: ;   {metadata(method data for {method} {0x00007f4ea85367f0} 'throwParameterIsNullNPE' '(Ljava/lang/String;)V' in 'kotlin/jvm/internal/Intrinsics')}
  0x00007f4ecc46d678: 0000 48bf | d031 a6a8 | 4e7f 0000 | 8b58 0848 | c1e3 0348 | 3b9f 7801 | 0000 750d | 4883 8780 
  0x00007f4ecc46d698: 0100 0001 | e979 0000 | 0048 3b9f | 8801 0000 | 750d 4883 | 8790 0100 | 0001 e963 | 0000 0048 
  0x00007f4ecc46d6b8: 83bf 7801 | 0000 0075 | 1748 899f | 7801 0000 | 48c7 8780 | 0100 0001 | 0000 00e9 | 4200 0000 
  0x00007f4ecc46d6d8: 4883 bf88 | 0100 0000 | 7517 4889 | 9f88 0100 | 0048 c787 | 9001 0000 | 0100 0000 | e921 0000 
  0x00007f4ecc46d6f8: 00e9 1c00 

  0x00007f4ecc46d6fc: ;   {metadata(method data for {method} {0x00007f4ea85367f0} 'throwParameterIsNullNPE' '(Ljava/lang/String;)V' in 'kotlin/jvm/internal/Intrinsics')}
  0x00007f4ecc46d6fc: 0000 48bf | d031 a6a8 | 4e7f 0000 | 4883 af68 | 0100 0001 | e922 0c00 | 00e9 0000 | 0000 483b 
  0x00007f4ecc46d71c: ; ImmutableOopMap {rsi=Oop rax=Oop [176]=Oop [208]=Oop [216]=Oop [224]=Oop [232]=Oop [256]=Oop [288]=Oop }
                      ;*athrow {reexecute=1 rethrow=0 return_oop=0}
                      ; - (reexecute) kotlin.jvm.internal.Intrinsics::throwParameterIsNullNPE@17 (line 140)
                      ; - kotlin.jvm.internal.Intrinsics::checkNotNullParameter@5 (line 131)
                      ; - kotlin.Result$Failure::<init>@3
                      ; - kotlin.ResultKt::createFailure@11 (line 122)
                      ; - kotlinx.coroutines.DispatchedTask::run@286 (line 98)
                      ;   {section_word}
  0x00007f4ecc46d71c: 0048 ba1d | d746 cc4e 

  0x00007f4ecc46d724: ;   {runtime_call handle_exception_nofpu Runtime1 stub}
  0x00007f4ecc46d724: 7f00 00e8 | 5453 be06 

  0x00007f4ecc46d72c: ;   {metadata(method data for {method} {0x00007f4ea8537868} 'sanitizeStackTrace' '(Ljava/lang/Throwable;)Ljava/lang/Throwable;' in 'kotlin/jvm/internal/Intrinsics')}
  0x00007f4ecc46d72c: 9048 be00 | 39a6 a84e | 7f00 0048 | 8386 7001 | 0000 0148 | 8bf0 488b 

  0x00007f4ecc46d744: ;   {static_call}
  0x00007f4ecc46d744: d766 90e8 

  0x00007f4ecc46d748: ; ImmutableOopMap {[176]=Oop [208]=Oop [216]=Oop [224]=Oop [232]=Oop [256]=Oop }
                      ;*invokestatic sanitizeStackTrace {reexecute=0 rethrow=0 return_oop=0}
                      ; - kotlin.jvm.internal.Intrinsics::sanitizeStackTrace@6 (line 253)
                      ; - kotlin.jvm.internal.Intrinsics::throwParameterIsNullNPE@11 (line 140)
                      ; - kotlin.jvm.internal.Intrinsics::checkNotNullParameter@5 (line 131)
                      ; - kotlin.ResultKt::createFailure@3
                      ; - kotlinx.coroutines.DispatchedTask::run@286 (line 98)
  0x00007f4ecc46d748: 348a b106 

  0x00007f4ecc46d74c: ;   {other}
  0x00007f4ecc46d74c: 0f1f 8400 | bc28 0025 | 488b b424 | 0001 0000 | 488b bc24 | d000 0000 | 4885 c075 

  0x00007f4ecc46d768: ;   {metadata(method data for {method} {0x00007f4ea85367f0} 'throwParameterIsNullNPE' '(Ljava/lang/String;)V' in 'kotlin/jvm/internal/Intrinsics')}
  0x00007f4ecc46d768: 1648 bbd0 | 31a6 a84e | 7f00 0080 | 8b61 0100 | 0001 e9bb 

  0x00007f4ecc46d77c: ;   {metadata('java/lang/NullPointerException')}
  0x00007f4ecc46d77c: 0000 0048 | b9a0 b705 | 0001 0000 | 008b 5808 | 48c1 e303 | 483b 4b50 | 0f85 8400 

  0x00007f4ecc46d798: ;   {metadata(method data for {method} {0x00007f4ea85367f0} 'throwParameterIsNullNPE' '(Ljava/lang/String;)V' in 'kotlin/jvm/internal/Intrinsics')}
  0x00007f4ecc46d798: 0000 48bb | d031 a6a8 | 4e7f 0000 | 8b48 0848 | c1e1 0348 | 3b8b 7801 | 0000 750d | 4883 8380 
  0x00007f4ecc46d7b8: 0100 0001 | e979 0000 | 0048 3b8b | 8801 0000 | 750d 4883 | 8390 0100 | 0001 e963 | 0000 0048 
  0x00007f4ecc46d7d8: 83bb 7801 | 0000 0075 | 1748 898b | 7801 0000 | 48c7 8380 | 0100 0001 | 0000 00e9 | 4200 0000 
  0x00007f4ecc46d7f8: 4883 bb88 | 0100 0000 | 7517 4889 | 8b88 0100 | 0048 c783 | 9001 0000 | 0100 0000 | e921 0000 
  0x00007f4ecc46d818: 00e9 1c00 

  0x00007f4ecc46d81c: ;   {metadata(method data for {method} {0x00007f4ea85367f0} 'throwParameterIsNullNPE' '(Ljava/lang/String;)V' in 'kotlin/jvm/internal/Intrinsics')}
  0x00007f4ecc46d81c: 0000 48bb | d031 a6a8 | 4e7f 0000 | 4883 ab68 | 0100 0001 | e910 0b00 | 00e9 0000 | 0000 483b 
  0x00007f4ecc46d83c: ; ImmutableOopMap {rsi=Oop rdi=Oop rax=Oop [176]=Oop [216]=Oop [224]=Oop [232]=Oop [256]=Oop }
                      ;*athrow {reexecute=1 rethrow=0 return_oop=0}
                      ; - (reexecute) kotlin.jvm.internal.Intrinsics::throwParameterIsNullNPE@17 (line 140)
                      ; - kotlin.jvm.internal.Intrinsics::checkNotNullParameter@5 (line 131)
                      ; - kotlin.ResultKt::createFailure@3
                      ; - kotlinx.coroutines.DispatchedTask::run@286 (line 98)
                      ;   {section_word}
  0x00007f4ecc46d83c: 0048 ba3d | d846 cc4e 

  0x00007f4ecc46d844: ;   {runtime_call handle_exception_nofpu Runtime1 stub}
  0x00007f4ecc46d844: 7f00 00e8 | 3452 be06 | 9049 8b87 | 0005 0000 | 4d33 d24d | 8997 0005 | 0000 4d33 | d24d 8997 
  0x00007f4ecc46d864: 0805 0000 | 488b b424 | e800 0000 

  0x00007f4ecc46d870: ;   {metadata(method data for {method} {0x00007f4ea88616b0} 'run' '()V' in 'kotlinx/coroutines/DispatchedTask')}
  0x00007f4ecc46d870: 4885 f648 | bfa0 d295 | ab4e 7f00 | 0048 c7c3 | f808 0000 | 7407 48c7 | c308 0900 | 0048 8b14 
  0x00007f4ecc46d890: 1f48 8d52 | 0148 8914 | 1f48 8984 | 2448 0100 | 000f 8453 | 0000 0048 | 3b06 488b 

  0x00007f4ecc46d8ac: ;   {metadata(method data for {method} {0x00007f4ea88616b0} 'run' '()V' in 'kotlinx/coroutines/DispatchedTask')}
  0x00007f4ecc46d8ac: fe48 bba0 | d295 ab4e | 7f00 0048 | 8383 1809 

  0x00007f4ecc46d8bc: ;   {optimized virtual_call}
  0x00007f4ecc46d8bc: 0000 01e8 

  0x00007f4ecc46d8c0: ; ImmutableOopMap {[176]=Oop [216]=Oop [224]=Oop [328]=Oop }
                      ;*invokevirtual clearThreadContext {reexecute=0 rethrow=0 return_oop=0}
                      ; - kotlinx.coroutines.DispatchedTask::run@357 (line 236)
  0x00007f4ecc46d8c0: bc7e b106 

  0x00007f4ecc46d8c4: ;   {other}
  0x00007f4ecc46d8c4: 0f1f 8400 | 342a 0027 

  0x00007f4ecc46d8cc: ;   {metadata(method data for {method} {0x00007f4ea88616b0} 'run' '()V' in 'kotlinx/coroutines/DispatchedTask')}
  0x00007f4ecc46d8cc: 85c0 48be | a0d2 95ab | 4e7f 0000 | 48c7 c250 | 0900 0074 | 0748 c7c2 | 6009 0000 | 488b 3c16 
  0x00007f4ecc46d8ec: 488d 7f01 | 4889 3c16 | 0f84 3200 | 0000 488b | 9424 e000 | 0000 488b | 8424 d800 

  0x00007f4ecc46d908: ;   {metadata(method data for {method} {0x00007f4ea88616b0} 'run' '()V' in 'kotlinx/coroutines/DispatchedTask')}
  0x00007f4ecc46d908: 0000 48be | a0d2 95ab | 4e7f 0000 | 4883 8670 | 0900 0001 

  0x00007f4ecc46d91c: ;   {static_call}
  0x00007f4ecc46d91c: 488b f0e8 

  0x00007f4ecc46d920: ; ImmutableOopMap {[176]=Oop [328]=Oop }
                      ;*invokestatic restoreThreadContext {reexecute=0 rethrow=0 return_oop=0}
                      ; - kotlinx.coroutines.DispatchedTask::run@367 (line 237)
  0x00007f4ecc46d920: 5c88 b106 

  0x00007f4ecc46d924: ;   {other}
  0x00007f4ecc46d924: 0f1f 8400 | 942a 0028 | 488b 8424 

  0x00007f4ecc46d930: ; ImmutableOopMap {rax=Oop [176]=Oop }
                      ;*athrow {reexecute=1 rethrow=0 return_oop=0}
                      ; - (reexecute) kotlinx.coroutines.DispatchedTask::run@372 (line 237)
  0x00007f4ecc46d930: 4801 0000 

  0x00007f4ecc46d934: ;   {section_word}
  0x00007f4ecc46d934: 48ba 34d9 | 46cc 4e7f 

  0x00007f4ecc46d93c: ;   {runtime_call handle_exception_nofpu Runtime1 stub}
  0x00007f4ecc46d93c: 0000 e83d | 51be 0690 

  0x00007f4ecc46d944: ;   {metadata(method data for {method} {0x00007f4ea8537868} 'sanitizeStackTrace' '(Ljava/lang/Throwable;)Ljava/lang/Throwable;' in 'kotlin/jvm/internal/Intrinsics')}
  0x00007f4ecc46d944: 48be 0039 | a6a8 4e7f | 0000 4883 | 8670 0100 | 0001 488b | f048 8bd7 

  0x00007f4ecc46d95c: ;   {static_call}
  0x00007f4ecc46d95c: 6666 90e8 

  0x00007f4ecc46d960: ; ImmutableOopMap {[176]=Oop [184]=Oop }
                      ;*invokestatic sanitizeStackTrace {reexecute=0 rethrow=0 return_oop=0}
                      ; - kotlin.jvm.internal.Intrinsics::sanitizeStackTrace@6 (line 253)
                      ; - kotlin.jvm.internal.Intrinsics::throwJavaNpe@8 (line 50)
                      ; - kotlin.jvm.internal.Intrinsics::checkNotNull@5 (line 31)
                      ; - kotlinx.coroutines.DispatchedTask::run@40 (line 80)
  0x00007f4ecc46d960: 1c88 b106 

  0x00007f4ecc46d964: ;   {other}
  0x00007f4ecc46d964: 0f1f 8400 | d42a 002a | 488b b424 | b800 0000 | 4885 c075 

  0x00007f4ecc46d978: ;   {metadata(method data for {method} {0x00007f4ea85359c8} 'throwJavaNpe' '(Ljava/lang/String;)V' in 'kotlin/jvm/internal/Intrinsics')}
  0x00007f4ecc46d978: 1648 bf30 | 3d30 a94e | 7f00 0080 | 8f51 0100 | 0001 e9bb 

  0x00007f4ecc46d98c: ;   {metadata('java/lang/NullPointerException')}
  0x00007f4ecc46d98c: 0000 0048 | bba0 b705 | 0001 0000 | 008b 7808 | 48c1 e703 | 483b 5f50 | 0f85 8400 

  0x00007f4ecc46d9a8: ;   {metadata(method data for {method} {0x00007f4ea85359c8} 'throwJavaNpe' '(Ljava/lang/String;)V' in 'kotlin/jvm/internal/Intrinsics')}
  0x00007f4ecc46d9a8: 0000 48bf | 303d 30a9 | 4e7f 0000 | 8b58 0848 | c1e3 0348 | 3b9f 6801 | 0000 750d | 4883 8770 
  0x00007f4ecc46d9c8: 0100 0001 | e979 0000 | 0048 3b9f | 7801 0000 | 750d 4883 | 8780 0100 | 0001 e963 | 0000 0048 
  0x00007f4ecc46d9e8: 83bf 6801 | 0000 0075 | 1748 899f | 6801 0000 | 48c7 8770 | 0100 0001 | 0000 00e9 | 4200 0000 
  0x00007f4ecc46da08: 4883 bf78 | 0100 0000 | 7517 4889 | 9f78 0100 | 0048 c787 | 8001 0000 | 0100 0000 | e921 0000 
  0x00007f4ecc46da28: 00e9 1c00 

  0x00007f4ecc46da2c: ;   {metadata(method data for {method} {0x00007f4ea85359c8} 'throwJavaNpe' '(Ljava/lang/String;)V' in 'kotlin/jvm/internal/Intrinsics')}
  0x00007f4ecc46da2c: 0000 48bf | 303d 30a9 | 4e7f 0000 | 4883 af58 | 0100 0001 | e913 0900 | 00e9 0000 | 0000 483b 
  0x00007f4ecc46da4c: ; ImmutableOopMap {rsi=Oop rax=Oop [176]=Oop [184]=Oop }
                      ;*athrow {reexecute=1 rethrow=0 return_oop=0}
                      ; - (reexecute) kotlin.jvm.internal.Intrinsics::throwJavaNpe@14 (line 50)
                      ; - kotlin.jvm.internal.Intrinsics::checkNotNull@5 (line 31)
                      ; - kotlinx.coroutines.DispatchedTask::run@40 (line 80)
                      ;   {section_word}
  0x00007f4ecc46da4c: 0048 ba4d | da46 cc4e 

  0x00007f4ecc46da54: ;   {runtime_call handle_exception_nofpu Runtime1 stub}
  0x00007f4ecc46da54: 7f00 00e8 | 2450 be06 | 9049 8b87 | 0005 0000 | 4d33 d24d | 8997 0005 | 0000 4d33 | d24d 8997 
  0x00007f4ecc46da74: 0805 0000 | 488b b424 | b000 0000 

  0x00007f4ecc46da80: ;   {metadata(method data for {method} {0x00007f4ea88616b0} 'run' '()V' in 'kotlinx/coroutines/DispatchedTask')}
  0x00007f4ecc46da80: 48ba a0d2 | 95ab 4e7f | 0000 4883 | 8250 0a00 | 0001 488b | d048 8bb4 | 24b0 0000 

  0x00007f4ecc46da9c: ;   {optimized virtual_call}
  0x00007f4ecc46da9c: 0066 90e8 

  0x00007f4ecc46daa0: ; ImmutableOopMap {}
                      ;*invokevirtual handleFatalException$kotlinx_coroutines_core {reexecute=0 rethrow=0 return_oop=0}
                      ; - kotlinx.coroutines.DispatchedTask::run@396 (line 107)
  0x00007f4ecc46daa0: dc7c b106 

  0x00007f4ecc46daa4: ;   {other}
  0x00007f4ecc46daa4: 0f1f 8400 | 142c 002c | 4881 c470 | 0100 005d 

  0x00007f4ecc46dab4: ;   {poll_return}
  0x00007f4ecc46dab4: 493b a750 | 0400 000f | 87a5 0800 | 00c3 488b | b424 b000 | 0000 498b | 8700 0500 | 004d 33d2 
  0x00007f4ecc46dad4: 4d89 9700 | 0500 004d | 33d2 4d89 | 9708 0500 | 0048 8bfe 

  0x00007f4ecc46dae8: ;   {metadata(method data for {method} {0x00007f4ea88616b0} 'run' '()V' in 'kotlinx/coroutines/DispatchedTask')}
  0x00007f4ecc46dae8: 48bb a0d2 | 95ab 4e7f | 0000 8b7f | 0848 c1e7 | 0348 3bbb | 9009 0000 | 750d 4883 | 8398 0900 
  0x00007f4ecc46db08: 0001 e960 | 0000 0048 | 3bbb a009 | 0000 750d | 4883 83a8 | 0900 0001 | e94a 0000 | 0048 83bb 
  0x00007f4ecc46db28: 9009 0000 | 0075 1748 | 89bb 9009 | 0000 48c7 | 8398 0900 | 0001 0000 | 00e9 2900 | 0000 4883 
  0x00007f4ecc46db48: bba0 0900 | 0000 7517 | 4889 bba0 | 0900 0048 | c783 a809 | 0000 0100 | 0000 e908 | 0000 0048 
  0x00007f4ecc46db68: 8383 8009 | 0000 0148 | 8984 2450 | 0100 0066 | 0f1f 4400 | 0048 b8ff | ffff ffff 

  0x00007f4ecc46db84: ;   {virtual_call}
  0x00007f4ecc46db84: ffff ffe8 

  0x00007f4ecc46db88: ; ImmutableOopMap {[336]=Oop }
                      ;*invokevirtual getDelegate$kotlinx_coroutines_core {reexecute=0 rethrow=0 return_oop=0}
                      ; - kotlinx.coroutines.DispatchedTask::run@375 (line 105)
  0x00007f4ecc46db88: f480 b106 

  0x00007f4ecc46db8c: ;   {other}
  0x00007f4ecc46db8c: 0f1f 8400 | fc2c 002d 

  0x00007f4ecc46db94: ; implicit exception: dispatches to 0x00007f4ecc46e37c
  0x00007f4ecc46db94: 483b 0048 

  0x00007f4ecc46db98: ;   {metadata(method data for {method} {0x00007f4ea88616b0} 'run' '()V' in 'kotlinx/coroutines/DispatchedTask')}
  0x00007f4ecc46db98: 8bf0 48bf | a0d2 95ab | 4e7f 0000 | 8b76 0848 | c1e6 0348 | 3bb7 c809 | 0000 750d | 4883 87d0 
  0x00007f4ecc46dbb8: 0900 0001 | e960 0000 | 0048 3bb7 | d809 0000 | 750d 4883 | 87e0 0900 | 0001 e94a | 0000 0048 
  0x00007f4ecc46dbd8: 83bf c809 | 0000 0075 | 1748 89b7 | c809 0000 | 48c7 87d0 | 0900 0001 | 0000 00e9 | 2900 0000 
  0x00007f4ecc46dbf8: 4883 bfd8 | 0900 0000 | 7517 4889 | b7d8 0900 | 0048 c787 | e009 0000 | 0100 0000 | e908 0000 
  0x00007f4ecc46dc18: 0048 8387 | b809 0000 | 0148 8bf0 | 9048 b8ff | ffff ffff 

  0x00007f4ecc46dc2c: ;   {virtual_call}
  0x00007f4ecc46dc2c: ffff ffe8 

  0x00007f4ecc46dc30: ; ImmutableOopMap {[336]=Oop }
                      ;*invokeinterface getContext {reexecute=0 rethrow=0 return_oop=0}
                      ; - kotlinx.coroutines.DispatchedTask::run@378 (line 105)
  0x00007f4ecc46dc30: 4c80 b106 

  0x00007f4ecc46dc34: ;   {other}
  0x00007f4ecc46dc34: 0f1f 8400 | a42d 002e | 488b b424 | 5001 0000 

  0x00007f4ecc46dc44: ;   {metadata(method data for {method} {0x00007f4ea88616b0} 'run' '()V' in 'kotlinx/coroutines/DispatchedTask')}
  0x00007f4ecc46dc44: 48bf a0d2 | 95ab 4e7f | 0000 8b76 | 0848 c1e6 | 0348 3bb7 | 000a 0000 | 750d 4883 | 8708 0a00 
  0x00007f4ecc46dc64: 0001 e960 | 0000 0048 | 3bb7 100a | 0000 750d | 4883 8718 | 0a00 0001 | e94a 0000 | 0048 83bf 
  0x00007f4ecc46dc84: 000a 0000 | 0075 1748 | 89b7 000a | 0000 48c7 | 8708 0a00 | 0001 0000 | 00e9 2900 | 0000 4883 
  0x00007f4ecc46dca4: bf10 0a00 | 0000 7517 | 4889 b710 | 0a00 0048 | c787 180a | 0000 0100 | 0000 e908 | 0000 0048 
  0x00007f4ecc46dcc4: 8387 f009 | 0000 0148 | 8bb4 2450 | 0100 0048 | 8984 2458 | 0100 000f 

  0x00007f4ecc46dcdc: ;   {optimized virtual_call}
  0x00007f4ecc46dcdc: 1f40 00e8 

  0x00007f4ecc46dce0: ; ImmutableOopMap {[344]=Oop }
                      ;*invokevirtual getCause {reexecute=0 rethrow=0 return_oop=0}
                      ; - kotlinx.coroutines.DispatchedTask::run@384 (line 105)
  0x00007f4ecc46dce0: 9c7a b106 

  0x00007f4ecc46dce4: ;   {other}
  0x00007f4ecc46dce4: 0f1f 8400 | 542e 002f 

  0x00007f4ecc46dcec: ;   {metadata(method data for {method} {0x00007f4ea88616b0} 'run' '()V' in 'kotlinx/coroutines/DispatchedTask')}
  0x00007f4ecc46dcec: 48be a0d2 | 95ab 4e7f | 0000 4883 | 8628 0a00 | 0001 488b | b424 5801 | 0000 488b | d066 0f1f 
  0x00007f4ecc46dd0c: ;   {static_call}
  0x00007f4ecc46dd0c: 4400 00e8 

  0x00007f4ecc46dd10: ; ImmutableOopMap {}
                      ;*invokestatic handleCoroutineException {reexecute=0 rethrow=0 return_oop=0}
                      ; - kotlinx.coroutines.DispatchedTask::run@387 (line 105)
  0x00007f4ecc46dd10: 6c84 b106 

  0x00007f4ecc46dd14: ;   {other}
  0x00007f4ecc46dd14: 0f1f 8400 | 842e 0030 

  0x00007f4ecc46dd1c: ;   {metadata(method data for {method} {0x00007f4ea88616b0} 'run' '()V' in 'kotlinx/coroutines/DispatchedTask')}
  0x00007f4ecc46dd1c: 48be a0d2 | 95ab 4e7f | 0000 ff86 | 380a 0000 | 4881 c470 | 0100 005d 

  0x00007f4ecc46dd34: ;   {poll_return}
  0x00007f4ecc46dd34: 493b a750 | 0400 000f | 8740 0600 

  0x00007f4ecc46dd40: ;   {metadata({method} {0x00007f4ea88616b0} 'run' '()V' in 'kotlinx/coroutines/DispatchedTask')}
  0x00007f4ecc46dd40: 00c3 49ba | b016 86a8 | 4e7f 0000 | 4c89 5424 | 0848 c704 | 24ff ffff 

  0x00007f4ecc46dd58: ;   {runtime_call counter_overflow Runtime1 stub}
  0x00007f4ecc46dd58: ffe8 228e 

  0x00007f4ecc46dd5c: ; ImmutableOopMap {rsi=Oop [176]=Oop }
                      ;*synchronization entry
                      ; - kotlinx.coroutines.DispatchedTask::run@-1 (line 78)
  0x00007f4ecc46dd5c: be06 e90b 

  0x00007f4ecc46dd60: ;   {metadata({method} {0x00007f4ea8524f88} 'getASSERTIONS_ENABLED' '()Z' in 'kotlinx/coroutines/DebugKt')}
  0x00007f4ecc46dd60: d8ff ff49 | ba88 4f52 | a84e 7f00 | 004c 8954 | 2408 48c7 | 0424 ffff 

  0x00007f4ecc46dd78: ;   {runtime_call counter_overflow Runtime1 stub}
  0x00007f4ecc46dd78: ffff e801 

  0x00007f4ecc46dd7c: ; ImmutableOopMap {rsi=Oop [176]=Oop }
                      ;*synchronization entry
                      ; - kotlinx.coroutines.DebugKt::getASSERTIONS_ENABLED@-1 (line 63)
                      ; - kotlinx.coroutines.DispatchedTask::run@0 (line 78)
  0x00007f4ecc46dd7c: 8ebe 06e9 | 23d8 ffff 

  0x00007f4ecc46dd84: ;   {metadata({method} {0x00007f4ea85356f8} 'checkNotNull' '(Ljava/lang/Object;Ljava/lang/String;)V' in 'kotlin/jvm/internal/Intrinsics')}
  0x00007f4ecc46dd84: 49ba f856 | 53a8 4e7f | 0000 4c89 | 5424 0848 | c704 24ff 

  0x00007f4ecc46dd98: ;   {runtime_call counter_overflow Runtime1 stub}
  0x00007f4ecc46dd98: ffff ffe8 

  0x00007f4ecc46dd9c: ; ImmutableOopMap {rax=Oop [176]=Oop [184]=Oop }
                      ;*synchronization entry
                      ; - kotlin.jvm.internal.Intrinsics::checkNotNull@-1 (line 30)
                      ; - kotlinx.coroutines.DispatchedTask::run@40 (line 80)
  0x00007f4ecc46dd9c: e08d be06 | e900 d9ff 

  0x00007f4ecc46dda4: ;   {metadata({method} {0x00007f4ea85359c8} 'throwJavaNpe' '(Ljava/lang/String;)V' in 'kotlin/jvm/internal/Intrinsics')}
  0x00007f4ecc46dda4: ff49 bac8 | 5953 a84e | 7f00 004c | 8954 2408 | 48c7 0424 | ffff ffff 

  0x00007f4ecc46ddbc: ;   {runtime_call counter_overflow Runtime1 stub}
  0x00007f4ecc46ddbc: e8bf 8dbe 

  0x00007f4ecc46ddc0: ; ImmutableOopMap {[176]=Oop [184]=Oop }
                      ;*synchronization entry
                      ; - kotlin.jvm.internal.Intrinsics::throwJavaNpe@-1 (line 50)
                      ; - kotlin.jvm.internal.Intrinsics::checkNotNull@5 (line 31)
                      ; - kotlinx.coroutines.DispatchedTask::run@40 (line 80)
  0x00007f4ecc46ddc0: 06e9 47d9 

  0x00007f4ecc46ddc4: ;   {metadata(nullptr)}
  0x00007f4ecc46ddc4: ffff 48ba | 0000 0000 | 0000 0000 | b800 0f05 

  0x00007f4ecc46ddd4: ;   {runtime_call load_klass_patching Runtime1 stub}
  0x00007f4ecc46ddd4: 0ae8 a678 

  0x00007f4ecc46ddd8: ; ImmutableOopMap {[176]=Oop [184]=Oop }
                      ;*new {reexecute=1 rethrow=0 return_oop=0}
                      ; - (reexecute) kotlin.jvm.internal.Intrinsics::throwJavaNpe@0 (line 50)
                      ; - kotlin.jvm.internal.Intrinsics::checkNotNull@5 (line 31)
                      ; - kotlinx.coroutines.DispatchedTask::run@40 (line 80)
  0x00007f4ecc46ddd8: be06 e931 | d9ff ff48 

  0x00007f4ecc46dde0: ;   {runtime_call fast_new_instance Runtime1 stub}
  0x00007f4ecc46dde0: 8bd2 e819 

  0x00007f4ecc46dde4: ; ImmutableOopMap {[176]=Oop [184]=Oop }
                      ;*new {reexecute=0 rethrow=0 return_oop=0}
                      ; - kotlin.jvm.internal.Intrinsics::throwJavaNpe@0 (line 50)
                      ; - kotlin.jvm.internal.Intrinsics::checkNotNull@5 (line 31)
                      ; - kotlinx.coroutines.DispatchedTask::run@40 (line 80)
  0x00007f4ecc46dde4: 3bbe 06e9 | 77d9 ffff 

  0x00007f4ecc46ddec: ;   {metadata({method} {0x00007f4ea8537868} 'sanitizeStackTrace' '(Ljava/lang/Throwable;)Ljava/lang/Throwable;' in 'kotlin/jvm/internal/Intrinsics')}
  0x00007f4ecc46ddec: 49ba 6878 | 53a8 4e7f | 0000 4c89 | 5424 0848 | c704 24ff 

  0x00007f4ecc46de00: ;   {runtime_call counter_overflow Runtime1 stub}
  0x00007f4ecc46de00: ffff ffe8 

  0x00007f4ecc46de04: ; ImmutableOopMap {[176]=Oop [184]=Oop [192]=Oop }
                      ;*synchronization entry
                      ; - kotlin.jvm.internal.Intrinsics::sanitizeStackTrace@-1 (line 253)
                      ; - kotlin.jvm.internal.Intrinsics::throwJavaNpe@8 (line 50)
                      ; - kotlin.jvm.internal.Intrinsics::checkNotNull@5 (line 31)
                      ; - kotlinx.coroutines.DispatchedTask::run@40 (line 80)
  0x00007f4ecc46de04: 788d be06 | e9c8 d9ff 

  0x00007f4ecc46de0c: ;   {metadata({method} {0x00007f4ea80164e8} 'getName' '()Ljava/lang/String;' in 'java/lang/Class')}
  0x00007f4ecc46de0c: ff49 bae8 | 6401 a84e | 7f00 004c | 8954 2408 | 48c7 0424 | ffff ffff 

  0x00007f4ecc46de24: ;   {runtime_call counter_overflow Runtime1 stub}
  0x00007f4ecc46de24: e857 8dbe 

  0x00007f4ecc46de28: ; ImmutableOopMap {rsi=Oop [176]=Oop [184]=Oop [192]=Oop }
                      ;*synchronization entry
                      ; - java.lang.Class::getName@-1
                      ; - kotlin.jvm.internal.Intrinsics::sanitizeStackTrace@3 (line 253)
                      ; - kotlin.jvm.internal.Intrinsics::throwJavaNpe@8 (line 50)
                      ; - kotlin.jvm.internal.Intrinsics::checkNotNull@5 (line 31)
                      ; - kotlinx.coroutines.DispatchedTask::run@40 (line 80)
  0x00007f4ecc46de28: 06e9 edd9 

  0x00007f4ecc46de2c: ;   {runtime_call throw_null_pointer_exception Runtime1 stub}
  0x00007f4ecc46de2c: ffff e8ed 

  0x00007f4ecc46de30: ; ImmutableOopMap {[176]=Oop [184]=Oop [192]=Oop }
                      ;*getfield name {reexecute=1 rethrow=0 return_oop=0}
                      ; - (reexecute) java.lang.Class::getName@1
                      ; - kotlin.jvm.internal.Intrinsics::sanitizeStackTrace@3 (line 253)
                      ; - kotlin.jvm.internal.Intrinsics::throwJavaNpe@8 (line 50)
                      ; - kotlin.jvm.internal.Intrinsics::checkNotNull@5 (line 31)
                      ; - kotlinx.coroutines.DispatchedTask::run@40 (line 80)
  0x00007f4ecc46de30: 30be 0648 

  0x00007f4ecc46de34: ;   {runtime_call throw_class_cast_exception Runtime1 stub}
  0x00007f4ecc46de34: 8904 24e8 

  0x00007f4ecc46de38: ; ImmutableOopMap {[176]=Oop }
                      ;*checkcast {reexecute=0 rethrow=0 return_oop=0}
                      ; - kotlinx.coroutines.DispatchedTask::run@43 (line 80)
  0x00007f4ecc46de38: e458 be06 

  0x00007f4ecc46de3c: ;   {runtime_call throw_null_pointer_exception Runtime1 stub}
  0x00007f4ecc46de3c: e8df 30be 

  0x00007f4ecc46de40: ; ImmutableOopMap {rsi=Oop [176]=Oop }
                      ;*getfield continuation {reexecute=1 rethrow=0 return_oop=0}
                      ; - (reexecute) kotlinx.coroutines.DispatchedTask::run@48 (line 81)
                      ;   {runtime_call throw_null_pointer_exception Runtime1 stub}
  0x00007f4ecc46de40: 06e8 da30 

  0x00007f4ecc46de44: ; ImmutableOopMap {rdi=Oop rbx=Oop [176]=Oop }
                      ;*invokeinterface getContext {reexecute=0 rethrow=0 return_oop=0}
                      ; - kotlinx.coroutines.DispatchedTask::run@64 (line 222)
                      ;   {metadata({method} {0x00007f4ea88758b0} 'isCancellableMode' '(I)Z' in 'kotlinx/coroutines/DispatchedTaskKt')}
  0x00007f4ecc46de44: be06 49ba | b058 87a8 | 4e7f 0000 | 4c89 5424 | 0848 c704 | 24ff ffff 

  0x00007f4ecc46de5c: ;   {runtime_call counter_overflow Runtime1 stub}
  0x00007f4ecc46de5c: ffe8 1e8d 

  0x00007f4ecc46de60: ; ImmutableOopMap {rax=Oop rsi=Oop [176]=Oop [208]=Oop [216]=Oop [224]=Oop [232]=Oop [240]=Oop [248]=Oop [256]=Oop }
                      ;*synchronization entry
                      ; - kotlinx.coroutines.DispatchedTaskKt::isCancellableMode@-1 (line 43)
                      ; - kotlinx.coroutines.DispatchedTask::run@137 (line 91)
  0x00007f4ecc46de60: be06 e958 

  0x00007f4ecc46de64: ;   {runtime_call throw_null_pointer_exception Runtime1 stub}
  0x00007f4ecc46de64: dfff ffe8 

  0x00007f4ecc46de68: ; ImmutableOopMap {rax=Oop [176]=Oop [208]=Oop [216]=Oop [224]=Oop [232]=Oop [248]=Oop [256]=Oop }
                      ;*invokeinterface get {reexecute=0 rethrow=0 return_oop=0}
                      ; - kotlinx.coroutines.DispatchedTask::run@151 (line 91)
  0x00007f4ecc46de68: b430 be06 | 4889 0424 

  0x00007f4ecc46de70: ;   {runtime_call throw_class_cast_exception Runtime1 stub}
  0x00007f4ecc46de70: e8ab 58be 

  0x00007f4ecc46de74: ; ImmutableOopMap {[176]=Oop [208]=Oop [216]=Oop [224]=Oop [232]=Oop [248]=Oop [256]=Oop }
                      ;*checkcast {reexecute=0 rethrow=0 return_oop=0}
                      ; - kotlinx.coroutines.DispatchedTask::run@156 (line 91)
                      ;   {runtime_call throw_null_pointer_exception Runtime1 stub}
  0x00007f4ecc46de74: 06e8 a630 

  0x00007f4ecc46de78: ; ImmutableOopMap {rdi=Oop [176]=Oop [208]=Oop [216]=Oop [224]=Oop [232]=Oop [248]=Oop [256]=Oop }
                      ;*invokeinterface isActive {reexecute=0 rethrow=0 return_oop=0}
                      ; - kotlinx.coroutines.DispatchedTask::run@172 (line 92)
                      ;   {metadata({method} {0x00007f4ea887d960} 'createFailure' '(Ljava/lang/Throwable;)Ljava/lang/Object;' in 'kotlin/ResultKt')}
  0x00007f4ecc46de78: be06 49ba | 60d9 87a8 | 4e7f 0000 | 4c89 5424 | 0848 c704 | 24ff ffff 

  0x00007f4ecc46de90: ;   {runtime_call counter_overflow Runtime1 stub}
  0x00007f4ecc46de90: ffe8 ea8c 

  0x00007f4ecc46de94: ; ImmutableOopMap {rax=Oop [176]=Oop [208]=Oop [216]=Oop [224]=Oop [232]=Oop [256]=Oop }
                      ;*synchronization entry
                      ; - kotlin.ResultKt::createFailure@-1
                      ; - kotlinx.coroutines.DispatchedTask::run@286 (line 98)
  0x00007f4ecc46de94: be06 e927 

  0x00007f4ecc46de98: ;   {metadata({method} {0x00007f4ea8536670} 'checkNotNullParameter' '(Ljava/lang/Object;Ljava/lang/String;)V' in 'kotlin/jvm/internal/Intrinsics')}
  0x00007f4ecc46de98: e3ff ff49 | ba70 6653 | a84e 7f00 | 004c 8954 | 2408 48c7 | 0424 ffff 

  0x00007f4ecc46deb0: ;   {runtime_call counter_overflow Runtime1 stub}
  0x00007f4ecc46deb0: ffff e8c9 

  0x00007f4ecc46deb4: ; ImmutableOopMap {rax=Oop [176]=Oop [208]=Oop [216]=Oop [224]=Oop [232]=Oop [256]=Oop }
                      ;*synchronization entry
                      ; - kotlin.jvm.internal.Intrinsics::checkNotNullParameter@-1 (line 130)
                      ; - kotlin.ResultKt::createFailure@3
                      ; - kotlinx.coroutines.DispatchedTask::run@286 (line 98)
  0x00007f4ecc46deb4: 8cbe 06e9 | 3fe3 ffff 

  0x00007f4ecc46debc: ;   {metadata({method} {0x00007f4ea85367f0} 'throwParameterIsNullNPE' '(Ljava/lang/String;)V' in 'kotlin/jvm/internal/Intrinsics')}
  0x00007f4ecc46debc: 49ba f067 | 53a8 4e7f | 0000 4c89 | 5424 0848 | c704 24ff 

  0x00007f4ecc46ded0: ;   {runtime_call counter_overflow Runtime1 stub}
  0x00007f4ecc46ded0: ffff ffe8 

  0x00007f4ecc46ded4: ; ImmutableOopMap {[176]=Oop [208]=Oop [216]=Oop [224]=Oop [232]=Oop [256]=Oop }
                      ;*synchronization entry
                      ; - kotlin.jvm.internal.Intrinsics::throwParameterIsNullNPE@-1 (line 140)
                      ; - kotlin.jvm.internal.Intrinsics::checkNotNullParameter@5 (line 131)
                      ; - kotlin.ResultKt::createFailure@3
                      ; - kotlinx.coroutines.DispatchedTask::run@286 (line 98)
  0x00007f4ecc46ded4: a88c be06 | e986 e3ff 

  0x00007f4ecc46dedc: ;   {metadata(nullptr)}
  0x00007f4ecc46dedc: ff48 ba00 | 0000 0000 | 0000 00b8 | 000f 050a 

  0x00007f4ecc46deec: ;   {runtime_call load_klass_patching Runtime1 stub}
  0x00007f4ecc46deec: e88f 77be 

  0x00007f4ecc46def0: ; ImmutableOopMap {[176]=Oop [208]=Oop [216]=Oop [224]=Oop [232]=Oop [256]=Oop }
                      ;*new {reexecute=1 rethrow=0 return_oop=0}
                      ; - (reexecute) kotlin.jvm.internal.Intrinsics::throwParameterIsNullNPE@0 (line 140)
                      ; - kotlin.jvm.internal.Intrinsics::checkNotNullParameter@5 (line 131)
                      ; - kotlin.ResultKt::createFailure@3
                      ; - kotlinx.coroutines.DispatchedTask::run@286 (line 98)
  0x00007f4ecc46def0: 06e9 72e3 | ffff 488b 

  0x00007f4ecc46def8: ;   {runtime_call fast_new_instance Runtime1 stub}
  0x00007f4ecc46def8: d2e8 023a 

  0x00007f4ecc46defc: ; ImmutableOopMap {[176]=Oop [208]=Oop [216]=Oop [224]=Oop [232]=Oop [256]=Oop }
                      ;*new {reexecute=0 rethrow=0 return_oop=0}
                      ; - kotlin.jvm.internal.Intrinsics::throwParameterIsNullNPE@0 (line 140)
                      ; - kotlin.jvm.internal.Intrinsics::checkNotNullParameter@5 (line 131)
                      ; - kotlin.ResultKt::createFailure@3
                      ; - kotlinx.coroutines.DispatchedTask::run@286 (line 98)
  0x00007f4ecc46defc: be06 e9b8 

  0x00007f4ecc46df00: ;   {metadata({method} {0x00007f4ea8537868} 'sanitizeStackTrace' '(Ljava/lang/Throwable;)Ljava/lang/Throwable;' in 'kotlin/jvm/internal/Intrinsics')}
  0x00007f4ecc46df00: e3ff ff49 | ba68 7853 | a84e 7f00 | 004c 8954 | 2408 48c7 | 0424 ffff 

  0x00007f4ecc46df18: ;   {runtime_call counter_overflow Runtime1 stub}
  0x00007f4ecc46df18: ffff e861 

  0x00007f4ecc46df1c: ; ImmutableOopMap {[176]=Oop [208]=Oop [216]=Oop [224]=Oop [232]=Oop [256]=Oop [272]=Oop }
                      ;*synchronization entry
                      ; - kotlin.jvm.internal.Intrinsics::sanitizeStackTrace@-1 (line 253)
                      ; - kotlin.jvm.internal.Intrinsics::throwParameterIsNullNPE@11 (line 140)
                      ; - kotlin.jvm.internal.Intrinsics::checkNotNullParameter@5 (line 131)
                      ; - kotlin.ResultKt::createFailure@3
                      ; - kotlinx.coroutines.DispatchedTask::run@286 (line 98)
  0x00007f4ecc46df1c: 8cbe 06e9 | 39e4 ffff 

  0x00007f4ecc46df24: ;   {metadata({method} {0x00007f4ea80164e8} 'getName' '()Ljava/lang/String;' in 'java/lang/Class')}
  0x00007f4ecc46df24: 49ba e864 | 01a8 4e7f | 0000 4c89 | 5424 0848 | c704 24ff 

  0x00007f4ecc46df38: ;   {runtime_call counter_overflow Runtime1 stub}
  0x00007f4ecc46df38: ffff ffe8 

  0x00007f4ecc46df3c: ; ImmutableOopMap {rsi=Oop [176]=Oop [208]=Oop [216]=Oop [224]=Oop [232]=Oop [256]=Oop [272]=Oop }
                      ;*synchronization entry
                      ; - java.lang.Class::getName@-1
                      ; - kotlin.jvm.internal.Intrinsics::sanitizeStackTrace@3 (line 253)
                      ; - kotlin.jvm.internal.Intrinsics::throwParameterIsNullNPE@11 (line 140)
                      ; - kotlin.jvm.internal.Intrinsics::checkNotNullParameter@5 (line 131)
                      ; - kotlin.ResultKt::createFailure@3
                      ; - kotlinx.coroutines.DispatchedTask::run@286 (line 98)
  0x00007f4ecc46df3c: 408c be06 | e95e e4ff 

  0x00007f4ecc46df44: ;   {runtime_call throw_null_pointer_exception Runtime1 stub}
  0x00007f4ecc46df44: ffe8 d62f 

  0x00007f4ecc46df48: ; ImmutableOopMap {[176]=Oop [208]=Oop [216]=Oop [224]=Oop [232]=Oop [256]=Oop [272]=Oop }
                      ;*getfield name {reexecute=1 rethrow=0 return_oop=0}
                      ; - (reexecute) java.lang.Class::getName@1
                      ; - kotlin.jvm.internal.Intrinsics::sanitizeStackTrace@3 (line 253)
                      ; - kotlin.jvm.internal.Intrinsics::throwParameterIsNullNPE@11 (line 140)
                      ; - kotlin.jvm.internal.Intrinsics::checkNotNullParameter@5 (line 131)
                      ; - kotlin.ResultKt::createFailure@3
                      ; - kotlinx.coroutines.DispatchedTask::run@286 (line 98)
  0x00007f4ecc46df48: be06 488b 

  0x00007f4ecc46df4c: ;   {runtime_call fast_new_instance Runtime1 stub}
  0x00007f4ecc46df4c: d2e8 ae39 

  0x00007f4ecc46df50: ; ImmutableOopMap {rbx=Oop [176]=Oop [208]=Oop [216]=Oop [224]=Oop [232]=Oop [256]=Oop }
                      ;*new {reexecute=0 rethrow=0 return_oop=0}
                      ; - kotlin.ResultKt::createFailure@6 (line 122)
                      ; - kotlinx.coroutines.DispatchedTask::run@286 (line 98)
  0x00007f4ecc46df50: be06 e91b 

  0x00007f4ecc46df54: ;   {metadata({method} {0x00007f4ea862b830} '<init>' '(Ljava/lang/Throwable;)V' in 'kotlin/Result$Failure')}
  0x00007f4ecc46df54: e5ff ff49 | ba30 b862 | a84e 7f00 | 004c 8954 | 2408 48c7 | 0424 ffff 

  0x00007f4ecc46df6c: ;   {runtime_call counter_overflow Runtime1 stub}
  0x00007f4ecc46df6c: ffff e80d 

  0x00007f4ecc46df70: ; ImmutableOopMap {rbx=Oop rax=Oop [176]=Oop [208]=Oop [216]=Oop [224]=Oop [232]=Oop [256]=Oop [288]=Oop }
                      ;*synchronization entry
                      ; - kotlin.Result$Failure::<init>@-1
                      ; - kotlin.ResultKt::createFailure@11 (line 122)
                      ; - kotlinx.coroutines.DispatchedTask::run@286 (line 98)
  0x00007f4ecc46df70: 8cbe 06e9 | 3ee5 ffff 

  0x00007f4ecc46df78: ;   {metadata({method} {0x00007f4ea8536670} 'checkNotNullParameter' '(Ljava/lang/Object;Ljava/lang/String;)V' in 'kotlin/jvm/internal/Intrinsics')}
  0x00007f4ecc46df78: 49ba 7066 | 53a8 4e7f | 0000 4c89 | 5424 0848 | c704 24ff 

  0x00007f4ecc46df8c: ;   {runtime_call counter_overflow Runtime1 stub}
  0x00007f4ecc46df8c: ffff ffe8 

  0x00007f4ecc46df90: ; ImmutableOopMap {rbx=Oop rax=Oop [176]=Oop [208]=Oop [216]=Oop [224]=Oop [232]=Oop [256]=Oop [288]=Oop }
                      ;*synchronization entry
                      ; - kotlin.jvm.internal.Intrinsics::checkNotNullParameter@-1 (line 130)
                      ; - kotlin.Result$Failure::<init>@3
                      ; - kotlin.ResultKt::createFailure@11 (line 122)
                      ; - kotlinx.coroutines.DispatchedTask::run@286 (line 98)
  0x00007f4ecc46df90: ec8b be06 | e956 e5ff 

  0x00007f4ecc46df98: ;   {metadata({method} {0x00007f4ea85367f0} 'throwParameterIsNullNPE' '(Ljava/lang/String;)V' in 'kotlin/jvm/internal/Intrinsics')}
  0x00007f4ecc46df98: ff49 baf0 | 6753 a84e | 7f00 004c | 8954 2408 | 48c7 0424 | ffff ffff 

  0x00007f4ecc46dfb0: ;   {runtime_call counter_overflow Runtime1 stub}
  0x00007f4ecc46dfb0: e8cb 8bbe 

  0x00007f4ecc46dfb4: ; ImmutableOopMap {[176]=Oop [208]=Oop [216]=Oop [224]=Oop [232]=Oop [256]=Oop [288]=Oop }
                      ;*synchronization entry
                      ; - kotlin.jvm.internal.Intrinsics::throwParameterIsNullNPE@-1 (line 140)
                      ; - kotlin.jvm.internal.Intrinsics::checkNotNullParameter@5 (line 131)
                      ; - kotlin.Result$Failure::<init>@3
                      ; - kotlin.ResultKt::createFailure@11 (line 122)
                      ; - kotlinx.coroutines.DispatchedTask::run@286 (line 98)
  0x00007f4ecc46dfb4: 06e9 9de5 

  0x00007f4ecc46dfb8: ;   {metadata(nullptr)}
  0x00007f4ecc46dfb8: ffff 48ba | 0000 0000 | 0000 0000 | b800 0f05 

  0x00007f4ecc46dfc8: ;   {runtime_call load_klass_patching Runtime1 stub}
  0x00007f4ecc46dfc8: 0ae8 b276 

  0x00007f4ecc46dfcc: ; ImmutableOopMap {[176]=Oop [208]=Oop [216]=Oop [224]=Oop [232]=Oop [256]=Oop [288]=Oop }
                      ;*new {reexecute=1 rethrow=0 return_oop=0}
                      ; - (reexecute) kotlin.jvm.internal.Intrinsics::throwParameterIsNullNPE@0 (line 140)
                      ; - kotlin.jvm.internal.Intrinsics::checkNotNullParameter@5 (line 131)
                      ; - kotlin.Result$Failure::<init>@3
                      ; - kotlin.ResultKt::createFailure@11 (line 122)
                      ; - kotlinx.coroutines.DispatchedTask::run@286 (line 98)
  0x00007f4ecc46dfcc: be06 e985 | e5ff ff48 

  0x00007f4ecc46dfd4: ;   {runtime_call fast_new_instance Runtime1 stub}
  0x00007f4ecc46dfd4: 8bd2 e825 

  0x00007f4ecc46dfd8: ; ImmutableOopMap {[176]=Oop [208]=Oop [216]=Oop [224]=Oop [232]=Oop [256]=Oop [288]=Oop }
                      ;*new {reexecute=0 rethrow=0 return_oop=0}
                      ; - kotlin.jvm.internal.Intrinsics::throwParameterIsNullNPE@0 (line 140)
                      ; - kotlin.jvm.internal.Intrinsics::checkNotNullParameter@5 (line 131)
                      ; - kotlin.Result$Failure::<init>@3
                      ; - kotlin.ResultKt::createFailure@11 (line 122)
                      ; - kotlinx.coroutines.DispatchedTask::run@286 (line 98)
  0x00007f4ecc46dfd8: 39be 06e9 | cbe5 ffff 

  0x00007f4ecc46dfe0: ;   {metadata({method} {0x00007f4ea8537868} 'sanitizeStackTrace' '(Ljava/lang/Throwable;)Ljava/lang/Throwable;' in 'kotlin/jvm/internal/Intrinsics')}
  0x00007f4ecc46dfe0: 49ba 6878 | 53a8 4e7f | 0000 4c89 | 5424 0848 | c704 24ff 

  0x00007f4ecc46dff4: ;   {runtime_call counter_overflow Runtime1 stub}
  0x00007f4ecc46dff4: ffff ffe8 

  0x00007f4ecc46dff8: ; ImmutableOopMap {[176]=Oop [208]=Oop [216]=Oop [224]=Oop [232]=Oop [256]=Oop [280]=Oop [288]=Oop }
                      ;*synchronization entry
                      ; - kotlin.jvm.internal.Intrinsics::sanitizeStackTrace@-1 (line 253)
                      ; - kotlin.jvm.internal.Intrinsics::throwParameterIsNullNPE@11 (line 140)
                      ; - kotlin.jvm.internal.Intrinsics::checkNotNullParameter@5 (line 131)
                      ; - kotlin.Result$Failure::<init>@3
                      ; - kotlin.ResultKt::createFailure@11 (line 122)
                      ; - kotlinx.coroutines.DispatchedTask::run@286 (line 98)
  0x00007f4ecc46dff8: 848b be06 | e94c e6ff 

  0x00007f4ecc46e000: ;   {metadata({method} {0x00007f4ea80164e8} 'getName' '()Ljava/lang/String;' in 'java/lang/Class')}
  0x00007f4ecc46e000: ff49 bae8 | 6401 a84e | 7f00 004c | 8954 2408 | 48c7 0424 | ffff ffff 

  0x00007f4ecc46e018: ;   {runtime_call counter_overflow Runtime1 stub}
  0x00007f4ecc46e018: e863 8bbe 

  0x00007f4ecc46e01c: ; ImmutableOopMap {rsi=Oop [176]=Oop [208]=Oop [216]=Oop [224]=Oop [232]=Oop [256]=Oop [280]=Oop [288]=Oop }
                      ;*synchronization entry
                      ; - java.lang.Class::getName@-1
                      ; - kotlin.jvm.internal.Intrinsics::sanitizeStackTrace@3 (line 253)
                      ; - kotlin.jvm.internal.Intrinsics::throwParameterIsNullNPE@11 (line 140)
                      ; - kotlin.jvm.internal.Intrinsics::checkNotNullParameter@5 (line 131)
                      ; - kotlin.Result$Failure::<init>@3
                      ; - kotlin.ResultKt::createFailure@11 (line 122)
                      ; - kotlinx.coroutines.DispatchedTask::run@286 (line 98)
  0x00007f4ecc46e01c: 06e9 71e6 

  0x00007f4ecc46e020: ;   {runtime_call throw_null_pointer_exception Runtime1 stub}
  0x00007f4ecc46e020: ffff e8f9 

  0x00007f4ecc46e024: ; ImmutableOopMap {[176]=Oop [208]=Oop [216]=Oop [224]=Oop [232]=Oop [256]=Oop [280]=Oop [288]=Oop }
                      ;*getfield name {reexecute=1 rethrow=0 return_oop=0}
                      ; - (reexecute) java.lang.Class::getName@1
                      ; - kotlin.jvm.internal.Intrinsics::sanitizeStackTrace@3 (line 253)
                      ; - kotlin.jvm.internal.Intrinsics::throwParameterIsNullNPE@11 (line 140)
                      ; - kotlin.jvm.internal.Intrinsics::checkNotNullParameter@5 (line 131)
                      ; - kotlin.Result$Failure::<init>@3
                      ; - kotlin.ResultKt::createFailure@11 (line 122)
                      ; - kotlinx.coroutines.DispatchedTask::run@286 (line 98)
                      ;   {metadata({method} {0x00007f4ea8000630} '<init>' '()V' in 'java/lang/Object')}
  0x00007f4ecc46e024: 2ebe 0649 | ba30 0600 | a84e 7f00 | 004c 8954 | 2408 48c7 | 0424 ffff 

  0x00007f4ecc46e03c: ;   {runtime_call counter_overflow Runtime1 stub}
  0x00007f4ecc46e03c: ffff e83d 

  0x00007f4ecc46e040: ; ImmutableOopMap {rbx=Oop rax=Oop [176]=Oop [208]=Oop [216]=Oop [224]=Oop [232]=Oop [256]=Oop [288]=Oop }
                      ;*synchronization entry
                      ; - java.lang.Object::<init>@-1
                      ; - kotlin.Result$Failure::<init>@7 (line 105)
                      ; - kotlin.ResultKt::createFailure@11 (line 122)
                      ; - kotlinx.coroutines.DispatchedTask::run@286 (line 98)
  0x00007f4ecc46e040: 8bbe 06e9 | 10e7 ffff | 8b50 0c48 | 83fa 000f | 8410 e7ff | ff48 8914 

  0x00007f4ecc46e058: ;   {runtime_call g1_pre_barrier_slow}
  0x00007f4ecc46e058: 24e8 2292 | be06 e902 | e7ff ff48 | 83fb 000f | 8413 e7ff | ff48 8904 

  0x00007f4ecc46e070: ;   {runtime_call g1_post_barrier_slow}
  0x00007f4ecc46e070: 24e8 8a95 | be06 e905 

  0x00007f4ecc46e078: ;   {metadata({method} {0x00007f4ea8602e50} 'constructor-impl' '(Ljava/lang/Object;)Ljava/lang/Object;' in 'kotlin/Result')}
  0x00007f4ecc46e078: e7ff ff49 | ba50 2e60 | a84e 7f00 | 004c 8954 | 2408 48c7 | 0424 ffff 

  0x00007f4ecc46e090: ;   {runtime_call counter_overflow Runtime1 stub}
  0x00007f4ecc46e090: ffff e8e9 

  0x00007f4ecc46e094: ; ImmutableOopMap {rax=Oop [176]=Oop [208]=Oop [216]=Oop [224]=Oop [232]=Oop [288]=Oop }
                      ;*synchronization entry
                      ; - kotlin.Result::constructor-impl@-1
                      ; - kotlinx.coroutines.DispatchedTask::run@289 (line 98)
  0x00007f4ecc46e094: 8abe 06e9 | 1de7 ffff 

  0x00007f4ecc46e09c: ;   {metadata({method} {0x00007f4ea8602e50} 'constructor-impl' '(Ljava/lang/Object;)Ljava/lang/Object;' in 'kotlin/Result')}
  0x00007f4ecc46e09c: 49ba 502e | 60a8 4e7f | 0000 4c89 | 5424 0848 | c704 24ff 

  0x00007f4ecc46e0b0: ;   {runtime_call counter_overflow Runtime1 stub}
  0x00007f4ecc46e0b0: ffff ffe8 

  0x00007f4ecc46e0b4: ; ImmutableOopMap {rax=Oop [176]=Oop [208]=Oop [216]=Oop [224]=Oop [232]=Oop }
                      ;*synchronization entry
                      ; - kotlin.Result::constructor-impl@-1
                      ; - kotlinx.coroutines.DispatchedTask::run@311 (line 100)
  0x00007f4ecc46e0b4: c88a be06 | e9b8 e8ff 

  0x00007f4ecc46e0bc: ;   {metadata({method} {0x00007f4ea85250b8} 'getRECOVER_STACK_TRACES' '()Z' in 'kotlinx/coroutines/DebugKt')}
  0x00007f4ecc46e0bc: ff49 bab8 | 5052 a84e | 7f00 004c | 8954 2408 | 48c7 0424 | ffff ffff 

  0x00007f4ecc46e0d4: ;   {runtime_call counter_overflow Runtime1 stub}
  0x00007f4ecc46e0d4: e8a7 8abe 

  0x00007f4ecc46e0d8: ; ImmutableOopMap {[176]=Oop [208]=Oop [216]=Oop [224]=Oop [232]=Oop [296]=Oop }
                      ;*synchronization entry
                      ; - kotlinx.coroutines.DebugKt::getRECOVER_STACK_TRACES@-1 (line 78)
                      ; - kotlinx.coroutines.DispatchedTask::run@230 (line 233)
  0x00007f4ecc46e0d8: 06e9 07eb 

  0x00007f4ecc46e0dc: ;   {metadata({method} {0x00007f4ea887d960} 'createFailure' '(Ljava/lang/Throwable;)Ljava/lang/Object;' in 'kotlin/ResultKt')}
  0x00007f4ecc46e0dc: ffff 49ba | 60d9 87a8 | 4e7f 0000 | 4c89 5424 | 0848 c704 | 24ff ffff 

  0x00007f4ecc46e0f4: ;   {runtime_call counter_overflow Runtime1 stub}
  0x00007f4ecc46e0f4: ffe8 868a 

  0x00007f4ecc46e0f8: ; ImmutableOopMap {rax=Oop [176]=Oop [208]=Oop [216]=Oop [224]=Oop [232]=Oop [296]=Oop }
                      ;*synchronization entry
                      ; - kotlin.ResultKt::createFailure@-1
                      ; - kotlinx.coroutines.DispatchedTask::run@259 (line 232)
  0x00007f4ecc46e0f8: be06 e947 

  0x00007f4ecc46e0fc: ;   {metadata({method} {0x00007f4ea8536670} 'checkNotNullParameter' '(Ljava/lang/Object;Ljava/lang/String;)V' in 'kotlin/jvm/internal/Intrinsics')}
  0x00007f4ecc46e0fc: ebff ff49 | ba70 6653 | a84e 7f00 | 004c 8954 | 2408 48c7 | 0424 ffff 

  0x00007f4ecc46e114: ;   {runtime_call counter_overflow Runtime1 stub}
  0x00007f4ecc46e114: ffff e865 

  0x00007f4ecc46e118: ; ImmutableOopMap {rax=Oop [176]=Oop [208]=Oop [216]=Oop [224]=Oop [232]=Oop [296]=Oop }
                      ;*synchronization entry
                      ; - kotlin.jvm.internal.Intrinsics::checkNotNullParameter@-1 (line 130)
                      ; - kotlin.ResultKt::createFailure@3
                      ; - kotlinx.coroutines.DispatchedTask::run@259 (line 232)
  0x00007f4ecc46e118: 8abe 06e9 | 5feb ffff 

  0x00007f4ecc46e120: ;   {metadata({method} {0x00007f4ea85367f0} 'throwParameterIsNullNPE' '(Ljava/lang/String;)V' in 'kotlin/jvm/internal/Intrinsics')}
  0x00007f4ecc46e120: 49ba f067 | 53a8 4e7f | 0000 4c89 | 5424 0848 | c704 24ff 

  0x00007f4ecc46e134: ;   {runtime_call counter_overflow Runtime1 stub}
  0x00007f4ecc46e134: ffff ffe8 

  0x00007f4ecc46e138: ; ImmutableOopMap {[176]=Oop [208]=Oop [216]=Oop [224]=Oop [232]=Oop [296]=Oop }
                      ;*synchronization entry
                      ; - kotlin.jvm.internal.Intrinsics::throwParameterIsNullNPE@-1 (line 140)
                      ; - kotlin.jvm.internal.Intrinsics::checkNotNullParameter@5 (line 131)
                      ; - kotlin.ResultKt::createFailure@3
                      ; - kotlinx.coroutines.DispatchedTask::run@259 (line 232)
  0x00007f4ecc46e138: 448a be06 | e9a6 ebff 

  0x00007f4ecc46e140: ;   {metadata(nullptr)}
  0x00007f4ecc46e140: ff48 ba00 | 0000 0000 | 0000 00b8 | 000f 050a 

  0x00007f4ecc46e150: ;   {runtime_call load_klass_patching Runtime1 stub}
  0x00007f4ecc46e150: e82b 75be 

  0x00007f4ecc46e154: ; ImmutableOopMap {[176]=Oop [208]=Oop [216]=Oop [224]=Oop [232]=Oop [296]=Oop }
                      ;*new {reexecute=1 rethrow=0 return_oop=0}
                      ; - (reexecute) kotlin.jvm.internal.Intrinsics::throwParameterIsNullNPE@0 (line 140)
                      ; - kotlin.jvm.internal.Intrinsics::checkNotNullParameter@5 (line 131)
                      ; - kotlin.ResultKt::createFailure@3
                      ; - kotlinx.coroutines.DispatchedTask::run@259 (line 232)
  0x00007f4ecc46e154: 06e9 8eeb | ffff 488b 

  0x00007f4ecc46e15c: ;   {runtime_call fast_new_instance Runtime1 stub}
  0x00007f4ecc46e15c: d2e8 9e37 

  0x00007f4ecc46e160: ; ImmutableOopMap {[176]=Oop [208]=Oop [216]=Oop [224]=Oop [232]=Oop [296]=Oop }
                      ;*new {reexecute=0 rethrow=0 return_oop=0}
                      ; - kotlin.jvm.internal.Intrinsics::throwParameterIsNullNPE@0 (line 140)
                      ; - kotlin.jvm.internal.Intrinsics::checkNotNullParameter@5 (line 131)
                      ; - kotlin.ResultKt::createFailure@3
                      ; - kotlinx.coroutines.DispatchedTask::run@259 (line 232)
  0x00007f4ecc46e160: be06 e9d4 

  0x00007f4ecc46e164: ;   {metadata({method} {0x00007f4ea8537868} 'sanitizeStackTrace' '(Ljava/lang/Throwable;)Ljava/lang/Throwable;' in 'kotlin/jvm/internal/Intrinsics')}
  0x00007f4ecc46e164: ebff ff49 | ba68 7853 | a84e 7f00 | 004c 8954 | 2408 48c7 | 0424 ffff 

  0x00007f4ecc46e17c: ;   {runtime_call counter_overflow Runtime1 stub}
  0x00007f4ecc46e17c: ffff e8fd 

  0x00007f4ecc46e180: ; ImmutableOopMap {[176]=Oop [208]=Oop [216]=Oop [224]=Oop [232]=Oop [296]=Oop [304]=Oop }
                      ;*synchronization entry
                      ; - kotlin.jvm.internal.Intrinsics::sanitizeStackTrace@-1 (line 253)
                      ; - kotlin.jvm.internal.Intrinsics::throwParameterIsNullNPE@11 (line 140)
                      ; - kotlin.jvm.internal.Intrinsics::checkNotNullParameter@5 (line 131)
                      ; - kotlin.ResultKt::createFailure@3
                      ; - kotlinx.coroutines.DispatchedTask::run@259 (line 232)
  0x00007f4ecc46e180: 89be 06e9 | 55ec ffff 

  0x00007f4ecc46e188: ;   {metadata({method} {0x00007f4ea80164e8} 'getName' '()Ljava/lang/String;' in 'java/lang/Class')}
  0x00007f4ecc46e188: 49ba e864 | 01a8 4e7f | 0000 4c89 | 5424 0848 | c704 24ff 

  0x00007f4ecc46e19c: ;   {runtime_call counter_overflow Runtime1 stub}
  0x00007f4ecc46e19c: ffff ffe8 

  0x00007f4ecc46e1a0: ; ImmutableOopMap {rsi=Oop [176]=Oop [208]=Oop [216]=Oop [224]=Oop [232]=Oop [296]=Oop [304]=Oop }
                      ;*synchronization entry
                      ; - java.lang.Class::getName@-1
                      ; - kotlin.jvm.internal.Intrinsics::sanitizeStackTrace@3 (line 253)
                      ; - kotlin.jvm.internal.Intrinsics::throwParameterIsNullNPE@11 (line 140)
                      ; - kotlin.jvm.internal.Intrinsics::checkNotNullParameter@5 (line 131)
                      ; - kotlin.ResultKt::createFailure@3
                      ; - kotlinx.coroutines.DispatchedTask::run@259 (line 232)
  0x00007f4ecc46e1a0: dc89 be06 | e97a ecff 

  0x00007f4ecc46e1a8: ;   {runtime_call throw_null_pointer_exception Runtime1 stub}
  0x00007f4ecc46e1a8: ffe8 722d 

  0x00007f4ecc46e1ac: ; ImmutableOopMap {[176]=Oop [208]=Oop [216]=Oop [224]=Oop [232]=Oop [296]=Oop [304]=Oop }
                      ;*getfield name {reexecute=1 rethrow=0 return_oop=0}
                      ; - (reexecute) java.lang.Class::getName@1
                      ; - kotlin.jvm.internal.Intrinsics::sanitizeStackTrace@3 (line 253)
                      ; - kotlin.jvm.internal.Intrinsics::throwParameterIsNullNPE@11 (line 140)
                      ; - kotlin.jvm.internal.Intrinsics::checkNotNullParameter@5 (line 131)
                      ; - kotlin.ResultKt::createFailure@3
                      ; - kotlinx.coroutines.DispatchedTask::run@259 (line 232)
  0x00007f4ecc46e1ac: be06 488b 

  0x00007f4ecc46e1b0: ;   {runtime_call fast_new_instance Runtime1 stub}
  0x00007f4ecc46e1b0: d2e8 4a37 

  0x00007f4ecc46e1b4: ; ImmutableOopMap {rbx=Oop [176]=Oop [208]=Oop [216]=Oop [224]=Oop [232]=Oop [296]=Oop }
                      ;*new {reexecute=0 rethrow=0 return_oop=0}
                      ; - kotlin.ResultKt::createFailure@6 (line 122)
                      ; - kotlinx.coroutines.DispatchedTask::run@259 (line 232)
  0x00007f4ecc46e1b4: be06 e937 

  0x00007f4ecc46e1b8: ;   {metadata({method} {0x00007f4ea862b830} '<init>' '(Ljava/lang/Throwable;)V' in 'kotlin/Result$Failure')}
  0x00007f4ecc46e1b8: edff ff49 | ba30 b862 | a84e 7f00 | 004c 8954 | 2408 48c7 | 0424 ffff 

  0x00007f4ecc46e1d0: ;   {runtime_call counter_overflow Runtime1 stub}
  0x00007f4ecc46e1d0: ffff e8a9 

  0x00007f4ecc46e1d4: ; ImmutableOopMap {rbx=Oop rax=Oop [176]=Oop [208]=Oop [216]=Oop [224]=Oop [232]=Oop [296]=Oop [320]=Oop }
                      ;*synchronization entry
                      ; - kotlin.Result$Failure::<init>@-1
                      ; - kotlin.ResultKt::createFailure@11 (line 122)
                      ; - kotlinx.coroutines.DispatchedTask::run@259 (line 232)
  0x00007f4ecc46e1d4: 89be 06e9 | 5aed ffff 

  0x00007f4ecc46e1dc: ;   {metadata({method} {0x00007f4ea8536670} 'checkNotNullParameter' '(Ljava/lang/Object;Ljava/lang/String;)V' in 'kotlin/jvm/internal/Intrinsics')}
  0x00007f4ecc46e1dc: 49ba 7066 | 53a8 4e7f | 0000 4c89 | 5424 0848 | c704 24ff 

  0x00007f4ecc46e1f0: ;   {runtime_call counter_overflow Runtime1 stub}
  0x00007f4ecc46e1f0: ffff ffe8 

  0x00007f4ecc46e1f4: ; ImmutableOopMap {rbx=Oop rax=Oop [176]=Oop [208]=Oop [216]=Oop [224]=Oop [232]=Oop [296]=Oop [320]=Oop }
                      ;*synchronization entry
                      ; - kotlin.jvm.internal.Intrinsics::checkNotNullParameter@-1 (line 130)
                      ; - kotlin.Result$Failure::<init>@3
                      ; - kotlin.ResultKt::createFailure@11 (line 122)
                      ; - kotlinx.coroutines.DispatchedTask::run@259 (line 232)
  0x00007f4ecc46e1f4: 8889 be06 | e972 edff 

  0x00007f4ecc46e1fc: ;   {metadata({method} {0x00007f4ea85367f0} 'throwParameterIsNullNPE' '(Ljava/lang/String;)V' in 'kotlin/jvm/internal/Intrinsics')}
  0x00007f4ecc46e1fc: ff49 baf0 | 6753 a84e | 7f00 004c | 8954 2408 | 48c7 0424 | ffff ffff 

  0x00007f4ecc46e214: ;   {runtime_call counter_overflow Runtime1 stub}
  0x00007f4ecc46e214: e867 89be 

  0x00007f4ecc46e218: ; ImmutableOopMap {[176]=Oop [208]=Oop [216]=Oop [224]=Oop [232]=Oop [296]=Oop [320]=Oop }
                      ;*synchronization entry
                      ; - kotlin.jvm.internal.Intrinsics::throwParameterIsNullNPE@-1 (line 140)
                      ; - kotlin.jvm.internal.Intrinsics::checkNotNullParameter@5 (line 131)
                      ; - kotlin.Result$Failure::<init>@3
                      ; - kotlin.ResultKt::createFailure@11 (line 122)
                      ; - kotlinx.coroutines.DispatchedTask::run@259 (line 232)
  0x00007f4ecc46e218: 06e9 b9ed 

  0x00007f4ecc46e21c: ;   {metadata(nullptr)}
  0x00007f4ecc46e21c: ffff 48ba | 0000 0000 | 0000 0000 | b800 0f05 

  0x00007f4ecc46e22c: ;   {runtime_call load_klass_patching Runtime1 stub}
  0x00007f4ecc46e22c: 0ae8 4e74 

  0x00007f4ecc46e230: ; ImmutableOopMap {[176]=Oop [208]=Oop [216]=Oop [224]=Oop [232]=Oop [296]=Oop [320]=Oop }
                      ;*new {reexecute=1 rethrow=0 return_oop=0}
                      ; - (reexecute) kotlin.jvm.internal.Intrinsics::throwParameterIsNullNPE@0 (line 140)
                      ; - kotlin.jvm.internal.Intrinsics::checkNotNullParameter@5 (line 131)
                      ; - kotlin.Result$Failure::<init>@3
                      ; - kotlin.ResultKt::createFailure@11 (line 122)
                      ; - kotlinx.coroutines.DispatchedTask::run@259 (line 232)
  0x00007f4ecc46e230: be06 e9a1 | edff ff48 

  0x00007f4ecc46e238: ;   {runtime_call fast_new_instance Runtime1 stub}
  0x00007f4ecc46e238: 8bd2 e8c1 

  0x00007f4ecc46e23c: ; ImmutableOopMap {[176]=Oop [208]=Oop [216]=Oop [224]=Oop [232]=Oop [296]=Oop [320]=Oop }
                      ;*new {reexecute=0 rethrow=0 return_oop=0}
                      ; - kotlin.jvm.internal.Intrinsics::throwParameterIsNullNPE@0 (line 140)
                      ; - kotlin.jvm.internal.Intrinsics::checkNotNullParameter@5 (line 131)
                      ; - kotlin.Result$Failure::<init>@3
                      ; - kotlin.ResultKt::createFailure@11 (line 122)
                      ; - kotlinx.coroutines.DispatchedTask::run@259 (line 232)
  0x00007f4ecc46e23c: 36be 06e9 | e7ed ffff 

  0x00007f4ecc46e244: ;   {metadata({method} {0x00007f4ea8537868} 'sanitizeStackTrace' '(Ljava/lang/Throwable;)Ljava/lang/Throwable;' in 'kotlin/jvm/internal/Intrinsics')}
  0x00007f4ecc46e244: 49ba 6878 | 53a8 4e7f | 0000 4c89 | 5424 0848 | c704 24ff 

  0x00007f4ecc46e258: ;   {runtime_call counter_overflow Runtime1 stub}
  0x00007f4ecc46e258: ffff ffe8 

  0x00007f4ecc46e25c: ; ImmutableOopMap {[176]=Oop [208]=Oop [216]=Oop [224]=Oop [232]=Oop [296]=Oop [312]=Oop [320]=Oop }
                      ;*synchronization entry
                      ; - kotlin.jvm.internal.Intrinsics::sanitizeStackTrace@-1 (line 253)
                      ; - kotlin.jvm.internal.Intrinsics::throwParameterIsNullNPE@11 (line 140)
                      ; - kotlin.jvm.internal.Intrinsics::checkNotNullParameter@5 (line 131)
                      ; - kotlin.Result$Failure::<init>@3
                      ; - kotlin.ResultKt::createFailure@11 (line 122)
                      ; - kotlinx.coroutines.DispatchedTask::run@259 (line 232)
  0x00007f4ecc46e25c: 2089 be06 | e968 eeff 

  0x00007f4ecc46e264: ;   {metadata({method} {0x00007f4ea80164e8} 'getName' '()Ljava/lang/String;' in 'java/lang/Class')}
  0x00007f4ecc46e264: ff49 bae8 | 6401 a84e | 7f00 004c | 8954 2408 | 48c7 0424 | ffff ffff 

  0x00007f4ecc46e27c: ;   {runtime_call counter_overflow Runtime1 stub}
  0x00007f4ecc46e27c: e8ff 88be 

  0x00007f4ecc46e280: ; ImmutableOopMap {rsi=Oop [176]=Oop [208]=Oop [216]=Oop [224]=Oop [232]=Oop [296]=Oop [312]=Oop [320]=Oop }
                      ;*synchronization entry
                      ; - java.lang.Class::getName@-1
                      ; - kotlin.jvm.internal.Intrinsics::sanitizeStackTrace@3 (line 253)
                      ; - kotlin.jvm.internal.Intrinsics::throwParameterIsNullNPE@11 (line 140)
                      ; - kotlin.jvm.internal.Intrinsics::checkNotNullParameter@5 (line 131)
                      ; - kotlin.Result$Failure::<init>@3
                      ; - kotlin.ResultKt::createFailure@11 (line 122)
                      ; - kotlinx.coroutines.DispatchedTask::run@259 (line 232)
  0x00007f4ecc46e280: 06e9 8dee 

  0x00007f4ecc46e284: ;   {runtime_call throw_null_pointer_exception Runtime1 stub}
  0x00007f4ecc46e284: ffff e895 

  0x00007f4ecc46e288: ; ImmutableOopMap {[176]=Oop [208]=Oop [216]=Oop [224]=Oop [232]=Oop [296]=Oop [312]=Oop [320]=Oop }
                      ;*getfield name {reexecute=1 rethrow=0 return_oop=0}
                      ; - (reexecute) java.lang.Class::getName@1
                      ; - kotlin.jvm.internal.Intrinsics::sanitizeStackTrace@3 (line 253)
                      ; - kotlin.jvm.internal.Intrinsics::throwParameterIsNullNPE@11 (line 140)
                      ; - kotlin.jvm.internal.Intrinsics::checkNotNullParameter@5 (line 131)
                      ; - kotlin.Result$Failure::<init>@3
                      ; - kotlin.ResultKt::createFailure@11 (line 122)
                      ; - kotlinx.coroutines.DispatchedTask::run@259 (line 232)
                      ;   {metadata({method} {0x00007f4ea8000630} '<init>' '()V' in 'java/lang/Object')}
  0x00007f4ecc46e288: 2cbe 0649 | ba30 0600 | a84e 7f00 | 004c 8954 | 2408 48c7 | 0424 ffff 

  0x00007f4ecc46e2a0: ;   {runtime_call counter_overflow Runtime1 stub}
  0x00007f4ecc46e2a0: ffff e8d9 

  0x00007f4ecc46e2a4: ; ImmutableOopMap {rbx=Oop rax=Oop [176]=Oop [208]=Oop [216]=Oop [224]=Oop [232]=Oop [296]=Oop [320]=Oop }
                      ;*synchronization entry
                      ; - java.lang.Object::<init>@-1
                      ; - kotlin.Result$Failure::<init>@7 (line 105)
                      ; - kotlin.ResultKt::createFailure@11 (line 122)
                      ; - kotlinx.coroutines.DispatchedTask::run@259 (line 232)
  0x00007f4ecc46e2a4: 88be 06e9 | 2cef ffff | 8b50 0c48 | 83fa 000f | 842c efff | ff48 8914 

  0x00007f4ecc46e2bc: ;   {runtime_call g1_pre_barrier_slow}
  0x00007f4ecc46e2bc: 24e8 be8f | be06 e91e | efff ff48 | 83fb 000f | 842f efff | ff48 8904 

  0x00007f4ecc46e2d4: ;   {runtime_call g1_post_barrier_slow}
  0x00007f4ecc46e2d4: 24e8 2693 | be06 e921 

  0x00007f4ecc46e2dc: ;   {metadata({method} {0x00007f4ea8602e50} 'constructor-impl' '(Ljava/lang/Object;)Ljava/lang/Object;' in 'kotlin/Result')}
  0x00007f4ecc46e2dc: efff ff49 | ba50 2e60 | a84e 7f00 | 004c 8954 | 2408 48c7 | 0424 ffff 

  0x00007f4ecc46e2f4: ;   {runtime_call counter_overflow Runtime1 stub}
  0x00007f4ecc46e2f4: ffff e885 

  0x00007f4ecc46e2f8: ; ImmutableOopMap {rax=Oop [176]=Oop [208]=Oop [216]=Oop [224]=Oop [232]=Oop [320]=Oop }
                      ;*synchronization entry
                      ; - kotlin.Result::constructor-impl@-1
                      ; - kotlinx.coroutines.DispatchedTask::run@262 (line 232)
  0x00007f4ecc46e2f8: 88be 06e9 | 39ef ffff 

  0x00007f4ecc46e300: ;   {runtime_call throw_null_pointer_exception Runtime1 stub}
  0x00007f4ecc46e300: e81b 2cbe 

  0x00007f4ecc46e304: ; ImmutableOopMap {rax=Oop [176]=Oop [216]=Oop [224]=Oop }
                      ;*invokevirtual clearThreadContext {reexecute=0 rethrow=0 return_oop=0}
                      ; - kotlinx.coroutines.DispatchedTask::run@332 (line 236)
                      ;   {internal_word}
  0x00007f4ecc46e304: 0649 bad4 | d346 cc4e | 7f00 004d | 8997 6804 

  0x00007f4ecc46e314: ;   {runtime_call SafepointBlob}
  0x00007f4ecc46e314: 0000 e9e5 | f0b1 0648 

  0x00007f4ecc46e31c: ;   {runtime_call throw_class_cast_exception Runtime1 stub}
  0x00007f4ecc46e31c: 8904 24e8 

  0x00007f4ecc46e320: ; ImmutableOopMap {rsi=Oop [176]=Oop [208]=Oop [216]=Oop [224]=Oop [232]=Oop [296]=Oop [320]=Oop }
                      ;*checkcast {reexecute=0 rethrow=0 return_oop=0}
                      ; - kotlin.jvm.internal.Intrinsics::throwParameterIsNullNPE@14 (line 140)
                      ; - kotlin.jvm.internal.Intrinsics::checkNotNullParameter@5 (line 131)
                      ; - kotlin.Result$Failure::<init>@3
                      ; - kotlin.ResultKt::createFailure@11 (line 122)
                      ; - kotlinx.coroutines.DispatchedTask::run@259 (line 232)
  0x00007f4ecc46e320: fc53 be06 

  0x00007f4ecc46e324: ;   {runtime_call throw_null_pointer_exception Runtime1 stub}
  0x00007f4ecc46e324: e8f7 2bbe 

  0x00007f4ecc46e328: ; ImmutableOopMap {rsi=Oop rax=Oop [176]=Oop [208]=Oop [216]=Oop [224]=Oop [232]=Oop [296]=Oop [320]=Oop }
                      ;*athrow {reexecute=1 rethrow=0 return_oop=0}
                      ; - (reexecute) kotlin.jvm.internal.Intrinsics::throwParameterIsNullNPE@17 (line 140)
                      ; - kotlin.jvm.internal.Intrinsics::checkNotNullParameter@5 (line 131)
                      ; - kotlin.Result$Failure::<init>@3
                      ; - kotlin.ResultKt::createFailure@11 (line 122)
                      ; - kotlinx.coroutines.DispatchedTask::run@259 (line 232)
  0x00007f4ecc46e328: 0648 8904 

  0x00007f4ecc46e32c: ;   {runtime_call throw_class_cast_exception Runtime1 stub}
  0x00007f4ecc46e32c: 24e8 ee53 

  0x00007f4ecc46e330: ; ImmutableOopMap {rsi=Oop [176]=Oop [208]=Oop [216]=Oop [224]=Oop [232]=Oop [296]=Oop }
                      ;*checkcast {reexecute=0 rethrow=0 return_oop=0}
                      ; - kotlin.jvm.internal.Intrinsics::throwParameterIsNullNPE@14 (line 140)
                      ; - kotlin.jvm.internal.Intrinsics::checkNotNullParameter@5 (line 131)
                      ; - kotlin.ResultKt::createFailure@3
                      ; - kotlinx.coroutines.DispatchedTask::run@259 (line 232)
                      ;   {runtime_call throw_null_pointer_exception Runtime1 stub}
  0x00007f4ecc46e330: be06 e8e9 

  0x00007f4ecc46e334: ; ImmutableOopMap {rsi=Oop rax=Oop [176]=Oop [208]=Oop [216]=Oop [224]=Oop [232]=Oop [296]=Oop }
                      ;*athrow {reexecute=1 rethrow=0 return_oop=0}
                      ; - (reexecute) kotlin.jvm.internal.Intrinsics::throwParameterIsNullNPE@17 (line 140)
                      ; - kotlin.jvm.internal.Intrinsics::checkNotNullParameter@5 (line 131)
                      ; - kotlin.ResultKt::createFailure@3
                      ; - kotlinx.coroutines.DispatchedTask::run@259 (line 232)
  0x00007f4ecc46e334: 2bbe 0648 

  0x00007f4ecc46e338: ;   {runtime_call throw_class_cast_exception Runtime1 stub}
  0x00007f4ecc46e338: 8904 24e8 

  0x00007f4ecc46e33c: ; ImmutableOopMap {rsi=Oop [176]=Oop [208]=Oop [216]=Oop [224]=Oop [232]=Oop [256]=Oop [288]=Oop }
                      ;*checkcast {reexecute=0 rethrow=0 return_oop=0}
                      ; - kotlin.jvm.internal.Intrinsics::throwParameterIsNullNPE@14 (line 140)
                      ; - kotlin.jvm.internal.Intrinsics::checkNotNullParameter@5 (line 131)
                      ; - kotlin.Result$Failure::<init>@3
                      ; - kotlin.ResultKt::createFailure@11 (line 122)
                      ; - kotlinx.coroutines.DispatchedTask::run@286 (line 98)
  0x00007f4ecc46e33c: e053 be06 

  0x00007f4ecc46e340: ;   {runtime_call throw_null_pointer_exception Runtime1 stub}
  0x00007f4ecc46e340: e8db 2bbe 

  0x00007f4ecc46e344: ; ImmutableOopMap {rsi=Oop rax=Oop [176]=Oop [208]=Oop [216]=Oop [224]=Oop [232]=Oop [256]=Oop [288]=Oop }
                      ;*athrow {reexecute=1 rethrow=0 return_oop=0}
                      ; - (reexecute) kotlin.jvm.internal.Intrinsics::throwParameterIsNullNPE@17 (line 140)
                      ; - kotlin.jvm.internal.Intrinsics::checkNotNullParameter@5 (line 131)
                      ; - kotlin.Result$Failure::<init>@3
                      ; - kotlin.ResultKt::createFailure@11 (line 122)
                      ; - kotlinx.coroutines.DispatchedTask::run@286 (line 98)
  0x00007f4ecc46e344: 0648 8904 

  0x00007f4ecc46e348: ;   {runtime_call throw_class_cast_exception Runtime1 stub}
  0x00007f4ecc46e348: 24e8 d253 

  0x00007f4ecc46e34c: ; ImmutableOopMap {rsi=Oop rdi=Oop [176]=Oop [216]=Oop [224]=Oop [232]=Oop [256]=Oop }
                      ;*checkcast {reexecute=0 rethrow=0 return_oop=0}
                      ; - kotlin.jvm.internal.Intrinsics::throwParameterIsNullNPE@14 (line 140)
                      ; - kotlin.jvm.internal.Intrinsics::checkNotNullParameter@5 (line 131)
                      ; - kotlin.ResultKt::createFailure@3
                      ; - kotlinx.coroutines.DispatchedTask::run@286 (line 98)
                      ;   {runtime_call throw_null_pointer_exception Runtime1 stub}
  0x00007f4ecc46e34c: be06 e8cd 

  0x00007f4ecc46e350: ; ImmutableOopMap {rsi=Oop rdi=Oop rax=Oop [176]=Oop [216]=Oop [224]=Oop [232]=Oop [256]=Oop }
                      ;*athrow {reexecute=1 rethrow=0 return_oop=0}
                      ; - (reexecute) kotlin.jvm.internal.Intrinsics::throwParameterIsNullNPE@17 (line 140)
                      ; - kotlin.jvm.internal.Intrinsics::checkNotNullParameter@5 (line 131)
                      ; - kotlin.ResultKt::createFailure@3
                      ; - kotlinx.coroutines.DispatchedTask::run@286 (line 98)
                      ;   {runtime_call throw_null_pointer_exception Runtime1 stub}
  0x00007f4ecc46e350: 2bbe 06e8 

  0x00007f4ecc46e354: ; ImmutableOopMap {rsi=Oop [176]=Oop [216]=Oop [224]=Oop [328]=Oop }
                      ;*invokevirtual clearThreadContext {reexecute=0 rethrow=0 return_oop=0}
                      ; - kotlinx.coroutines.DispatchedTask::run@357 (line 236)
  0x00007f4ecc46e354: c82b be06 | 4889 0424 

  0x00007f4ecc46e35c: ;   {runtime_call throw_class_cast_exception Runtime1 stub}
  0x00007f4ecc46e35c: e8bf 53be 

  0x00007f4ecc46e360: ; ImmutableOopMap {rsi=Oop [176]=Oop [184]=Oop }
                      ;*checkcast {reexecute=0 rethrow=0 return_oop=0}
                      ; - kotlin.jvm.internal.Intrinsics::throwJavaNpe@11 (line 50)
                      ; - kotlin.jvm.internal.Intrinsics::checkNotNull@5 (line 31)
                      ; - kotlinx.coroutines.DispatchedTask::run@40 (line 80)
                      ;   {runtime_call throw_null_pointer_exception Runtime1 stub}
  0x00007f4ecc46e360: 06e8 ba2b 

  0x00007f4ecc46e364: ; ImmutableOopMap {rsi=Oop rax=Oop [176]=Oop [184]=Oop }
                      ;*athrow {reexecute=1 rethrow=0 return_oop=0}
                      ; - (reexecute) kotlin.jvm.internal.Intrinsics::throwJavaNpe@14 (line 50)
                      ; - kotlin.jvm.internal.Intrinsics::checkNotNull@5 (line 31)
                      ; - kotlinx.coroutines.DispatchedTask::run@40 (line 80)
                      ;   {internal_word}
  0x00007f4ecc46e364: be06 49ba | b4da 46cc | 4e7f 0000 | 4d89 9768 

  0x00007f4ecc46e374: ;   {runtime_call SafepointBlob}
  0x00007f4ecc46e374: 0400 00e9 | 84f0 b106 

  0x00007f4ecc46e37c: ;   {runtime_call throw_null_pointer_exception Runtime1 stub}
  0x00007f4ecc46e37c: e89f 2bbe 

  0x00007f4ecc46e380: ; ImmutableOopMap {rax=Oop [336]=Oop }
                      ;*invokeinterface getContext {reexecute=0 rethrow=0 return_oop=0}
                      ; - kotlinx.coroutines.DispatchedTask::run@378 (line 105)
                      ;   {internal_word}
  0x00007f4ecc46e380: 0649 ba34 | dd46 cc4e | 7f00 004d | 8997 6804 

  0x00007f4ecc46e390: ;   {runtime_call SafepointBlob}
  0x00007f4ecc46e390: 0000 e969 | f0b1 0649 | 8b87 0005 | 0000 49c7 | 8700 0500 | 0000 0000 | 0049 c787 | 0805 0000 
  0x00007f4ecc46e3b0: 0000 0000 | 4881 c470 | 0100 005d 

  0x00007f4ecc46e3bc: ;   {runtime_call unwind_exception Runtime1 stub}
  0x00007f4ecc46e3bc: e93f 1cbe | 06f4 f4f4 | f4f4 f4f4 
[Stub Code]
  0x00007f4ecc46e3c8: ;   {no_reloc}
  0x00007f4ecc46e3c8: 0f1f 4400 

  0x00007f4ecc46e3cc: ;   {static_stub}
  0x00007f4ecc46e3cc: 0048 bb00 | 0000 0000 

  0x00007f4ecc46e3d4: ;   {runtime_call nmethod}
  0x00007f4ecc46e3d4: 0000 00e9 | fbff ffff 

  0x00007f4ecc46e3dc: ;   {static_stub}
  0x00007f4ecc46e3dc: 9048 bb00 | 0000 0000 

  0x00007f4ecc46e3e4: ;   {runtime_call nmethod}
  0x00007f4ecc46e3e4: 0000 00e9 | fbff ffff 

  0x00007f4ecc46e3ec: ;   {static_stub}
  0x00007f4ecc46e3ec: 9048 bb00 | 0000 0000 

  0x00007f4ecc46e3f4: ;   {runtime_call nmethod}
  0x00007f4ecc46e3f4: 0000 00e9 | fbff ffff 

  0x00007f4ecc46e3fc: ;   {static_stub}
  0x00007f4ecc46e3fc: 9048 bb00 | 0000 0000 

  0x00007f4ecc46e404: ;   {runtime_call nmethod}
  0x00007f4ecc46e404: 0000 00e9 | fbff ffff 

  0x00007f4ecc46e40c: ;   {static_stub}
  0x00007f4ecc46e40c: 9048 bb00 | 0000 0000 

  0x00007f4ecc46e414: ;   {runtime_call nmethod}
  0x00007f4ecc46e414: 0000 00e9 | fbff ffff 

  0x00007f4ecc46e41c: ;   {static_stub}
  0x00007f4ecc46e41c: 9048 bb00 | 0000 0000 

  0x00007f4ecc46e424: ;   {runtime_call nmethod}
  0x00007f4ecc46e424: 0000 00e9 | fbff ffff 

  0x00007f4ecc46e42c: ;   {static_stub}
  0x00007f4ecc46e42c: 9048 bb00 | 0000 0000 

  0x00007f4ecc46e434: ;   {runtime_call nmethod}
  0x00007f4ecc46e434: 0000 00e9 | fbff ffff 

  0x00007f4ecc46e43c: ;   {static_stub}
  0x00007f4ecc46e43c: 9048 bb00 | 0000 0000 

  0x00007f4ecc46e444: ;   {runtime_call nmethod}
  0x00007f4ecc46e444: 0000 00e9 | fbff ffff 

  0x00007f4ecc46e44c: ;   {static_stub}
  0x00007f4ecc46e44c: 9048 bb00 | 0000 0000 

  0x00007f4ecc46e454: ;   {runtime_call nmethod}
  0x00007f4ecc46e454: 0000 00e9 | fbff ffff 

  0x00007f4ecc46e45c: ;   {static_stub}
  0x00007f4ecc46e45c: 9048 bb00 | 0000 0000 

  0x00007f4ecc46e464: ;   {runtime_call nmethod}
  0x00007f4ecc46e464: 0000 00e9 | fbff ffff 

  0x00007f4ecc46e46c: ;   {static_stub}
  0x00007f4ecc46e46c: 9048 bb00 | 0000 0000 

  0x00007f4ecc46e474: ;   {runtime_call nmethod}
  0x00007f4ecc46e474: 0000 00e9 | fbff ffff 

  0x00007f4ecc46e47c: ;   {static_stub}
  0x00007f4ecc46e47c: 9048 bb00 | 0000 0000 

  0x00007f4ecc46e484: ;   {runtime_call nmethod}
  0x00007f4ecc46e484: 0000 00e9 | fbff ffff 

  0x00007f4ecc46e48c: ;   {static_stub}
  0x00007f4ecc46e48c: 9048 bb00 | 0000 0000 

  0x00007f4ecc46e494: ;   {runtime_call nmethod}
  0x00007f4ecc46e494: 0000 00e9 | fbff ffff 

  0x00007f4ecc46e49c: ;   {static_stub}
  0x00007f4ecc46e49c: 9048 bb00 | 0000 0000 

  0x00007f4ecc46e4a4: ;   {runtime_call nmethod}
  0x00007f4ecc46e4a4: 0000 00e9 | fbff ffff 

  0x00007f4ecc46e4ac: ;   {static_stub}
  0x00007f4ecc46e4ac: 9048 bb00 | 0000 0000 

  0x00007f4ecc46e4b4: ;   {runtime_call nmethod}
  0x00007f4ecc46e4b4: 0000 00e9 | fbff ffff 

  0x00007f4ecc46e4bc: ;   {static_stub}
  0x00007f4ecc46e4bc: 9048 bb00 | 0000 0000 

  0x00007f4ecc46e4c4: ;   {runtime_call nmethod}
  0x00007f4ecc46e4c4: 0000 00e9 | fbff ffff 

  0x00007f4ecc46e4cc: ;   {static_stub}
  0x00007f4ecc46e4cc: 48bb 0000 | 0000 0000 

  0x00007f4ecc46e4d4: ;   {runtime_call nmethod}
  0x00007f4ecc46e4d4: 0000 e9fb 

  0x00007f4ecc46e4d8: ;   {static_stub}
  0x00007f4ecc46e4d8: ffff ff48 | bb00 0000 | 0000 0000 

  0x00007f4ecc46e4e4: ;   {runtime_call nmethod}
  0x00007f4ecc46e4e4: 00e9 fbff 

  0x00007f4ecc46e4e8: ;   {static_stub}
  0x00007f4ecc46e4e8: ffff 48bb | 0000 0000 | 0000 0000 

  0x00007f4ecc46e4f4: ;   {runtime_call nmethod}
  0x00007f4ecc46e4f4: e9fb ffff 

  0x00007f4ecc46e4f8: ;   {static_stub}
  0x00007f4ecc46e4f8: ff48 bb00 | 0000 0000 

  0x00007f4ecc46e500: ;   {runtime_call nmethod}
  0x00007f4ecc46e500: 0000 00e9 | fbff ffff 

  0x00007f4ecc46e508: ;   {static_stub}
  0x00007f4ecc46e508: 48bb 0000 | 0000 0000 

  0x00007f4ecc46e510: ;   {runtime_call nmethod}
  0x00007f4ecc46e510: 0000 e9fb 

  0x00007f4ecc46e514: ;   {static_stub}
  0x00007f4ecc46e514: ffff ff48 | bb00 0000 | 0000 0000 

  0x00007f4ecc46e520: ;   {runtime_call nmethod}
  0x00007f4ecc46e520: 00e9 fbff 

  0x00007f4ecc46e524: ;   {static_stub}
  0x00007f4ecc46e524: ffff 48bb | 0000 0000 | 0000 0000 

  0x00007f4ecc46e530: ;   {runtime_call nmethod}
  0x00007f4ecc46e530: e9fb ffff 

  0x00007f4ecc46e534: ;   {static_stub}
  0x00007f4ecc46e534: ff48 bb00 | 0000 0000 

  0x00007f4ecc46e53c: ;   {runtime_call nmethod}
  0x00007f4ecc46e53c: 0000 00e9 | fbff ffff 

  0x00007f4ecc46e544: ;   {static_stub}
  0x00007f4ecc46e544: 48bb 0000 | 0000 0000 

  0x00007f4ecc46e54c: ;   {runtime_call nmethod}
  0x00007f4ecc46e54c: 0000 e9fb 

  0x00007f4ecc46e550: ;   {static_stub}
  0x00007f4ecc46e550: ffff ff48 | bb00 0000 | 0000 0000 

  0x00007f4ecc46e55c: ;   {runtime_call nmethod}
  0x00007f4ecc46e55c: 00e9 fbff 

  0x00007f4ecc46e560: ;   {runtime_call handle_exception_from_callee Runtime1 stub}
  0x00007f4ecc46e560: ffff e899 

  0x00007f4ecc46e564: ;   {external_word}
  0x00007f4ecc46e564: 4bbe 0648 | bf06 fbf3 | e84e 7f00 | 0048 83e4 

  0x00007f4ecc46e574: ;   {runtime_call MacroAssembler::debug64(char*, long, long*)}
  0x00007f4ecc46e574: f0e8 6678 

  0x00007f4ecc46e578: ;   {section_word}
  0x00007f4ecc46e578: 591c f449 | ba7b e546 | cc4e 7f00 

  0x00007f4ecc46e584: ;   {runtime_call DeoptimizationBlob}
  0x00007f4ecc46e584: 0041 52e9 | 1403 b206 | f4f4 f4f4 
[/MachCode]


Compiled method (c1) 5295 4760       3       java.security.AccessController::doPrivileged (17 bytes)
 total in heap  [0x00007f4ecc103f10,0x00007f4ecc104650] = 1856
 relocation     [0x00007f4ecc104068,0x00007f4ecc1040f8] = 144
 main code      [0x00007f4ecc104100,0x00007f4ecc104450] = 848
 stub code      [0x00007f4ecc104450,0x00007f4ecc1044c0] = 112
 metadata       [0x00007f4ecc1044c0,0x00007f4ecc1044d8] = 24
 scopes data    [0x00007f4ecc1044d8,0x00007f4ecc104588] = 176
 scopes pcs     [0x00007f4ecc104588,0x00007f4ecc104638] = 176
 dependencies   [0x00007f4ecc104638,0x00007f4ecc104640] = 8
 nul chk table  [0x00007f4ecc104640,0x00007f4ecc104650] = 16

[Constant Pool (empty)]

[MachCode]
[Verified Entry Point]
  # {method} {0x00007f4ea8037710} 'doPrivileged' '(Ljava/security/PrivilegedAction;Ljava/security/AccessControlContext;)Ljava/lang/Object;' in 'java/security/AccessController'
  # parm0:    rsi:rsi   = 'java/security/PrivilegedAction'
  # parm1:    rdx:rdx   = 'java/security/AccessControlContext'
  #           [sp+0x80]  (sp of caller)
  0x00007f4ecc104100: 8984 2400 | c0fe ff55 | 4883 ec70 | 4181 7f20 | 1000 0000 

  0x00007f4ecc104114: ;   {runtime_call StubRoutines (final stubs)}
  0x00007f4ecc104114: 7405 e885 

  0x00007f4ecc104118: ;   {metadata(method data for {method} {0x00007f4ea8037710} 'doPrivileged' '(Ljava/security/PrivilegedAction;Ljava/security/AccessControlContext;)Ljava/lang/Object;' in 'java/security/AccessController')}
  0x00007f4ecc104118: 90e6 0648 | bf38 109e | ab4e 7f00 | 008b 9ff4 | 0000 0083 | c302 899f | f400 0000 | 81e3 fe07 
  0x00007f4ecc104138: 0000 85db | 0f84 4402 | 0000 4889 | 5424 4048 | 8974 2448 

  0x00007f4ecc10414c: ;   {metadata(method data for {method} {0x00007f4ea8037710} 'doPrivileged' '(Ljava/security/PrivilegedAction;Ljava/security/AccessControlContext;)Ljava/lang/Object;' in 'java/security/AccessController')}
  0x00007f4ecc10414c: 48bf 3810 | 9eab 4e7f | 0000 4883 | 8738 0100 

  0x00007f4ecc10415c: ;   {static_call}
  0x00007f4ecc10415c: 0001 90e8 

  0x00007f4ecc104160: ; ImmutableOopMap {[64]=Oop [72]=Oop }
                      ;*invokestatic getCallerClass {reexecute=0 rethrow=0 return_oop=0}
                      ; - java.security.AccessController::doPrivileged@0
  0x00007f4ecc104160: f41b 3d07 

  0x00007f4ecc104164: ;   {other}
  0x00007f4ecc104164: 0f1f 8400 | 5402 0000 

  0x00007f4ecc10416c: ;   {metadata(method data for {method} {0x00007f4ea8037710} 'doPrivileged' '(Ljava/security/PrivilegedAction;Ljava/security/AccessControlContext;)Ljava/lang/Object;' in 'java/security/AccessController')}
  0x00007f4ecc10416c: 48be 3810 | 9eab 4e7f | 0000 4883 | 8648 0100 | 0001 488b | 7424 4048 | 8bd0 4889 | 4424 500f 
  0x00007f4ecc10418c: ;   {static_call}
  0x00007f4ecc10418c: 1f40 00e8 

  0x00007f4ecc104190: ; ImmutableOopMap {[72]=Oop [80]=Oop }
                      ;*invokestatic checkContext {reexecute=0 rethrow=0 return_oop=0}
                      ; - java.security.AccessController::doPrivileged@6
  0x00007f4ecc104190: ac28 98ff 

  0x00007f4ecc104194: ;   {other}
  0x00007f4ecc104194: 0f1f 8400 | 8402 0001 | 4889 4424 

  0x00007f4ecc1041a0: ;   {metadata(method data for {method} {0x00007f4ea8037710} 'doPrivileged' '(Ljava/security/PrivilegedAction;Ljava/security/AccessControlContext;)Ljava/lang/Object;' in 'java/security/AccessController')}
  0x00007f4ecc1041a0: 5848 be38 | 109e ab4e | 7f00 0048 | 8386 5801 

  0x00007f4ecc1041b0: ;   {metadata(method data for {method} {0x00007f4ea80381e0} 'executePrivileged' '(Ljava/security/PrivilegedAction;Ljava/security/AccessControlContext;Ljava/lang/Class;)Ljava/lang/Object;' in 'java/security/AccessController')}
  0x00007f4ecc1041b0: 0000 0148 | beb8 bc63 | a84e 7f00 | 008b bef4 | 0000 0083 | c702 89be | f400 0000 | 81e7 feff 
  0x00007f4ecc1041d0: 1f00 85ff | 0f84 cd01 | 0000 4885 

  0x00007f4ecc1041dc: ;   {metadata(method data for {method} {0x00007f4ea80381e0} 'executePrivileged' '(Ljava/security/PrivilegedAction;Ljava/security/AccessControlContext;Ljava/lang/Class;)Ljava/lang/Object;' in 'java/security/AccessController')}
  0x00007f4ecc1041dc: c048 beb8 | bc63 a84e | 7f00 0048 | c7c7 3801 | 0000 7407 | 48c7 c748 | 0100 0048 | 8b1c 3e48 
  0x00007f4ecc1041fc: 8d5b 0148 | 891c 3e0f | 8423 0000 

  0x00007f4ecc104208: ;   {metadata(method data for {method} {0x00007f4ea80381e0} 'executePrivileged' '(Ljava/security/PrivilegedAction;Ljava/security/AccessControlContext;Ljava/lang/Class;)Ljava/lang/Object;' in 'java/security/AccessController')}
  0x00007f4ecc104208: 0048 beb8 | bc63 a84e | 7f00 0048 | 8386 5801 | 0000 0148 

  0x00007f4ecc10421c: ;   {static_call}
  0x00007f4ecc10421c: 8bf0 90e8 

  0x00007f4ecc104220: ; ImmutableOopMap {[72]=Oop [80]=Oop [88]=Oop }
                      ;*invokestatic ensureMaterializedForStackWalk {reexecute=0 rethrow=0 return_oop=0}
                      ; - java.security.AccessController::executePrivileged@5
                      ; - java.security.AccessController::doPrivileged@13
  0x00007f4ecc104220: 147d 5f07 

  0x00007f4ecc104224: ;   {other}
  0x00007f4ecc104224: 0f1f 8400 | 1403 0002 

  0x00007f4ecc10422c: ;   {metadata(method data for {method} {0x00007f4ea80381e0} 'executePrivileged' '(Ljava/security/PrivilegedAction;Ljava/security/AccessControlContext;Ljava/lang/Class;)Ljava/lang/Object;' in 'java/security/AccessController')}
  0x00007f4ecc10422c: 48be b8bc | 63a8 4e7f | 0000 ff86 | 6801 0000 | 488b 7424 | 4848 3b06 

  0x00007f4ecc104244: ;   {metadata(method data for {method} {0x00007f4ea80381e0} 'executePrivileged' '(Ljava/security/PrivilegedAction;Ljava/security/AccessControlContext;Ljava/lang/Class;)Ljava/lang/Object;' in 'java/security/AccessController')}
  0x00007f4ecc104244: 488b fe48 | bbb8 bc63 | a84e 7f00 | 008b 7f08 | 48c1 e703 | 483b bbd8 | 0100 0075 | 0d48 8383 
  0x00007f4ecc104264: e001 0000 | 01e9 6000 | 0000 483b | bbe8 0100 | 0075 0d48 | 8383 f001 | 0000 01e9 | 4a00 0000 
  0x00007f4ecc104284: 4883 bbd8 | 0100 0000 | 7517 4889 | bbd8 0100 | 0048 c783 | e001 0000 | 0100 0000 | e929 0000 
  0x00007f4ecc1042a4: 0048 83bb | e801 0000 | 0075 1748 | 89bb e801 | 0000 48c7 | 83f0 0100 | 0001 0000 | 00e9 0800 
  0x00007f4ecc1042c4: 0000 4883 | 83c8 0100 | 0001 0f1f | 8000 0000 | 0048 b800 | aff1 e24e 

  0x00007f4ecc1042dc: ;   {virtual_call}
  0x00007f4ecc1042dc: 7f00 00e8 

  0x00007f4ecc1042e0: ; ImmutableOopMap {[80]=Oop [88]=Oop }
                      ;*invokeinterface run {reexecute=0 rethrow=0 return_oop=0}
                      ; - java.security.AccessController::executePrivileged@29
                      ; - java.security.AccessController::doPrivileged@13
  0x00007f4ecc1042e0: c4d4 f506 

  0x00007f4ecc1042e4: ;   {other}
  0x00007f4ecc1042e4: 0f1f 8400 | d403 0003 

  0x00007f4ecc1042ec: ;   {metadata(method data for {method} {0x00007f4ea80381e0} 'executePrivileged' '(Ljava/security/PrivilegedAction;Ljava/security/AccessControlContext;Ljava/lang/Class;)Ljava/lang/Object;' in 'java/security/AccessController')}
  0x00007f4ecc1042ec: 48be b8bc | 63a8 4e7f | 0000 ff86 | 0002 0000 | 488b 7424 

  0x00007f4ecc104300: ;   {metadata(method data for {method} {0x00007f4ea80381e0} 'executePrivileged' '(Ljava/security/PrivilegedAction;Ljava/security/AccessControlContext;Ljava/lang/Class;)Ljava/lang/Object;' in 'java/security/AccessController')}
  0x00007f4ecc104300: 5048 bfb8 | bc63 a84e | 7f00 0048 | 8387 6002 

  0x00007f4ecc104310: ;   {metadata(method data for {method} {0x00007f4ea803dac0} 'reachabilityFence' '(Ljava/lang/Object;)V' in 'java/lang/ref/Reference')}
  0x00007f4ecc104310: 0000 0148 | bf00 4744 | a84e 7f00 | 008b 9ff4 | 0000 0083 | c302 899f | f400 0000 | 81e3 feff 
  0x00007f4ecc104330: 1f00 85db | 0f84 9300 

  0x00007f4ecc104338: ;   {metadata(method data for {method} {0x00007f4ea80381e0} 'executePrivileged' '(Ljava/security/PrivilegedAction;Ljava/security/AccessControlContext;Ljava/lang/Class;)Ljava/lang/Object;' in 'java/security/AccessController')}
  0x00007f4ecc104338: 0000 48be | b8bc 63a8 | 4e7f 0000 | 4883 8670 | 0200 0001 

  0x00007f4ecc10434c: ;   {metadata(method data for {method} {0x00007f4ea803dac0} 'reachabilityFence' '(Ljava/lang/Object;)V' in 'java/lang/ref/Reference')}
  0x00007f4ecc10434c: 48be 0047 | 44a8 4e7f | 0000 8bbe | f400 0000 | 83c7 0289 | bef4 0000 | 0081 e7fe | ff1f 0085 
  0x00007f4ecc10436c: ff0f 847b | 0000 0048 | 83c4 705d 

  0x00007f4ecc104378: ;   {poll_return}
  0x00007f4ecc104378: 493b a750 | 0400 000f | 878a 0000 

  0x00007f4ecc104384: ;   {metadata({method} {0x00007f4ea8037710} 'doPrivileged' '(Ljava/security/PrivilegedAction;Ljava/security/AccessControlContext;)Ljava/lang/Object;' in 'java/security/AccessController')}
  0x00007f4ecc104384: 00c3 49ba | 1077 03a8 | 4e7f 0000 | 4c89 5424 | 0848 c704 | 24ff ffff 

  0x00007f4ecc10439c: ;   {runtime_call counter_overflow Runtime1 stub}
  0x00007f4ecc10439c: ffe8 de27 

  0x00007f4ecc1043a0: ; ImmutableOopMap {rsi=Oop rdx=Oop }
                      ;*synchronization entry
                      ; - java.security.AccessController::doPrivileged@-1
  0x00007f4ecc1043a0: f506 e99b 

  0x00007f4ecc1043a4: ;   {metadata({method} {0x00007f4ea80381e0} 'executePrivileged' '(Ljava/security/PrivilegedAction;Ljava/security/AccessControlContext;Ljava/lang/Class;)Ljava/lang/Object;' in 'java/security/AccessController')}
  0x00007f4ecc1043a4: fdff ff49 | bae0 8103 | a84e 7f00 | 004c 8954 | 2408 48c7 | 0424 ffff 

  0x00007f4ecc1043bc: ;   {runtime_call counter_overflow Runtime1 stub}
  0x00007f4ecc1043bc: ffff e8bd 

  0x00007f4ecc1043c0: ; ImmutableOopMap {rax=Oop [72]=Oop [80]=Oop [88]=Oop }
                      ;*synchronization entry
                      ; - java.security.AccessController::executePrivileged@-1
                      ; - java.security.AccessController::doPrivileged@13
  0x00007f4ecc1043c0: 27f5 06e9 | 12fe ffff 

  0x00007f4ecc1043c8: ;   {runtime_call throw_null_pointer_exception Runtime1 stub}
  0x00007f4ecc1043c8: e853 cbf4 

  0x00007f4ecc1043cc: ; ImmutableOopMap {rsi=Oop [80]=Oop [88]=Oop }
                      ;*invokeinterface run {reexecute=0 rethrow=0 return_oop=0}
                      ; - java.security.AccessController::executePrivileged@29
                      ; - java.security.AccessController::doPrivileged@13
                      ;   {metadata({method} {0x00007f4ea803dac0} 'reachabilityFence' '(Ljava/lang/Object;)V' in 'java/lang/ref/Reference')}
  0x00007f4ecc1043cc: 0649 bac0 | da03 a84e | 7f00 004c | 8954 2408 | 48c7 0424 | ffff ffff 

  0x00007f4ecc1043e4: ;   {runtime_call counter_overflow Runtime1 stub}
  0x00007f4ecc1043e4: e897 27f5 

  0x00007f4ecc1043e8: ; ImmutableOopMap {rax=Oop rsi=Oop }
                      ;*synchronization entry
                      ; - java.lang.ref.Reference::reachabilityFence@-1
                      ; - java.security.AccessController::executePrivileged@56
                      ; - java.security.AccessController::doPrivileged@13
  0x00007f4ecc1043e8: 06e9 4cff 

  0x00007f4ecc1043ec: ;   {metadata({method} {0x00007f4ea803dac0} 'reachabilityFence' '(Ljava/lang/Object;)V' in 'java/lang/ref/Reference')}
  0x00007f4ecc1043ec: ffff 49ba | c0da 03a8 | 4e7f 0000 | 4c89 5424 | 0848 c704 | 24ff ffff 

  0x00007f4ecc104404: ;   {runtime_call counter_overflow Runtime1 stub}
  0x00007f4ecc104404: ffe8 7627 

  0x00007f4ecc104408: ; ImmutableOopMap {rax=Oop }
                      ;*synchronization entry
                      ; - java.lang.ref.Reference::reachabilityFence@-1
                      ; - java.security.AccessController::executePrivileged@60
                      ; - java.security.AccessController::doPrivileged@13
  0x00007f4ecc104408: f506 e964 

  0x00007f4ecc10440c: ;   {internal_word}
  0x00007f4ecc10440c: ffff ff49 | ba78 4310 | cc4e 7f00 | 004d 8997 | 6804 0000 

  0x00007f4ecc104420: ;   {runtime_call SafepointBlob}
  0x00007f4ecc104420: e9db 8fe8 | 0649 8b87 | 0005 0000 | 49c7 8700 | 0500 0000 | 0000 0049 | c787 0805 | 0000 0000 
  0x00007f4ecc104440: 0000 4883 

  0x00007f4ecc104444: ;   {runtime_call unwind_exception Runtime1 stub}
  0x00007f4ecc104444: c470 5de9 | b4bb f406 | f4f4 f4f4 
[Stub Code]
  0x00007f4ecc104450: ;   {no_reloc}
  0x00007f4ecc104450: 0f1f 4400 

  0x00007f4ecc104454: ;   {static_stub}
  0x00007f4ecc104454: 0048 bb00 | 0000 0000 

  0x00007f4ecc10445c: ;   {runtime_call nmethod}
  0x00007f4ecc10445c: 0000 00e9 | fbff ffff 

  0x00007f4ecc104464: ;   {static_stub}
  0x00007f4ecc104464: 48bb 0000 | 0000 0000 

  0x00007f4ecc10446c: ;   {runtime_call nmethod}
  0x00007f4ecc10446c: 0000 e9fb 

  0x00007f4ecc104470: ;   {static_stub}
  0x00007f4ecc104470: ffff ff48 | bb00 0000 | 0000 0000 

  0x00007f4ecc10447c: ;   {runtime_call nmethod}
  0x00007f4ecc10447c: 00e9 fbff 

  0x00007f4ecc104480: ;   {static_stub}
  0x00007f4ecc104480: ffff 48bb | 0000 0000 | 0000 0000 

  0x00007f4ecc10448c: ;   {runtime_call nmethod}
  0x00007f4ecc10448c: e9fb ffff 

  0x00007f4ecc104490: ;   {runtime_call handle_exception_from_callee Runtime1 stub}
  0x00007f4ecc104490: ffe8 6aec 

  0x00007f4ecc104494: ;   {external_word}
  0x00007f4ecc104494: f406 48bf | 06fb f3e8 | 4e7f 0000 | 4883 e4f0 

  0x00007f4ecc1044a4: ;   {runtime_call MacroAssembler::debug64(char*, long, long*)}
  0x00007f4ecc1044a4: e837 1990 

  0x00007f4ecc1044a8: ;   {section_word}
  0x00007f4ecc1044a8: 1cf4 49ba | aa44 10cc | 4e7f 0000 

  0x00007f4ecc1044b4: ;   {runtime_call DeoptimizationBlob}
  0x00007f4ecc1044b4: 4152 e9e5 | a3e8 06f4 | f4f4 f4f4 
[/MachCode]


---------------  P R O C E S S  ---------------

Threads class SMR info:
_java_thread_list=0x00007f4e8d96f6f0, length=66, elements={
0x00007f4ee002e990, 0x00007f4ee02418f0, 0x00007f4ee0242e80, 0x00007f4ee0244780,
0x00007f4ee0245cf0, 0x00007f4ee0257300, 0x00007f4ee0258dc0, 0x00007f4ee025a430,
0x00007f4ee0344df0, 0x00007f4ee034b2c0, 0x00007f4ee0ad48f0, 0x00007f4ee0ad7e60,
0x00007f4ec0001be0, 0x00007f4ec0002e00, 0x00007f4ec0019a90, 0x00007f4eb4134650,
0x00007f4eb40caf60, 0x00007f4ee102d8b0, 0x00007f4ee102f2a0, 0x00007f4ee1073d70,
0x00007f4ee0fd9610, 0x00007f4ee0fdac60, 0x00007f4ee15ad180, 0x00007f4eb4b56730,
0x00007f4ee20368b0, 0x00007f4eb801e700, 0x000055b1e0f18ca0, 0x00007f4ee246a3b0,
0x00007f4ee2470410, 0x00007f4ec007ec10, 0x00007f4ec4237be0, 0x00007f4ec4239c10,
0x00007f4eac010840, 0x00007f4eb4b236d0, 0x00007f4eb81e8270, 0x00007f4ebc075480,
0x00007f4ec46b8000, 0x00007f4ebc0cd740, 0x00007f4ec4733930, 0x00007f4ebc0d8310,
0x00007f4ec47bc990, 0x00007f4ec4862bb0, 0x00007f4ec4863930, 0x00007f4eb4aedf60,
0x000055b1e17abf80, 0x00007f4ec46fa680, 0x00007f4ee301a250, 0x00007f4eb42d2140,
0x00007f4eb81911b0, 0x00007f4ebc0dde50, 0x00007f4eac08ae80, 0x00007f4eb42d3720,
0x00007f4ec00b5a20, 0x00007f4eb42d4810, 0x00007f4eb42d5bf0, 0x00007f4ec00b66a0,
0x00007f4eb42d6e70, 0x000055b1e17a7860, 0x00007f4ec47dd150, 0x00007f4ec47217c0,
0x00007f4ec47dada0, 0x00007f4e8c4222c0, 0x00007f4ee2c4eef0, 0x00007f4e8cdd99d0,
0x00007f4e8de59100, 0x00007f4e8e3b41a0
}

Java Threads: ( => current thread )
  0x00007f4ee002e990 JavaThread "main"                              [_thread_blocked, id=1774385, stack(0x00007f4ee7bf9000,0x00007f4ee7cf9000) (1024K)]
  0x00007f4ee02418f0 JavaThread "Reference Handler"          daemon [_thread_blocked, id=1774393, stack(0x00007f4ecad00000,0x00007f4ecae00000) (1024K)]
  0x00007f4ee0242e80 JavaThread "Finalizer"                  daemon [_thread_blocked, id=1774394, stack(0x00007f4ecabff000,0x00007f4ecacff000) (1024K)]
  0x00007f4ee0244780 JavaThread "Signal Dispatcher"          daemon [_thread_blocked, id=1774395, stack(0x00007f4ecaafe000,0x00007f4ecabfe000) (1024K)]
  0x00007f4ee0245cf0 JavaThread "Service Thread"             daemon [_thread_blocked, id=1774396, stack(0x00007f4eca9fd000,0x00007f4ecaafd000) (1024K)]
  0x00007f4ee0257300 JavaThread "Monitor Deflation Thread"   daemon [_thread_blocked, id=1774397, stack(0x00007f4eca8fc000,0x00007f4eca9fc000) (1024K)]
  0x00007f4ee0258dc0 JavaThread "C2 CompilerThread0"         daemon [_thread_blocked, id=1774398, stack(0x00007f4eca7fb000,0x00007f4eca8fb000) (1024K)]
  0x00007f4ee025a430 JavaThread "C1 CompilerThread0"         daemon [_thread_blocked, id=1774399, stack(0x00007f4eca6fa000,0x00007f4eca7fa000) (1024K)]
  0x00007f4ee0344df0 JavaThread "Notification Thread"        daemon [_thread_blocked, id=1774400, stack(0x00007f4eca5f9000,0x00007f4eca6f9000) (1024K)]
  0x00007f4ee034b2c0 JavaThread "Common-Cleaner"             daemon [_thread_blocked, id=1774401, stack(0x00007f4eca4f8000,0x00007f4eca5f8000) (1024K)]
  0x00007f4ee0ad48f0 JavaThread "DefaultDispatcher-worker-1" daemon [_thread_blocked, id=1774403, stack(0x00007f4eca2f6000,0x00007f4eca3f6000) (1024K)]
  0x00007f4ee0ad7e60 JavaThread "DefaultDispatcher-worker-2" daemon [_thread_blocked, id=1774404, stack(0x00007f4eca1f5000,0x00007f4eca2f5000) (1024K)]
  0x00007f4ec0001be0 JavaThread "DefaultDispatcher-worker-3" daemon [_thread_blocked, id=1774405, stack(0x00007f4eca0f4000,0x00007f4eca1f4000) (1024K)]
  0x00007f4ec0002e00 JavaThread "DefaultDispatcher-worker-4" daemon [_thread_blocked, id=1774406, stack(0x00007f4ec9ff3000,0x00007f4eca0f3000) (1024K)]
  0x00007f4ec0019a90 JavaThread "kotlinx.coroutines.DefaultExecutor" daemon [_thread_blocked, id=1774416, stack(0x00007f4ec95e9000,0x00007f4ec96e9000) (1024K)]
  0x00007f4eb4134650 JavaThread "Okio Watchdog"              daemon [_thread_blocked, id=1774420, stack(0x00007f4ec8be5000,0x00007f4ec8ce5000) (1024K)]
  0x00007f4eb40caf60 JavaThread "OkHttp api.bitchord.kushagrasingh.in" daemon [_thread_in_native, id=1774421, stack(0x00007f4ec87bf000,0x00007f4ec88bf000) (1024K)]
  0x00007f4ee102d8b0 JavaThread "Java2D Disposer"            daemon [_thread_blocked, id=1774422, stack(0x00007f4ec86b0000,0x00007f4ec87b0000) (1024K)]
  0x00007f4ee102f2a0 JavaThread "AWT-XAWT"                   daemon [_thread_in_native, id=1774423, stack(0x00007f4ec85af000,0x00007f4ec86af000) (1024K)]
  0x00007f4ee1073d70 JavaThread "Reference Cleaner"          daemon [_thread_blocked, id=1774424, stack(0x00007f4eb0700000,0x00007f4eb0800000) (1024K)]
  0x00007f4ee0fd9610 JavaThread "AWT-Shutdown"                      [_thread_blocked, id=1774433, stack(0x00007f4eb05ff000,0x00007f4eb06ff000) (1024K)]
  0x00007f4ee0fdac60 JavaThread "AWT-EventQueue-0"                  [_thread_blocked, id=1774434, stack(0x00007f4eb04fe000,0x00007f4eb05fe000) (1024K)]
  0x00007f4ee15ad180 JavaThread "TimerQueue"                 daemon [_thread_blocked, id=1774437, stack(0x00007f4eb02fc000,0x00007f4eb03fc000) (1024K)]
  0x00007f4eb4b56730 JavaThread "OkHttp TaskRunner"          daemon [_thread_blocked, id=1774438, stack(0x00007f4eb0021000,0x00007f4eb0121000) (1024K)]
  0x00007f4ee20368b0 JavaThread "skiko-dispatcher-to-block-on" daemon [_thread_blocked, id=1774443, stack(0x00007f4eb03fd000,0x00007f4eb04fd000) (1024K)]
  0x00007f4eb801e700 JavaThread "OkHttp TaskRunner"          daemon [_thread_blocked, id=1774444, stack(0x00007f4ec9aee000,0x00007f4ec9bee000) (1024K)]
  0x000055b1e0f18ca0 JavaThread "OkHttp www.youtube.com"     daemon [_thread_in_native, id=1774445, stack(0x00007f4e964fc000,0x00007f4e965fc000) (1024K)]
  0x00007f4ee246a3b0 JavaThread "BitChord-MPRIS"             daemon [_thread_blocked, id=1774449, stack(0x00007f4e96117000,0x00007f4e96217000) (1024K)]
  0x00007f4ee2470410 JavaThread "BitChord-Tray"              daemon [_thread_blocked, id=1774450, stack(0x00007f4e96016000,0x00007f4e96116000) (1024K)]
  0x00007f4ec007ec10 JavaThread "FileSystemWatchService"     daemon [_thread_in_native, id=1774451, stack(0x00007f4e95f15000,0x00007f4e96015000) (1024K)]
  0x00007f4ec4237be0 JavaThread "Cleaner-0"                  daemon [_thread_blocked, id=1774453, stack(0x00007f4e95e14000,0x00007f4e95f14000) (1024K)]
  0x00007f4ec4239c10 JavaThread "DefaultDispatcher-worker-5" daemon [_thread_blocked, id=1774454, stack(0x00007f4e95d13000,0x00007f4e95e13000) (1024K)]
  0x00007f4eac010840 JavaThread "DefaultDispatcher-worker-6" daemon [_thread_blocked, id=1774455, stack(0x00007f4e95c12000,0x00007f4e95d12000) (1024K)]
  0x00007f4eb4b236d0 JavaThread "DefaultDispatcher-worker-7" daemon [_thread_blocked, id=1774456, stack(0x00007f4e95b11000,0x00007f4e95c11000) (1024K)]
  0x00007f4eb81e8270 JavaThread "DefaultDispatcher-worker-8" daemon [_thread_blocked, id=1774457, stack(0x00007f4e95a10000,0x00007f4e95b10000) (1024K)]
  0x00007f4ebc075480 JavaThread "DBusConnection [listener=false]" daemon [_thread_in_native, id=1774458, stack(0x00007f4e9590f000,0x00007f4e95a0f000) (1024K)]
  0x00007f4ec46b8000 JavaThread "DBusConnection [listener=false]" daemon [_thread_in_native, id=1774459, stack(0x00007f4e9580e000,0x00007f4e9590e000) (1024K)]
  0x00007f4ebc0cd740 JavaThread "DBus Sender Thread-1"       daemon [_thread_blocked, id=1774460, stack(0x00007f4e9570d000,0x00007f4e9580d000) (1024K)]
  0x00007f4ec4733930 JavaThread "DBus Sender Thread-1"       daemon [_thread_blocked, id=1774461, stack(0x00007f4e9560c000,0x00007f4e9570c000) (1024K)]
  0x00007f4ebc0d8310 JavaThread "DBus-Signal-Receiver-1"     daemon [_thread_blocked, id=1774462, stack(0x00007f4e9550b000,0x00007f4e9560b000) (1024K)]
  0x00007f4ec47bc990 JavaThread "DBus-Signal-Receiver-1"     daemon [_thread_blocked, id=1774463, stack(0x00007f4e9540a000,0x00007f4e9550a000) (1024K)]
  0x00007f4ec4862bb0 JavaThread "DBus-MethodCall-Receiver-1" daemon [_thread_blocked, id=1774464, stack(0x00007f4e95309000,0x00007f4e95409000) (1024K)]
  0x00007f4ec4863930 JavaThread "DefaultDispatcher-worker-9" daemon [_thread_blocked, id=1774466, stack(0x00007f4e95107000,0x00007f4e95207000) (1024K)]
  0x00007f4eb4aedf60 JavaThread "OkHttp Dispatcher"                 [_thread_blocked, id=1774468, stack(0x00007f4e95208000,0x00007f4e95308000) (1024K)]
  0x000055b1e17abf80 JavaThread "OkHttp TaskRunner"          daemon [_thread_blocked, id=1774469, stack(0x00007f4e94976000,0x00007f4e94a76000) (1024K)]
  0x00007f4ec46fa680 JavaThread "DefaultDispatcher-worker-10" daemon [_thread_blocked, id=1774470, stack(0x00007f4e94580000,0x00007f4e94680000) (1024K)]
  0x00007f4ee301a250 JavaThread "skiko-dispatcher-to-block-on" daemon [_thread_blocked, id=1774471, stack(0x00007f4e9447f000,0x00007f4e9457f000) (1024K)]
  0x00007f4eb42d2140 JavaThread "DefaultDispatcher-worker-11" daemon [_thread_blocked, id=1774472, stack(0x00007f4e9437e000,0x00007f4e9447e000) (1024K)]
  0x00007f4eb81911b0 JavaThread "DefaultDispatcher-worker-17" daemon [_thread_in_native, id=1774473, stack(0x00007f4e9427d000,0x00007f4e9437d000) (1024K)]
  0x00007f4ebc0dde50 JavaThread "DefaultDispatcher-worker-13" daemon [_thread_blocked, id=1774474, stack(0x00007f4e9417c000,0x00007f4e9427c000) (1024K)]
  0x00007f4eac08ae80 JavaThread "DefaultDispatcher-worker-14" daemon [_thread_blocked, id=1774475, stack(0x00007f4e9407b000,0x00007f4e9417b000) (1024K)]
  0x00007f4eb42d3720 JavaThread "DefaultDispatcher-worker-15" daemon [_thread_blocked, id=1774476, stack(0x00007f4e93f7a000,0x00007f4e9407a000) (1024K)]
  0x00007f4ec00b5a20 JavaThread "DefaultDispatcher-worker-16" daemon [_thread_blocked, id=1774477, stack(0x00007f4e93e79000,0x00007f4e93f79000) (1024K)]
  0x00007f4eb42d4810 JavaThread "DefaultDispatcher-worker-18" daemon [_thread_blocked, id=1774478, stack(0x00007f4e93d78000,0x00007f4e93e78000) (1024K)]
  0x00007f4eb42d5bf0 JavaThread "OkHttp Dispatcher"                 [_thread_blocked, id=1774479, stack(0x00007f4e93c77000,0x00007f4e93d77000) (1024K)]
  0x00007f4ec00b66a0 JavaThread "DefaultDispatcher-worker-12" daemon [_thread_blocked, id=1774480, stack(0x00007f4e93b76000,0x00007f4e93c76000) (1024K)]
  0x00007f4eb42d6e70 JavaThread "OkHttp Dispatcher"                 [_thread_blocked, id=1774481, stack(0x00007f4e93a75000,0x00007f4e93b75000) (1024K)]
  0x000055b1e17a7860 JavaThread "OkHttp music.youtube.com"   daemon [_thread_in_native, id=1774482, stack(0x00007f4e93974000,0x00007f4e93a74000) (1024K)]
  0x00007f4ec47dd150 JavaThread "DBus-MethodCall-Receiver-2" daemon [_thread_blocked, id=1774486, stack(0x00007f4e937f3000,0x00007f4e938f3000) (1024K)]
  0x00007f4ec47217c0 JavaThread "DBus-MethodCall-Receiver-3" daemon [_thread_blocked, id=1774489, stack(0x00007f4e936f2000,0x00007f4e937f2000) (1024K)]
  0x00007f4ec47dada0 JavaThread "DBus-MethodCall-Receiver-4" daemon [_thread_blocked, id=1774491, stack(0x00007f4e935f1000,0x00007f4e936f1000) (1024K)]
  0x00007f4e8c4222c0 JavaThread "InvokeLaterDispatcher"      daemon [_thread_blocked, id=1774500, stack(0x00007f4e92500000,0x00007f4e92600000) (1024K)]
=>0x00007f4ee2c4eef0 JavaThread "JavaFX Application Thread"  daemon [_thread_in_native, id=1774501, stack(0x00007f4e900fc000,0x00007f4e901fc000) (1024K)]
  0x00007f4e8cdd99d0 JavaThread "bitchord-presence-close"           [_thread_blocked, id=1774515, stack(0x00007f4e8a65d000,0x00007f4e8a75d000) (1024K)]
  0x00007f4e8de59100 JavaThread "C2 CompilerThread1"         daemon [_thread_blocked, id=1774518, stack(0x00007f4e934f0000,0x00007f4e935f0000) (1024K)]
  0x00007f4e8e3b41a0 JavaThread "C2 CompilerThread2"         daemon [_thread_blocked, id=1774519, stack(0x00007f4eca3f7000,0x00007f4eca4f7000) (1024K)]
Total: 66

Other Threads:
  0x00007f4ee0201720 VMThread "VM Thread"                           [id=1774392, stack(0x00007f4ecb0f8000,0x00007f4ecb1f8000) (1024K)]
  0x00007f4ee0172c40 WatcherThread "VM Periodic Task Thread"        [id=1774391, stack(0x00007f4ecb1f9000,0x00007f4ecb2f9000) (1024K)]
  0x00007f4ee005be60 WorkerThread "GC Thread#0"                     [id=1774386, stack(0x00007f4ee6700000,0x00007f4ee6800000) (1024K)]
  0x000055b1e0e88d10 WorkerThread "GC Thread#1"                     [id=1774407, stack(0x00007f4ec9ef2000,0x00007f4ec9ff2000) (1024K)]
  0x000055b1e0e89800 WorkerThread "GC Thread#2"                     [id=1774408, stack(0x00007f4ec9df1000,0x00007f4ec9ef1000) (1024K)]
  0x000055b1e0e8a770 WorkerThread "GC Thread#3"                     [id=1774409, stack(0x00007f4ec9cf0000,0x00007f4ec9df0000) (1024K)]
  0x000055b1e0e8b260 WorkerThread "GC Thread#4"                     [id=1774410, stack(0x00007f4ec9bef000,0x00007f4ec9cef000) (1024K)]
  0x000055b1e0eac130 WorkerThread "GC Thread#5"                     [id=1774412, stack(0x00007f4ec99ed000,0x00007f4ec9aed000) (1024K)]
  0x000055b1e0eacb10 WorkerThread "GC Thread#6"                     [id=1774413, stack(0x00007f4ec98ec000,0x00007f4ec99ec000) (1024K)]
  0x000055b1e0ead600 WorkerThread "GC Thread#7"                     [id=1774414, stack(0x00007f4ec97eb000,0x00007f4ec98eb000) (1024K)]
  0x00007f4ee00613b0 ConcurrentGCThread "G1 Main Marker"            [id=1774387, stack(0x00007f4ee65ff000,0x00007f4ee66ff000) (1024K)]
  0x00007f4ee0062280 WorkerThread "G1 Conc#0"                       [id=1774388, stack(0x00007f4ee64fe000,0x00007f4ee65fe000) (1024K)]
  0x00007f4ebc001e10 WorkerThread "G1 Conc#1"                       [id=1774415, stack(0x00007f4ec96ea000,0x00007f4ec97ea000) (1024K)]
  0x00007f4ee0163660 ConcurrentGCThread "G1 Refine#0"               [id=1774389, stack(0x00007f4ecb3fb000,0x00007f4ecb4fb000) (1024K)]
  0x00007f4ee0164550 ConcurrentGCThread "G1 Service"                [id=1774390, stack(0x00007f4ecb2fa000,0x00007f4ecb3fa000) (1024K)]
Total: 15

Threads with active compile tasks:
Total: 0

VM state: not at safepoint (normal execution)

VM Mutex/Monitor currently owned by a thread: None

Heap address: 0x00000000e0000000, size: 512 MB, Compressed Oops mode: 32-bit

CDS archive(s) not mapped
Compressed class space mapped at: 0x0000000100000000-0x0000000140000000, reserved size: 1073741824
Narrow klass base: 0x0000000000000000, Narrow klass shift: 3, Narrow klass range: 0x140000000

GC Precious Log:
 CardTable entry size: 512
 Card Set container configuration: InlinePtr #cards 5 size 8 Array Of Cards #cards 12 size 40 Howl #buckets 4 coarsen threshold 1843 Howl Bitmap #cards 512 size 80 coarsen threshold 460 Card regions per heap region 1 cards per card region 2048
 CPUs: 8 total, 8 available
 Memory: 15671M
 Large Page Support: Disabled
 NUMA Support: Disabled
 Compressed Oops: Enabled (32-bit)
 Heap Region Size: 1M
 Heap Min Capacity: 8M
 Heap Initial Capacity: 246M
 Heap Max Capacity: 512M
 Pre-touch: Disabled
 Parallel Workers: 8
 Concurrent Workers: 2
 Concurrent Refinement Workers: 8
 Periodic GC: Enabled
 Periodic GC Interval: 20000ms

Heap:
 garbage-first heap   total 315392K, used 121942K [0x00000000e0000000, 0x0000000100000000)
  region size 1024K, 23 young (23552K), 5 survivors (5120K)
 Metaspace       used 74706K, committed 75712K, reserved 1179648K
  class space    used 7983K, committed 8384K, reserved 1048576K

Heap Regions: E=young(eden), S=young(survivor), O=old, HS=humongous(starts), HC=humongous(continues), CS=collection set, F=free, TAMS=top-at-mark-start, PB=parsable bottom
|   0|0x00000000e0000000, 0x00000000e0100000, 0x00000000e0100000|100%|HS|  |TAMS 0x00000000e0000000| PB 0x00000000e0000000| Complete 
|   1|0x00000000e0100000, 0x00000000e0200000, 0x00000000e0200000|100%|HS|  |TAMS 0x00000000e0100000| PB 0x00000000e0100000| Complete 
|   2|0x00000000e0200000, 0x00000000e0300000, 0x00000000e0300000|100%|HS|  |TAMS 0x00000000e0200000| PB 0x00000000e0200000| Complete 
|   3|0x00000000e0300000, 0x00000000e0400000, 0x00000000e0400000|100%|HC|  |TAMS 0x00000000e0300000| PB 0x00000000e0300000| Complete 
|   4|0x00000000e0400000, 0x00000000e0500000, 0x00000000e0500000|100%| O|  |TAMS 0x00000000e0400000| PB 0x00000000e0400000| Untracked 
|   5|0x00000000e0500000, 0x00000000e0600000, 0x00000000e0600000|100%| O|  |TAMS 0x00000000e0500000| PB 0x00000000e0500000| Untracked 
|   6|0x00000000e0600000, 0x00000000e0700000, 0x00000000e0700000|100%| O|  |TAMS 0x00000000e0600000| PB 0x00000000e0600000| Untracked 
|   7|0x00000000e0700000, 0x00000000e0800000, 0x00000000e0800000|100%| O|  |TAMS 0x00000000e0700000| PB 0x00000000e0700000| Untracked 
|   8|0x00000000e0800000, 0x00000000e0900000, 0x00000000e0900000|100%| O|  |TAMS 0x00000000e0800000| PB 0x00000000e0800000| Untracked 
|   9|0x00000000e0900000, 0x00000000e0a00000, 0x00000000e0a00000|100%| O|  |TAMS 0x00000000e0900000| PB 0x00000000e0900000| Untracked 
|  10|0x00000000e0a00000, 0x00000000e0b00000, 0x00000000e0b00000|100%| O|  |TAMS 0x00000000e0a00000| PB 0x00000000e0a00000| Untracked 
|  11|0x00000000e0b00000, 0x00000000e0c00000, 0x00000000e0c00000|100%| O|  |TAMS 0x00000000e0b00000| PB 0x00000000e0b00000| Untracked 
|  12|0x00000000e0c00000, 0x00000000e0d00000, 0x00000000e0d00000|100%| O|  |TAMS 0x00000000e0c00000| PB 0x00000000e0c00000| Untracked 
|  13|0x00000000e0d00000, 0x00000000e0e00000, 0x00000000e0e00000|100%| O|  |TAMS 0x00000000e0d00000| PB 0x00000000e0d00000| Untracked 
|  14|0x00000000e0e00000, 0x00000000e0f00000, 0x00000000e0f00000|100%| O|  |TAMS 0x00000000e0e00000| PB 0x00000000e0e00000| Untracked 
|  15|0x00000000e0f00000, 0x00000000e1000000, 0x00000000e1000000|100%| O|  |TAMS 0x00000000e0f00000| PB 0x00000000e0f00000| Untracked 
|  16|0x00000000e1000000, 0x00000000e1100000, 0x00000000e1100000|100%| O|  |TAMS 0x00000000e1000000| PB 0x00000000e1000000| Untracked 
|  17|0x00000000e1100000, 0x00000000e1200000, 0x00000000e1200000|100%|HS|  |TAMS 0x00000000e1100000| PB 0x00000000e1100000| Complete 
|  18|0x00000000e1200000, 0x00000000e1300000, 0x00000000e1300000|100%|HC|  |TAMS 0x00000000e1200000| PB 0x00000000e1200000| Complete 
|  19|0x00000000e1300000, 0x00000000e1400000, 0x00000000e1400000|100%|HC|  |TAMS 0x00000000e1300000| PB 0x00000000e1300000| Complete 
|  20|0x00000000e1400000, 0x00000000e1500000, 0x00000000e1500000|100%|HS|  |TAMS 0x00000000e1400000| PB 0x00000000e1400000| Complete 
|  21|0x00000000e1500000, 0x00000000e1600000, 0x00000000e1600000|100%|HC|  |TAMS 0x00000000e1500000| PB 0x00000000e1500000| Complete 
|  22|0x00000000e1600000, 0x00000000e1700000, 0x00000000e1700000|100%|HC|  |TAMS 0x00000000e1600000| PB 0x00000000e1600000| Complete 
|  23|0x00000000e1700000, 0x00000000e1800000, 0x00000000e1800000|100%| O|  |TAMS 0x00000000e1700000| PB 0x00000000e1700000| Untracked 
|  24|0x00000000e1800000, 0x00000000e1900000, 0x00000000e1900000|100%| O|  |TAMS 0x00000000e1800000| PB 0x00000000e1800000| Untracked 
|  25|0x00000000e1900000, 0x00000000e1964360, 0x00000000e1a00000| 39%| O|  |TAMS 0x00000000e1900000| PB 0x00000000e1900000| Untracked 
|  26|0x00000000e1a00000, 0x00000000e1b00000, 0x00000000e1b00000|100%|HS|  |TAMS 0x00000000e1a00000| PB 0x00000000e1a00000| Complete 
|  27|0x00000000e1b00000, 0x00000000e1c00000, 0x00000000e1c00000|100%|HC|  |TAMS 0x00000000e1b00000| PB 0x00000000e1b00000| Complete 
|  28|0x00000000e1c00000, 0x00000000e1d00000, 0x00000000e1d00000|100%|HC|  |TAMS 0x00000000e1c00000| PB 0x00000000e1c00000| Complete 
|  29|0x00000000e1d00000, 0x00000000e1e00000, 0x00000000e1e00000|100%|HS|  |TAMS 0x00000000e1d00000| PB 0x00000000e1d00000| Complete 
|  30|0x00000000e1e00000, 0x00000000e1f00000, 0x00000000e1f00000|100%|HC|  |TAMS 0x00000000e1e00000| PB 0x00000000e1e00000| Complete 
|  31|0x00000000e1f00000, 0x00000000e2000000, 0x00000000e2000000|100%|HC|  |TAMS 0x00000000e1f00000| PB 0x00000000e1f00000| Complete 
|  32|0x00000000e2000000, 0x00000000e2100000, 0x00000000e2100000|100%|HS|  |TAMS 0x00000000e2000000| PB 0x00000000e2000000| Complete 
|  33|0x00000000e2100000, 0x00000000e2200000, 0x00000000e2200000|100%|HS|  |TAMS 0x00000000e2100000| PB 0x00000000e2100000| Complete 
|  34|0x00000000e2200000, 0x00000000e2200000, 0x00000000e2300000|  0%| F|  |TAMS 0x00000000e2200000| PB 0x00000000e2200000| Untracked 
|  35|0x00000000e2300000, 0x00000000e2400000, 0x00000000e2400000|100%|HS|  |TAMS 0x00000000e2300000| PB 0x00000000e2300000| Complete 
|  36|0x00000000e2400000, 0x00000000e2500000, 0x00000000e2500000|100%|HC|  |TAMS 0x00000000e2400000| PB 0x00000000e2400000| Complete 
|  37|0x00000000e2500000, 0x00000000e2600000, 0x00000000e2600000|100%|HC|  |TAMS 0x00000000e2500000| PB 0x00000000e2500000| Complete 
|  38|0x00000000e2600000, 0x00000000e2700000, 0x00000000e2700000|100%|HS|  |TAMS 0x00000000e2600000| PB 0x00000000e2600000| Complete 
|  39|0x00000000e2700000, 0x00000000e2800000, 0x00000000e2800000|100%|HC|  |TAMS 0x00000000e2700000| PB 0x00000000e2700000| Complete 
|  40|0x00000000e2800000, 0x00000000e2900000, 0x00000000e2900000|100%|HC|  |TAMS 0x00000000e2800000| PB 0x00000000e2800000| Complete 
|  41|0x00000000e2900000, 0x00000000e2a00000, 0x00000000e2a00000|100%|HC|  |TAMS 0x00000000e2900000| PB 0x00000000e2900000| Complete 
|  42|0x00000000e2a00000, 0x00000000e2b00000, 0x00000000e2b00000|100%|HC|  |TAMS 0x00000000e2a00000| PB 0x00000000e2a00000| Complete 
|  43|0x00000000e2b00000, 0x00000000e2c00000, 0x00000000e2c00000|100%|HC|  |TAMS 0x00000000e2b00000| PB 0x00000000e2b00000| Complete 
|  44|0x00000000e2c00000, 0x00000000e2d00000, 0x00000000e2d00000|100%|HC|  |TAMS 0x00000000e2c00000| PB 0x00000000e2c00000| Complete 
|  45|0x00000000e2d00000, 0x00000000e2e00000, 0x00000000e2e00000|100%|HC|  |TAMS 0x00000000e2d00000| PB 0x00000000e2d00000| Complete 
|  46|0x00000000e2e00000, 0x00000000e2f00000, 0x00000000e2f00000|100%|HS|  |TAMS 0x00000000e2e00000| PB 0x00000000e2e00000| Complete 
|  47|0x00000000e2f00000, 0x00000000e3000000, 0x00000000e3000000|100%|HC|  |TAMS 0x00000000e2f00000| PB 0x00000000e2f00000| Complete 
|  48|0x00000000e3000000, 0x00000000e3100000, 0x00000000e3100000|100%|HC|  |TAMS 0x00000000e3000000| PB 0x00000000e3000000| Complete 
|  49|0x00000000e3100000, 0x00000000e3200000, 0x00000000e3200000|100%|HC|  |TAMS 0x00000000e3100000| PB 0x00000000e3100000| Complete 
|  50|0x00000000e3200000, 0x00000000e3300000, 0x00000000e3300000|100%|HC|  |TAMS 0x00000000e3200000| PB 0x00000000e3200000| Complete 
|  51|0x00000000e3300000, 0x00000000e3400000, 0x00000000e3400000|100%|HC|  |TAMS 0x00000000e3300000| PB 0x00000000e3300000| Complete 
|  52|0x00000000e3400000, 0x00000000e3500000, 0x00000000e3500000|100%|HC|  |TAMS 0x00000000e3400000| PB 0x00000000e3400000| Complete 
|  53|0x00000000e3500000, 0x00000000e3600000, 0x00000000e3600000|100%|HC|  |TAMS 0x00000000e3500000| PB 0x00000000e3500000| Complete 
|  54|0x00000000e3600000, 0x00000000e3600000, 0x00000000e3700000|  0%| F|  |TAMS 0x00000000e3600000| PB 0x00000000e3600000| Untracked 
|  55|0x00000000e3700000, 0x00000000e3700000, 0x00000000e3800000|  0%| F|  |TAMS 0x00000000e3700000| PB 0x00000000e3700000| Untracked 
|  56|0x00000000e3800000, 0x00000000e3800000, 0x00000000e3900000|  0%| F|  |TAMS 0x00000000e3800000| PB 0x00000000e3800000| Untracked 
|  57|0x00000000e3900000, 0x00000000e3900000, 0x00000000e3a00000|  0%| F|  |TAMS 0x00000000e3900000| PB 0x00000000e3900000| Untracked 
|  58|0x00000000e3a00000, 0x00000000e3a00000, 0x00000000e3b00000|  0%| F|  |TAMS 0x00000000e3a00000| PB 0x00000000e3a00000| Untracked 
|  59|0x00000000e3b00000, 0x00000000e3b00000, 0x00000000e3c00000|  0%| F|  |TAMS 0x00000000e3b00000| PB 0x00000000e3b00000| Untracked 
|  60|0x00000000e3c00000, 0x00000000e3c00000, 0x00000000e3d00000|  0%| F|  |TAMS 0x00000000e3c00000| PB 0x00000000e3c00000| Untracked 
|  61|0x00000000e3d00000, 0x00000000e3d00000, 0x00000000e3e00000|  0%| F|  |TAMS 0x00000000e3d00000| PB 0x00000000e3d00000| Untracked 
|  62|0x00000000e3e00000, 0x00000000e3e00000, 0x00000000e3f00000|  0%| F|  |TAMS 0x00000000e3e00000| PB 0x00000000e3e00000| Untracked 
|  63|0x00000000e3f00000, 0x00000000e3f00000, 0x00000000e4000000|  0%| F|  |TAMS 0x00000000e3f00000| PB 0x00000000e3f00000| Untracked 
|  64|0x00000000e4000000, 0x00000000e4000000, 0x00000000e4100000|  0%| F|  |TAMS 0x00000000e4000000| PB 0x00000000e4000000| Untracked 
|  65|0x00000000e4100000, 0x00000000e4100000, 0x00000000e4200000|  0%| F|  |TAMS 0x00000000e4100000| PB 0x00000000e4100000| Untracked 
|  66|0x00000000e4200000, 0x00000000e4300000, 0x00000000e4300000|100%|HS|  |TAMS 0x00000000e4200000| PB 0x00000000e4200000| Complete 
|  67|0x00000000e4300000, 0x00000000e4400000, 0x00000000e4400000|100%|HC|  |TAMS 0x00000000e4300000| PB 0x00000000e4300000| Complete 
|  68|0x00000000e4400000, 0x00000000e4500000, 0x00000000e4500000|100%|HC|  |TAMS 0x00000000e4400000| PB 0x00000000e4400000| Complete 
|  69|0x00000000e4500000, 0x00000000e4500000, 0x00000000e4600000|  0%| F|  |TAMS 0x00000000e4500000| PB 0x00000000e4500000| Untracked 
|  70|0x00000000e4600000, 0x00000000e4600000, 0x00000000e4700000|  0%| F|  |TAMS 0x00000000e4600000| PB 0x00000000e4600000| Untracked 
|  71|0x00000000e4700000, 0x00000000e4700000, 0x00000000e4800000|  0%| F|  |TAMS 0x00000000e4700000| PB 0x00000000e4700000| Untracked 
|  72|0x00000000e4800000, 0x00000000e4800000, 0x00000000e4900000|  0%| F|  |TAMS 0x00000000e4800000| PB 0x00000000e4800000| Untracked 
|  73|0x00000000e4900000, 0x00000000e4900000, 0x00000000e4a00000|  0%| F|  |TAMS 0x00000000e4900000| PB 0x00000000e4900000| Untracked 
|  74|0x00000000e4a00000, 0x00000000e4a00000, 0x00000000e4b00000|  0%| F|  |TAMS 0x00000000e4a00000| PB 0x00000000e4a00000| Untracked 
|  75|0x00000000e4b00000, 0x00000000e4b00000, 0x00000000e4c00000|  0%| F|  |TAMS 0x00000000e4b00000| PB 0x00000000e4b00000| Untracked 
|  76|0x00000000e4c00000, 0x00000000e4c00000, 0x00000000e4d00000|  0%| F|  |TAMS 0x00000000e4c00000| PB 0x00000000e4c00000| Untracked 
|  77|0x00000000e4d00000, 0x00000000e4d00000, 0x00000000e4e00000|  0%| F|  |TAMS 0x00000000e4d00000| PB 0x00000000e4d00000| Untracked 
|  78|0x00000000e4e00000, 0x00000000e4e00000, 0x00000000e4f00000|  0%| F|  |TAMS 0x00000000e4e00000| PB 0x00000000e4e00000| Untracked 
|  79|0x00000000e4f00000, 0x00000000e4f00000, 0x00000000e5000000|  0%| F|  |TAMS 0x00000000e4f00000| PB 0x00000000e4f00000| Untracked 
|  80|0x00000000e5000000, 0x00000000e5000000, 0x00000000e5100000|  0%| F|  |TAMS 0x00000000e5000000| PB 0x00000000e5000000| Untracked 
|  81|0x00000000e5100000, 0x00000000e5100000, 0x00000000e5200000|  0%| F|  |TAMS 0x00000000e5100000| PB 0x00000000e5100000| Untracked 
|  82|0x00000000e5200000, 0x00000000e5200000, 0x00000000e5300000|  0%| F|  |TAMS 0x00000000e5200000| PB 0x00000000e5200000| Untracked 
|  83|0x00000000e5300000, 0x00000000e5300000, 0x00000000e5400000|  0%| F|  |TAMS 0x00000000e5300000| PB 0x00000000e5300000| Untracked 
|  84|0x00000000e5400000, 0x00000000e5400000, 0x00000000e5500000|  0%| F|  |TAMS 0x00000000e5400000| PB 0x00000000e5400000| Untracked 
|  85|0x00000000e5500000, 0x00000000e5500000, 0x00000000e5600000|  0%| F|  |TAMS 0x00000000e5500000| PB 0x00000000e5500000| Untracked 
|  86|0x00000000e5600000, 0x00000000e5600000, 0x00000000e5700000|  0%| F|  |TAMS 0x00000000e5600000| PB 0x00000000e5600000| Untracked 
|  87|0x00000000e5700000, 0x00000000e5700000, 0x00000000e5800000|  0%| F|  |TAMS 0x00000000e5700000| PB 0x00000000e5700000| Untracked 
|  88|0x00000000e5800000, 0x00000000e5800000, 0x00000000e5900000|  0%| F|  |TAMS 0x00000000e5800000| PB 0x00000000e5800000| Untracked 
|  89|0x00000000e5900000, 0x00000000e5a00000, 0x00000000e5a00000|100%|HS|  |TAMS 0x00000000e5900000| PB 0x00000000e5900000| Complete 
|  90|0x00000000e5a00000, 0x00000000e5b00000, 0x00000000e5b00000|100%|HC|  |TAMS 0x00000000e5a00000| PB 0x00000000e5a00000| Complete 
|  91|0x00000000e5b00000, 0x00000000e5c00000, 0x00000000e5c00000|100%|HC|  |TAMS 0x00000000e5b00000| PB 0x00000000e5b00000| Complete 
|  92|0x00000000e5c00000, 0x00000000e5d00000, 0x00000000e5d00000|100%|HC|  |TAMS 0x00000000e5c00000| PB 0x00000000e5c00000| Complete 
|  93|0x00000000e5d00000, 0x00000000e5e00000, 0x00000000e5e00000|100%|HC|  |TAMS 0x00000000e5d00000| PB 0x00000000e5d00000| Complete 
|  94|0x00000000e5e00000, 0x00000000e5f00000, 0x00000000e5f00000|100%|HC|  |TAMS 0x00000000e5e00000| PB 0x00000000e5e00000| Complete 
|  95|0x00000000e5f00000, 0x00000000e6000000, 0x00000000e6000000|100%|HC|  |TAMS 0x00000000e5f00000| PB 0x00000000e5f00000| Complete 
|  96|0x00000000e6000000, 0x00000000e6100000, 0x00000000e6100000|100%|HC|  |TAMS 0x00000000e6000000| PB 0x00000000e6000000| Complete 
|  97|0x00000000e6100000, 0x00000000e6100000, 0x00000000e6200000|  0%| F|  |TAMS 0x00000000e6100000| PB 0x00000000e6100000| Untracked 
|  98|0x00000000e6200000, 0x00000000e6200000, 0x00000000e6300000|  0%| F|  |TAMS 0x00000000e6200000| PB 0x00000000e6200000| Untracked 
|  99|0x00000000e6300000, 0x00000000e6300000, 0x00000000e6400000|  0%| F|  |TAMS 0x00000000e6300000| PB 0x00000000e6300000| Untracked 
| 100|0x00000000e6400000, 0x00000000e6400000, 0x00000000e6500000|  0%| F|  |TAMS 0x00000000e6400000| PB 0x00000000e6400000| Untracked 
| 101|0x00000000e6500000, 0x00000000e6500000, 0x00000000e6600000|  0%| F|  |TAMS 0x00000000e6500000| PB 0x00000000e6500000| Untracked 
| 102|0x00000000e6600000, 0x00000000e6600000, 0x00000000e6700000|  0%| F|  |TAMS 0x00000000e6600000| PB 0x00000000e6600000| Untracked 
| 103|0x00000000e6700000, 0x00000000e6700000, 0x00000000e6800000|  0%| F|  |TAMS 0x00000000e6700000| PB 0x00000000e6700000| Untracked 
| 104|0x00000000e6800000, 0x00000000e6800000, 0x00000000e6900000|  0%| F|  |TAMS 0x00000000e6800000| PB 0x00000000e6800000| Untracked 
| 105|0x00000000e6900000, 0x00000000e6a00000, 0x00000000e6a00000|100%|HS|  |TAMS 0x00000000e6900000| PB 0x00000000e6900000| Complete 
| 106|0x00000000e6a00000, 0x00000000e6b00000, 0x00000000e6b00000|100%|HC|  |TAMS 0x00000000e6a00000| PB 0x00000000e6a00000| Complete 
| 107|0x00000000e6b00000, 0x00000000e6c00000, 0x00000000e6c00000|100%|HC|  |TAMS 0x00000000e6b00000| PB 0x00000000e6b00000| Complete 
| 108|0x00000000e6c00000, 0x00000000e6d00000, 0x00000000e6d00000|100%|HC|  |TAMS 0x00000000e6c00000| PB 0x00000000e6c00000| Complete 
| 109|0x00000000e6d00000, 0x00000000e6e00000, 0x00000000e6e00000|100%|HC|  |TAMS 0x00000000e6d00000| PB 0x00000000e6d00000| Complete 
| 110|0x00000000e6e00000, 0x00000000e6f00000, 0x00000000e6f00000|100%|HC|  |TAMS 0x00000000e6e00000| PB 0x00000000e6e00000| Complete 
| 111|0x00000000e6f00000, 0x00000000e7000000, 0x00000000e7000000|100%|HC|  |TAMS 0x00000000e6f00000| PB 0x00000000e6f00000| Complete 
| 112|0x00000000e7000000, 0x00000000e7100000, 0x00000000e7100000|100%|HC|  |TAMS 0x00000000e7000000| PB 0x00000000e7000000| Complete 
| 113|0x00000000e7100000, 0x00000000e7200000, 0x00000000e7200000|100%|HS|  |TAMS 0x00000000e7100000| PB 0x00000000e7100000| Complete 
| 114|0x00000000e7200000, 0x00000000e7300000, 0x00000000e7300000|100%|HC|  |TAMS 0x00000000e7200000| PB 0x00000000e7200000| Complete 
| 115|0x00000000e7300000, 0x00000000e7400000, 0x00000000e7400000|100%|HC|  |TAMS 0x00000000e7300000| PB 0x00000000e7300000| Complete 
| 116|0x00000000e7400000, 0x00000000e7500000, 0x00000000e7500000|100%|HC|  |TAMS 0x00000000e7400000| PB 0x00000000e7400000| Complete 
| 117|0x00000000e7500000, 0x00000000e7600000, 0x00000000e7600000|100%|HC|  |TAMS 0x00000000e7500000| PB 0x00000000e7500000| Complete 
| 118|0x00000000e7600000, 0x00000000e7700000, 0x00000000e7700000|100%|HC|  |TAMS 0x00000000e7600000| PB 0x00000000e7600000| Complete 
| 119|0x00000000e7700000, 0x00000000e7800000, 0x00000000e7800000|100%|HC|  |TAMS 0x00000000e7700000| PB 0x00000000e7700000| Complete 
| 120|0x00000000e7800000, 0x00000000e7900000, 0x00000000e7900000|100%|HC|  |TAMS 0x00000000e7800000| PB 0x00000000e7800000| Complete 
| 121|0x00000000e7900000, 0x00000000e7a00000, 0x00000000e7a00000|100%|HS|  |TAMS 0x00000000e7900000| PB 0x00000000e7900000| Complete 
| 122|0x00000000e7a00000, 0x00000000e7b00000, 0x00000000e7b00000|100%|HC|  |TAMS 0x00000000e7a00000| PB 0x00000000e7a00000| Complete 
| 123|0x00000000e7b00000, 0x00000000e7c00000, 0x00000000e7c00000|100%|HC|  |TAMS 0x00000000e7b00000| PB 0x00000000e7b00000| Complete 
| 124|0x00000000e7c00000, 0x00000000e7d00000, 0x00000000e7d00000|100%|HC|  |TAMS 0x00000000e7c00000| PB 0x00000000e7c00000| Complete 
| 125|0x00000000e7d00000, 0x00000000e7e00000, 0x00000000e7e00000|100%|HC|  |TAMS 0x00000000e7d00000| PB 0x00000000e7d00000| Complete 
| 126|0x00000000e7e00000, 0x00000000e7f00000, 0x00000000e7f00000|100%|HC|  |TAMS 0x00000000e7e00000| PB 0x00000000e7e00000| Complete 
| 127|0x00000000e7f00000, 0x00000000e8000000, 0x00000000e8000000|100%|HC|  |TAMS 0x00000000e7f00000| PB 0x00000000e7f00000| Complete 
| 128|0x00000000e8000000, 0x00000000e8100000, 0x00000000e8100000|100%|HC|  |TAMS 0x00000000e8000000| PB 0x00000000e8000000| Complete 
| 129|0x00000000e8100000, 0x00000000e8200000, 0x00000000e8200000|100%|HS|  |TAMS 0x00000000e8100000| PB 0x00000000e8100000| Complete 
| 130|0x00000000e8200000, 0x00000000e8300000, 0x00000000e8300000|100%|HC|  |TAMS 0x00000000e8200000| PB 0x00000000e8200000| Complete 
| 131|0x00000000e8300000, 0x00000000e8400000, 0x00000000e8400000|100%|HC|  |TAMS 0x00000000e8300000| PB 0x00000000e8300000| Complete 
| 132|0x00000000e8400000, 0x00000000e8500000, 0x00000000e8500000|100%|HC|  |TAMS 0x00000000e8400000| PB 0x00000000e8400000| Complete 
| 133|0x00000000e8500000, 0x00000000e8500000, 0x00000000e8600000|  0%| F|  |TAMS 0x00000000e8500000| PB 0x00000000e8500000| Untracked 
| 134|0x00000000e8600000, 0x00000000e8600000, 0x00000000e8700000|  0%| F|  |TAMS 0x00000000e8600000| PB 0x00000000e8600000| Untracked 
| 135|0x00000000e8700000, 0x00000000e8700000, 0x00000000e8800000|  0%| F|  |TAMS 0x00000000e8700000| PB 0x00000000e8700000| Untracked 
| 136|0x00000000e8800000, 0x00000000e8800000, 0x00000000e8900000|  0%| F|  |TAMS 0x00000000e8800000| PB 0x00000000e8800000| Untracked 
| 137|0x00000000e8900000, 0x00000000e8900000, 0x00000000e8a00000|  0%| F|  |TAMS 0x00000000e8900000| PB 0x00000000e8900000| Untracked 
| 138|0x00000000e8a00000, 0x00000000e8a00000, 0x00000000e8b00000|  0%| F|  |TAMS 0x00000000e8a00000| PB 0x00000000e8a00000| Untracked 
| 139|0x00000000e8b00000, 0x00000000e8b00000, 0x00000000e8c00000|  0%| F|  |TAMS 0x00000000e8b00000| PB 0x00000000e8b00000| Untracked 
| 140|0x00000000e8c00000, 0x00000000e8c00000, 0x00000000e8d00000|  0%| F|  |TAMS 0x00000000e8c00000| PB 0x00000000e8c00000| Untracked 
| 141|0x00000000e8d00000, 0x00000000e8d00000, 0x00000000e8e00000|  0%| F|  |TAMS 0x00000000e8d00000| PB 0x00000000e8d00000| Untracked 
| 142|0x00000000e8e00000, 0x00000000e8e00000, 0x00000000e8f00000|  0%| F|  |TAMS 0x00000000e8e00000| PB 0x00000000e8e00000| Untracked 
| 143|0x00000000e8f00000, 0x00000000e8f00000, 0x00000000e9000000|  0%| F|  |TAMS 0x00000000e8f00000| PB 0x00000000e8f00000| Untracked 
| 144|0x00000000e9000000, 0x00000000e9000000, 0x00000000e9100000|  0%| F|  |TAMS 0x00000000e9000000| PB 0x00000000e9000000| Untracked 
| 145|0x00000000e9100000, 0x00000000e9100000, 0x00000000e9200000|  0%| F|  |TAMS 0x00000000e9100000| PB 0x00000000e9100000| Untracked 
| 146|0x00000000e9200000, 0x00000000e9200000, 0x00000000e9300000|  0%| F|  |TAMS 0x00000000e9200000| PB 0x00000000e9200000| Untracked 
| 147|0x00000000e9300000, 0x00000000e9300000, 0x00000000e9400000|  0%| F|  |TAMS 0x00000000e9300000| PB 0x00000000e9300000| Untracked 
| 148|0x00000000e9400000, 0x00000000e9400000, 0x00000000e9500000|  0%| F|  |TAMS 0x00000000e9400000| PB 0x00000000e9400000| Untracked 
| 149|0x00000000e9500000, 0x00000000e9500000, 0x00000000e9600000|  0%| F|  |TAMS 0x00000000e9500000| PB 0x00000000e9500000| Untracked 
| 150|0x00000000e9600000, 0x00000000e9600000, 0x00000000e9700000|  0%| F|  |TAMS 0x00000000e9600000| PB 0x00000000e9600000| Untracked 
| 151|0x00000000e9700000, 0x00000000e9700000, 0x00000000e9800000|  0%| F|  |TAMS 0x00000000e9700000| PB 0x00000000e9700000| Untracked 
| 152|0x00000000e9800000, 0x00000000e9800000, 0x00000000e9900000|  0%| F|  |TAMS 0x00000000e9800000| PB 0x00000000e9800000| Untracked 
| 153|0x00000000e9900000, 0x00000000e9900000, 0x00000000e9a00000|  0%| F|  |TAMS 0x00000000e9900000| PB 0x00000000e9900000| Untracked 
| 154|0x00000000e9a00000, 0x00000000e9a00000, 0x00000000e9b00000|  0%| F|  |TAMS 0x00000000e9a00000| PB 0x00000000e9a00000| Untracked 
| 155|0x00000000e9b00000, 0x00000000e9b00000, 0x00000000e9c00000|  0%| F|  |TAMS 0x00000000e9b00000| PB 0x00000000e9b00000| Untracked 
| 156|0x00000000e9c00000, 0x00000000e9c00000, 0x00000000e9d00000|  0%| F|  |TAMS 0x00000000e9c00000| PB 0x00000000e9c00000| Untracked 
| 157|0x00000000e9d00000, 0x00000000e9d00000, 0x00000000e9e00000|  0%| F|  |TAMS 0x00000000e9d00000| PB 0x00000000e9d00000| Untracked 
| 158|0x00000000e9e00000, 0x00000000e9e00000, 0x00000000e9f00000|  0%| F|  |TAMS 0x00000000e9e00000| PB 0x00000000e9e00000| Untracked 
| 159|0x00000000e9f00000, 0x00000000e9f00000, 0x00000000ea000000|  0%| F|  |TAMS 0x00000000e9f00000| PB 0x00000000e9f00000| Untracked 
| 160|0x00000000ea000000, 0x00000000ea000000, 0x00000000ea100000|  0%| F|  |TAMS 0x00000000ea000000| PB 0x00000000ea000000| Untracked 
| 161|0x00000000ea100000, 0x00000000ea100000, 0x00000000ea200000|  0%| F|  |TAMS 0x00000000ea100000| PB 0x00000000ea100000| Untracked 
| 162|0x00000000ea200000, 0x00000000ea200000, 0x00000000ea300000|  0%| F|  |TAMS 0x00000000ea200000| PB 0x00000000ea200000| Untracked 
| 163|0x00000000ea300000, 0x00000000ea300000, 0x00000000ea400000|  0%| F|  |TAMS 0x00000000ea300000| PB 0x00000000ea300000| Untracked 
| 164|0x00000000ea400000, 0x00000000ea400000, 0x00000000ea500000|  0%| F|  |TAMS 0x00000000ea400000| PB 0x00000000ea400000| Untracked 
| 165|0x00000000ea500000, 0x00000000ea500000, 0x00000000ea600000|  0%| F|  |TAMS 0x00000000ea500000| PB 0x00000000ea500000| Untracked 
| 166|0x00000000ea600000, 0x00000000ea600000, 0x00000000ea700000|  0%| F|  |TAMS 0x00000000ea600000| PB 0x00000000ea600000| Untracked 
| 167|0x00000000ea700000, 0x00000000ea700000, 0x00000000ea800000|  0%| F|  |TAMS 0x00000000ea700000| PB 0x00000000ea700000| Untracked 
| 168|0x00000000ea800000, 0x00000000ea800000, 0x00000000ea900000|  0%| F|  |TAMS 0x00000000ea800000| PB 0x00000000ea800000| Untracked 
| 169|0x00000000ea900000, 0x00000000ea900000, 0x00000000eaa00000|  0%| F|  |TAMS 0x00000000ea900000| PB 0x00000000ea900000| Untracked 
| 170|0x00000000eaa00000, 0x00000000eaa00000, 0x00000000eab00000|  0%| F|  |TAMS 0x00000000eaa00000| PB 0x00000000eaa00000| Untracked 
| 171|0x00000000eab00000, 0x00000000eab00000, 0x00000000eac00000|  0%| F|  |TAMS 0x00000000eab00000| PB 0x00000000eab00000| Untracked 
| 172|0x00000000eac00000, 0x00000000eac00000, 0x00000000ead00000|  0%| F|  |TAMS 0x00000000eac00000| PB 0x00000000eac00000| Untracked 
| 173|0x00000000ead00000, 0x00000000ead00000, 0x00000000eae00000|  0%| F|  |TAMS 0x00000000ead00000| PB 0x00000000ead00000| Untracked 
| 174|0x00000000eae00000, 0x00000000eae00000, 0x00000000eaf00000|  0%| F|  |TAMS 0x00000000eae00000| PB 0x00000000eae00000| Untracked 
| 175|0x00000000eaf00000, 0x00000000eaf00000, 0x00000000eb000000|  0%| F|  |TAMS 0x00000000eaf00000| PB 0x00000000eaf00000| Untracked 
| 176|0x00000000eb000000, 0x00000000eb000000, 0x00000000eb100000|  0%| F|  |TAMS 0x00000000eb000000| PB 0x00000000eb000000| Untracked 
| 177|0x00000000eb100000, 0x00000000eb100000, 0x00000000eb200000|  0%| F|  |TAMS 0x00000000eb100000| PB 0x00000000eb100000| Untracked 
| 178|0x00000000eb200000, 0x00000000eb200000, 0x00000000eb300000|  0%| F|  |TAMS 0x00000000eb200000| PB 0x00000000eb200000| Untracked 
| 179|0x00000000eb300000, 0x00000000eb300000, 0x00000000eb400000|  0%| F|  |TAMS 0x00000000eb300000| PB 0x00000000eb300000| Untracked 
| 180|0x00000000eb400000, 0x00000000eb400000, 0x00000000eb500000|  0%| F|  |TAMS 0x00000000eb400000| PB 0x00000000eb400000| Untracked 
| 181|0x00000000eb500000, 0x00000000eb500000, 0x00000000eb600000|  0%| F|  |TAMS 0x00000000eb500000| PB 0x00000000eb500000| Untracked 
| 182|0x00000000eb600000, 0x00000000eb600000, 0x00000000eb700000|  0%| F|  |TAMS 0x00000000eb600000| PB 0x00000000eb600000| Untracked 
| 183|0x00000000eb700000, 0x00000000eb700000, 0x00000000eb800000|  0%| F|  |TAMS 0x00000000eb700000| PB 0x00000000eb700000| Untracked 
| 184|0x00000000eb800000, 0x00000000eb800000, 0x00000000eb900000|  0%| F|  |TAMS 0x00000000eb800000| PB 0x00000000eb800000| Untracked 
| 185|0x00000000eb900000, 0x00000000eb900000, 0x00000000eba00000|  0%| F|  |TAMS 0x00000000eb900000| PB 0x00000000eb900000| Untracked 
| 186|0x00000000eba00000, 0x00000000eba00000, 0x00000000ebb00000|  0%| F|  |TAMS 0x00000000eba00000| PB 0x00000000eba00000| Untracked 
| 187|0x00000000ebb00000, 0x00000000ebb00000, 0x00000000ebc00000|  0%| F|  |TAMS 0x00000000ebb00000| PB 0x00000000ebb00000| Untracked 
| 188|0x00000000ebc00000, 0x00000000ebc00000, 0x00000000ebd00000|  0%| F|  |TAMS 0x00000000ebc00000| PB 0x00000000ebc00000| Untracked 
| 189|0x00000000ebd00000, 0x00000000ebd00000, 0x00000000ebe00000|  0%| F|  |TAMS 0x00000000ebd00000| PB 0x00000000ebd00000| Untracked 
| 190|0x00000000ebe00000, 0x00000000ebe00000, 0x00000000ebf00000|  0%| F|  |TAMS 0x00000000ebe00000| PB 0x00000000ebe00000| Untracked 
| 191|0x00000000ebf00000, 0x00000000ebf00000, 0x00000000ec000000|  0%| F|  |TAMS 0x00000000ebf00000| PB 0x00000000ebf00000| Untracked 
| 192|0x00000000ec000000, 0x00000000ec000000, 0x00000000ec100000|  0%| F|  |TAMS 0x00000000ec000000| PB 0x00000000ec000000| Untracked 
| 193|0x00000000ec100000, 0x00000000ec100000, 0x00000000ec200000|  0%| F|  |TAMS 0x00000000ec100000| PB 0x00000000ec100000| Untracked 
| 194|0x00000000ec200000, 0x00000000ec200000, 0x00000000ec300000|  0%| F|  |TAMS 0x00000000ec200000| PB 0x00000000ec200000| Untracked 
| 195|0x00000000ec300000, 0x00000000ec300000, 0x00000000ec400000|  0%| F|  |TAMS 0x00000000ec300000| PB 0x00000000ec300000| Untracked 
| 196|0x00000000ec400000, 0x00000000ec400000, 0x00000000ec500000|  0%| F|  |TAMS 0x00000000ec400000| PB 0x00000000ec400000| Untracked 
| 197|0x00000000ec500000, 0x00000000ec500000, 0x00000000ec600000|  0%| F|  |TAMS 0x00000000ec500000| PB 0x00000000ec500000| Untracked 
| 198|0x00000000ec600000, 0x00000000ec600000, 0x00000000ec700000|  0%| F|  |TAMS 0x00000000ec600000| PB 0x00000000ec600000| Untracked 
| 199|0x00000000ec700000, 0x00000000ec700000, 0x00000000ec800000|  0%| F|  |TAMS 0x00000000ec700000| PB 0x00000000ec700000| Untracked 
| 200|0x00000000ec800000, 0x00000000ec800000, 0x00000000ec900000|  0%| F|  |TAMS 0x00000000ec800000| PB 0x00000000ec800000| Untracked 
| 201|0x00000000ec900000, 0x00000000ec900000, 0x00000000eca00000|  0%| F|  |TAMS 0x00000000ec900000| PB 0x00000000ec900000| Untracked 
| 202|0x00000000eca00000, 0x00000000eca00000, 0x00000000ecb00000|  0%| F|  |TAMS 0x00000000eca00000| PB 0x00000000eca00000| Untracked 
| 203|0x00000000ecb00000, 0x00000000ecb00000, 0x00000000ecc00000|  0%| F|  |TAMS 0x00000000ecb00000| PB 0x00000000ecb00000| Untracked 
| 204|0x00000000ecc00000, 0x00000000ecc00000, 0x00000000ecd00000|  0%| F|  |TAMS 0x00000000ecc00000| PB 0x00000000ecc00000| Untracked 
| 205|0x00000000ecd00000, 0x00000000ecd00000, 0x00000000ece00000|  0%| F|  |TAMS 0x00000000ecd00000| PB 0x00000000ecd00000| Untracked 
| 206|0x00000000ece00000, 0x00000000ece00000, 0x00000000ecf00000|  0%| F|  |TAMS 0x00000000ece00000| PB 0x00000000ece00000| Untracked 
| 207|0x00000000ecf00000, 0x00000000ecf00000, 0x00000000ed000000|  0%| F|  |TAMS 0x00000000ecf00000| PB 0x00000000ecf00000| Untracked 
| 208|0x00000000ed000000, 0x00000000ed000000, 0x00000000ed100000|  0%| F|  |TAMS 0x00000000ed000000| PB 0x00000000ed000000| Untracked 
| 209|0x00000000ed100000, 0x00000000ed100000, 0x00000000ed200000|  0%| F|  |TAMS 0x00000000ed100000| PB 0x00000000ed100000| Untracked 
| 210|0x00000000ed200000, 0x00000000ed200000, 0x00000000ed300000|  0%| F|  |TAMS 0x00000000ed200000| PB 0x00000000ed200000| Untracked 
| 211|0x00000000ed300000, 0x00000000ed300000, 0x00000000ed400000|  0%| F|  |TAMS 0x00000000ed300000| PB 0x00000000ed300000| Untracked 
| 212|0x00000000ed400000, 0x00000000ed400000, 0x00000000ed500000|  0%| F|  |TAMS 0x00000000ed400000| PB 0x00000000ed400000| Untracked 
| 213|0x00000000ed500000, 0x00000000ed500000, 0x00000000ed600000|  0%| F|  |TAMS 0x00000000ed500000| PB 0x00000000ed500000| Untracked 
| 214|0x00000000ed600000, 0x00000000ed600000, 0x00000000ed700000|  0%| F|  |TAMS 0x00000000ed600000| PB 0x00000000ed600000| Untracked 
| 215|0x00000000ed700000, 0x00000000ed700000, 0x00000000ed800000|  0%| F|  |TAMS 0x00000000ed700000| PB 0x00000000ed700000| Untracked 
| 216|0x00000000ed800000, 0x00000000ed800000, 0x00000000ed900000|  0%| F|  |TAMS 0x00000000ed800000| PB 0x00000000ed800000| Untracked 
| 217|0x00000000ed900000, 0x00000000ed900000, 0x00000000eda00000|  0%| F|  |TAMS 0x00000000ed900000| PB 0x00000000ed900000| Untracked 
| 218|0x00000000eda00000, 0x00000000eda00000, 0x00000000edb00000|  0%| F|  |TAMS 0x00000000eda00000| PB 0x00000000eda00000| Untracked 
| 219|0x00000000edb00000, 0x00000000edb00000, 0x00000000edc00000|  0%| F|  |TAMS 0x00000000edb00000| PB 0x00000000edb00000| Untracked 
| 220|0x00000000edc00000, 0x00000000edc00000, 0x00000000edd00000|  0%| F|  |TAMS 0x00000000edc00000| PB 0x00000000edc00000| Untracked 
| 221|0x00000000edd00000, 0x00000000edd00000, 0x00000000ede00000|  0%| F|  |TAMS 0x00000000edd00000| PB 0x00000000edd00000| Untracked 
| 222|0x00000000ede00000, 0x00000000ede00000, 0x00000000edf00000|  0%| F|  |TAMS 0x00000000ede00000| PB 0x00000000ede00000| Untracked 
| 223|0x00000000edf00000, 0x00000000edf00000, 0x00000000ee000000|  0%| F|  |TAMS 0x00000000edf00000| PB 0x00000000edf00000| Untracked 
| 224|0x00000000ee000000, 0x00000000ee000000, 0x00000000ee100000|  0%| F|  |TAMS 0x00000000ee000000| PB 0x00000000ee000000| Untracked 
| 225|0x00000000ee100000, 0x00000000ee100000, 0x00000000ee200000|  0%| F|  |TAMS 0x00000000ee100000| PB 0x00000000ee100000| Untracked 
| 226|0x00000000ee200000, 0x00000000ee200000, 0x00000000ee300000|  0%| F|  |TAMS 0x00000000ee200000| PB 0x00000000ee200000| Untracked 
| 227|0x00000000ee300000, 0x00000000ee300000, 0x00000000ee400000|  0%| F|  |TAMS 0x00000000ee300000| PB 0x00000000ee300000| Untracked 
| 228|0x00000000ee400000, 0x00000000ee400000, 0x00000000ee500000|  0%| F|  |TAMS 0x00000000ee400000| PB 0x00000000ee400000| Untracked 
| 229|0x00000000ee500000, 0x00000000ee500000, 0x00000000ee600000|  0%| F|  |TAMS 0x00000000ee500000| PB 0x00000000ee500000| Untracked 
| 230|0x00000000ee600000, 0x00000000ee600000, 0x00000000ee700000|  0%| F|  |TAMS 0x00000000ee600000| PB 0x00000000ee600000| Untracked 
| 231|0x00000000ee700000, 0x00000000ee700000, 0x00000000ee800000|  0%| F|  |TAMS 0x00000000ee700000| PB 0x00000000ee700000| Untracked 
| 232|0x00000000ee800000, 0x00000000ee800000, 0x00000000ee900000|  0%| F|  |TAMS 0x00000000ee800000| PB 0x00000000ee800000| Untracked 
| 233|0x00000000ee900000, 0x00000000ee900000, 0x00000000eea00000|  0%| F|  |TAMS 0x00000000ee900000| PB 0x00000000ee900000| Untracked 
| 234|0x00000000eea00000, 0x00000000eea00000, 0x00000000eeb00000|  0%| F|  |TAMS 0x00000000eea00000| PB 0x00000000eea00000| Untracked 
| 235|0x00000000eeb00000, 0x00000000eeb00000, 0x00000000eec00000|  0%| F|  |TAMS 0x00000000eeb00000| PB 0x00000000eeb00000| Untracked 
| 236|0x00000000eec00000, 0x00000000eec00000, 0x00000000eed00000|  0%| F|  |TAMS 0x00000000eec00000| PB 0x00000000eec00000| Untracked 
| 237|0x00000000eed00000, 0x00000000eed00000, 0x00000000eee00000|  0%| F|  |TAMS 0x00000000eed00000| PB 0x00000000eed00000| Untracked 
| 238|0x00000000eee00000, 0x00000000eee00000, 0x00000000eef00000|  0%| F|  |TAMS 0x00000000eee00000| PB 0x00000000eee00000| Untracked 
| 239|0x00000000eef00000, 0x00000000eef00000, 0x00000000ef000000|  0%| F|  |TAMS 0x00000000eef00000| PB 0x00000000eef00000| Untracked 
| 240|0x00000000ef000000, 0x00000000ef000000, 0x00000000ef100000|  0%| F|  |TAMS 0x00000000ef000000| PB 0x00000000ef000000| Untracked 
| 241|0x00000000ef100000, 0x00000000ef100000, 0x00000000ef200000|  0%| F|  |TAMS 0x00000000ef100000| PB 0x00000000ef100000| Untracked 
| 242|0x00000000ef200000, 0x00000000ef200000, 0x00000000ef300000|  0%| F|  |TAMS 0x00000000ef200000| PB 0x00000000ef200000| Untracked 
| 243|0x00000000ef300000, 0x00000000ef300000, 0x00000000ef400000|  0%| F|  |TAMS 0x00000000ef300000| PB 0x00000000ef300000| Untracked 
| 244|0x00000000ef400000, 0x00000000ef400000, 0x00000000ef500000|  0%| F|  |TAMS 0x00000000ef400000| PB 0x00000000ef400000| Untracked 
| 245|0x00000000ef500000, 0x00000000ef500000, 0x00000000ef600000|  0%| F|  |TAMS 0x00000000ef500000| PB 0x00000000ef500000| Untracked 
| 246|0x00000000ef600000, 0x00000000ef600000, 0x00000000ef700000|  0%| F|  |TAMS 0x00000000ef600000| PB 0x00000000ef600000| Untracked 
| 247|0x00000000ef700000, 0x00000000ef700000, 0x00000000ef800000|  0%| F|  |TAMS 0x00000000ef700000| PB 0x00000000ef700000| Untracked 
| 248|0x00000000ef800000, 0x00000000ef800000, 0x00000000ef900000|  0%| F|  |TAMS 0x00000000ef800000| PB 0x00000000ef800000| Untracked 
| 249|0x00000000ef900000, 0x00000000ef900000, 0x00000000efa00000|  0%| F|  |TAMS 0x00000000ef900000| PB 0x00000000ef900000| Untracked 
| 250|0x00000000efa00000, 0x00000000efa00000, 0x00000000efb00000|  0%| F|  |TAMS 0x00000000efa00000| PB 0x00000000efa00000| Untracked 
| 251|0x00000000efb00000, 0x00000000efb00000, 0x00000000efc00000|  0%| F|  |TAMS 0x00000000efb00000| PB 0x00000000efb00000| Untracked 
| 252|0x00000000efc00000, 0x00000000efc00000, 0x00000000efd00000|  0%| F|  |TAMS 0x00000000efc00000| PB 0x00000000efc00000| Untracked 
| 253|0x00000000efd00000, 0x00000000efd00000, 0x00000000efe00000|  0%| F|  |TAMS 0x00000000efd00000| PB 0x00000000efd00000| Untracked 
| 254|0x00000000efe00000, 0x00000000efe00000, 0x00000000eff00000|  0%| F|  |TAMS 0x00000000efe00000| PB 0x00000000efe00000| Untracked 
| 255|0x00000000eff00000, 0x00000000eff00000, 0x00000000f0000000|  0%| F|  |TAMS 0x00000000eff00000| PB 0x00000000eff00000| Untracked 
| 256|0x00000000f0000000, 0x00000000f0000000, 0x00000000f0100000|  0%| F|  |TAMS 0x00000000f0000000| PB 0x00000000f0000000| Untracked 
| 257|0x00000000f0100000, 0x00000000f0100000, 0x00000000f0200000|  0%| F|  |TAMS 0x00000000f0100000| PB 0x00000000f0100000| Untracked 
| 258|0x00000000f0200000, 0x00000000f0200000, 0x00000000f0300000|  0%| F|  |TAMS 0x00000000f0200000| PB 0x00000000f0200000| Untracked 
| 259|0x00000000f0300000, 0x00000000f0300000, 0x00000000f0400000|  0%| F|  |TAMS 0x00000000f0300000| PB 0x00000000f0300000| Untracked 
| 260|0x00000000f0400000, 0x00000000f0400000, 0x00000000f0500000|  0%| F|  |TAMS 0x00000000f0400000| PB 0x00000000f0400000| Untracked 
| 261|0x00000000f0500000, 0x00000000f0500000, 0x00000000f0600000|  0%| F|  |TAMS 0x00000000f0500000| PB 0x00000000f0500000| Untracked 
| 262|0x00000000f0600000, 0x00000000f0600000, 0x00000000f0700000|  0%| F|  |TAMS 0x00000000f0600000| PB 0x00000000f0600000| Untracked 
| 263|0x00000000f0700000, 0x00000000f0700000, 0x00000000f0800000|  0%| F|  |TAMS 0x00000000f0700000| PB 0x00000000f0700000| Untracked 
| 264|0x00000000f0800000, 0x00000000f0800000, 0x00000000f0900000|  0%| F|  |TAMS 0x00000000f0800000| PB 0x00000000f0800000| Untracked 
| 265|0x00000000f0900000, 0x00000000f0900000, 0x00000000f0a00000|  0%| F|  |TAMS 0x00000000f0900000| PB 0x00000000f0900000| Untracked 
| 266|0x00000000f0a00000, 0x00000000f0a00000, 0x00000000f0b00000|  0%| F|  |TAMS 0x00000000f0a00000| PB 0x00000000f0a00000| Untracked 
| 267|0x00000000f0b00000, 0x00000000f0b00000, 0x00000000f0c00000|  0%| F|  |TAMS 0x00000000f0b00000| PB 0x00000000f0b00000| Untracked 
| 268|0x00000000f0c00000, 0x00000000f0c00000, 0x00000000f0d00000|  0%| F|  |TAMS 0x00000000f0c00000| PB 0x00000000f0c00000| Untracked 
| 269|0x00000000f0d00000, 0x00000000f0d00000, 0x00000000f0e00000|  0%| F|  |TAMS 0x00000000f0d00000| PB 0x00000000f0d00000| Untracked 
| 270|0x00000000f0e00000, 0x00000000f0e00000, 0x00000000f0f00000|  0%| F|  |TAMS 0x00000000f0e00000| PB 0x00000000f0e00000| Untracked 
| 271|0x00000000f0f00000, 0x00000000f0f00000, 0x00000000f1000000|  0%| F|  |TAMS 0x00000000f0f00000| PB 0x00000000f0f00000| Untracked 
| 272|0x00000000f1000000, 0x00000000f1000000, 0x00000000f1100000|  0%| F|  |TAMS 0x00000000f1000000| PB 0x00000000f1000000| Untracked 
| 273|0x00000000f1100000, 0x00000000f1100000, 0x00000000f1200000|  0%| F|  |TAMS 0x00000000f1100000| PB 0x00000000f1100000| Untracked 
| 274|0x00000000f1200000, 0x00000000f1200000, 0x00000000f1300000|  0%| F|  |TAMS 0x00000000f1200000| PB 0x00000000f1200000| Untracked 
| 275|0x00000000f1300000, 0x00000000f1300000, 0x00000000f1400000|  0%| F|  |TAMS 0x00000000f1300000| PB 0x00000000f1300000| Untracked 
| 276|0x00000000f1400000, 0x00000000f1400000, 0x00000000f1500000|  0%| F|  |TAMS 0x00000000f1400000| PB 0x00000000f1400000| Untracked 
| 277|0x00000000f1500000, 0x00000000f1500000, 0x00000000f1600000|  0%| F|  |TAMS 0x00000000f1500000| PB 0x00000000f1500000| Untracked 
| 278|0x00000000f1600000, 0x00000000f16b7530, 0x00000000f1700000| 71%| E|  |TAMS 0x00000000f1600000| PB 0x00000000f1600000| Complete 
| 279|0x00000000f1700000, 0x00000000f1800000, 0x00000000f1800000|100%| E|CS|TAMS 0x00000000f1700000| PB 0x00000000f1700000| Complete 
| 280|0x00000000f1800000, 0x00000000f1900000, 0x00000000f1900000|100%| E|CS|TAMS 0x00000000f1800000| PB 0x00000000f1800000| Complete 
| 281|0x00000000f1900000, 0x00000000f1a00000, 0x00000000f1a00000|100%| E|CS|TAMS 0x00000000f1900000| PB 0x00000000f1900000| Complete 
| 282|0x00000000f1a00000, 0x00000000f1b00000, 0x00000000f1b00000|100%| E|CS|TAMS 0x00000000f1a00000| PB 0x00000000f1a00000| Complete 
| 283|0x00000000f1b00000, 0x00000000f1c00000, 0x00000000f1c00000|100%| E|CS|TAMS 0x00000000f1b00000| PB 0x00000000f1b00000| Complete 
| 284|0x00000000f1c00000, 0x00000000f1d00000, 0x00000000f1d00000|100%| E|CS|TAMS 0x00000000f1c00000| PB 0x00000000f1c00000| Complete 
| 285|0x00000000f1d00000, 0x00000000f1e00000, 0x00000000f1e00000|100%| E|CS|TAMS 0x00000000f1d00000| PB 0x00000000f1d00000| Complete 
| 286|0x00000000f1e00000, 0x00000000f1f00000, 0x00000000f1f00000|100%| E|CS|TAMS 0x00000000f1e00000| PB 0x00000000f1e00000| Complete 
| 287|0x00000000f1f00000, 0x00000000f2000000, 0x00000000f2000000|100%| E|CS|TAMS 0x00000000f1f00000| PB 0x00000000f1f00000| Complete 
| 288|0x00000000f2000000, 0x00000000f2100000, 0x00000000f2100000|100%| E|CS|TAMS 0x00000000f2000000| PB 0x00000000f2000000| Complete 
| 289|0x00000000f2100000, 0x00000000f2200000, 0x00000000f2200000|100%| E|CS|TAMS 0x00000000f2100000| PB 0x00000000f2100000| Complete 
| 290|0x00000000f2200000, 0x00000000f2300000, 0x00000000f2300000|100%| E|CS|TAMS 0x00000000f2200000| PB 0x00000000f2200000| Complete 
| 291|0x00000000f2300000, 0x00000000f2400000, 0x00000000f2400000|100%| E|  |TAMS 0x00000000f2300000| PB 0x00000000f2300000| Complete 
| 292|0x00000000f2400000, 0x00000000f2500000, 0x00000000f2500000|100%| E|CS|TAMS 0x00000000f2400000| PB 0x00000000f2400000| Complete 
| 293|0x00000000f2500000, 0x00000000f2600000, 0x00000000f2600000|100%| E|CS|TAMS 0x00000000f2500000| PB 0x00000000f2500000| Complete 
| 294|0x00000000f2600000, 0x00000000f2700000, 0x00000000f2700000|100%| E|CS|TAMS 0x00000000f2600000| PB 0x00000000f2600000| Complete 
| 295|0x00000000f2700000, 0x00000000f27b1800, 0x00000000f2800000| 69%| S|CS|TAMS 0x00000000f2700000| PB 0x00000000f2700000| Complete 
| 296|0x00000000f2800000, 0x00000000f2900000, 0x00000000f2900000|100%| S|CS|TAMS 0x00000000f2800000| PB 0x00000000f2800000| Complete 
| 297|0x00000000f2900000, 0x00000000f2a00000, 0x00000000f2a00000|100%| S|CS|TAMS 0x00000000f2900000| PB 0x00000000f2900000| Complete 
| 298|0x00000000f2a00000, 0x00000000f2b00000, 0x00000000f2b00000|100%| S|CS|TAMS 0x00000000f2a00000| PB 0x00000000f2a00000| Complete 
| 299|0x00000000f2b00000, 0x00000000f2c00000, 0x00000000f2c00000|100%| S|CS|TAMS 0x00000000f2b00000| PB 0x00000000f2b00000| Complete 
| 300|0x00000000f2c00000, 0x00000000f2d00000, 0x00000000f2d00000|100%| E|CS|TAMS 0x00000000f2c00000| PB 0x00000000f2c00000| Complete 
| 505|0x00000000ff900000, 0x00000000ffa00000, 0x00000000ffa00000|100%| O|  |TAMS 0x00000000ff900000| PB 0x00000000ff900000| Untracked 
| 506|0x00000000ffa00000, 0x00000000ffb00000, 0x00000000ffb00000|100%| O|  |TAMS 0x00000000ffa00000| PB 0x00000000ffa00000| Untracked 
| 507|0x00000000ffb00000, 0x00000000ffc00000, 0x00000000ffc00000|100%| O|  |TAMS 0x00000000ffb00000| PB 0x00000000ffb00000| Untracked 
| 508|0x00000000ffc00000, 0x00000000ffd00000, 0x00000000ffd00000|100%| O|  |TAMS 0x00000000ffc00000| PB 0x00000000ffc00000| Untracked 
| 509|0x00000000ffd00000, 0x00000000ffe00000, 0x00000000ffe00000|100%| O|  |TAMS 0x00000000ffd00000| PB 0x00000000ffd00000| Untracked 
| 510|0x00000000ffe00000, 0x00000000fff00000, 0x00000000fff00000|100%| O|  |TAMS 0x00000000ffe00000| PB 0x00000000ffe00000| Untracked 
| 511|0x00000000fff00000, 0x0000000100000000, 0x0000000100000000|100%| O|  |TAMS 0x00000000fff00000| PB 0x00000000fff00000| Untracked 

Card table byte_map: [0x00007f4ee701b000,0x00007f4ee711b000] _byte_map_base: 0x00007f4ee691b000

Marking Bits: (CMBitMap*) 0x00007f4ee005c8c0
 Bits: [0x00007f4ee6800000, 0x00007f4ee7000000)

Polling page: 0x00007f4ee96d9000

Metaspace:

Usage:
  Non-class:     65,16 MB used.
      Class:      7,80 MB used.
       Both:     72,96 MB used.

Virtual space:
  Non-class space:      128,00 MB reserved,      65,75 MB ( 51%) committed,  2 nodes.
      Class space:        1,00 GB reserved,       8,19 MB ( <1%) committed,  1 nodes.
             Both:        1,12 GB reserved,      73,94 MB (  6%) committed. 

Chunk freelists:
   Non-Class:  14,11 MB
       Class:  7,78 MB
        Both:  21,89 MB

MaxMetaspaceSize: unlimited
CompressedClassSpaceSize: 1,00 GB
Initial GC threshold: 21,00 MB
Current GC threshold: 99,50 MB
CDS: off
 - commit_granule_bytes: 65536.
 - commit_granule_words: 8192.
 - virtual_space_node_default_size: 8388608.
 - enlarge_chunks_in_place: 1.
 - use_allocation_guard: 0.


Internal statistics:

num_allocs_failed_limit: 12.
num_arena_births: 1398.
num_arena_deaths: 0.
num_vsnodes_births: 3.
num_vsnodes_deaths: 0.
num_space_committed: 1178.
num_space_uncommitted: 0.
num_chunks_returned_to_freelist: 12.
num_chunks_taken_from_freelist: 3565.
num_chunk_merges: 12.
num_chunk_splits: 2382.
num_chunks_enlarged: 1715.
num_inconsistent_stats: 0.

CodeHeap 'non-profiled nmethods': size=120028Kb used=3531Kb max_used=3531Kb free=116496Kb
 bounds [0x00007f4ed34c9000, 0x00007f4ed3849000, 0x00007f4edaa00000]
CodeHeap 'profiled nmethods': size=120028Kb used=12050Kb max_used=12050Kb free=107978Kb
 bounds [0x00007f4ecba00000, 0x00007f4ecc5d0000, 0x00007f4ed2f37000]
CodeHeap 'non-nmethods': size=5704Kb used=4435Kb max_used=4451Kb free=1268Kb
 bounds [0x00007f4ed2f37000, 0x00007f4ed33a7000, 0x00007f4ed34c9000]
CodeCache: size=245760Kb, used=20016Kb, max_used=20032Kb, free=225742Kb
 total_blobs=9137, nmethods=6821, adapters=2220, full_count=0
Compilation: enabled, stopped_count=0, restarted_count=0

Compilation events (20 events):
Event: 5,219 Thread 0x00007f4ee025a430 7086       3       java.util.Collections$3::nextElement (10 bytes)
Event: 5,219 Thread 0x00007f4ee025a430 nmethod 7086 0x00007f4ecc5c2210 code [0x00007f4ecc5c23c0, 0x00007f4ecc5c2588]
Event: 5,219 Thread 0x00007f4ee025a430 7087       3       java.util.logging.LogManager::checkPermission (16 bytes)
Event: 5,219 Thread 0x00007f4ee025a430 nmethod 7087 0x00007f4ecc5c2690 code [0x00007f4ecc5c2840, 0x00007f4ecc5c2a28]
Event: 5,219 Thread 0x00007f4ee025a430 7083       1       java.util.concurrent.CopyOnWriteArrayList::getArray (5 bytes)
Event: 5,220 Thread 0x00007f4ee025a430 nmethod 7083 0x00007f4ed3837190 code [0x00007f4ed3837320, 0x00007f4ed38373e0]
Event: 5,220 Thread 0x00007f4ee025a430 7082       3       okio.AsyncTimeout::access$getLock$cp (4 bytes)
Event: 5,220 Thread 0x00007f4ee025a430 nmethod 7082 0x00007f4ecc5c2b10 code [0x00007f4ecc5c2ca0, 0x00007f4ecc5c2d90]
Event: 5,221 Thread 0x00007f4ee0258dc0 nmethod 7084 0x00007f4ed3837490 code [0x00007f4ed3837620, 0x00007f4ed3837960]
Event: 5,230 Thread 0x00007f4ee0258dc0 7088       4       java.util.ArrayList::<init> (61 bytes)
Event: 5,232 Thread 0x00007f4ee0258dc0 nmethod 7088 0x00007f4ed3837b10 code [0x00007f4ed3837ca0, 0x00007f4ed3838038]
Event: 5,232 Thread 0x00007f4ee025a430 7090       3       java.lang.String::toLowerCase (8 bytes)
Event: 5,232 Thread 0x00007f4ee0258dc0 7089       4       java.lang.String::toLowerCase (29 bytes)
Event: 5,232 Thread 0x00007f4ee025a430 nmethod 7090 0x00007f4ecc5c2e10 code [0x00007f4ecc5c2fe0, 0x00007f4ecc5c3338]
Event: 5,233 Thread 0x00007f4ee025a430 7093       1       com.sun.javafx.font.PrismFontFactory::isExcluded (2 bytes)
Event: 5,233 Thread 0x00007f4ee025a430 nmethod 7093 0x00007f4ed3838110 code [0x00007f4ed38382a0, 0x00007f4ed3838360]
Event: 5,233 Thread 0x00007f4ee025a430 7094       3       java.util.HashMap$ValueIterator::next (8 bytes)
Event: 5,233 Thread 0x00007f4ee025a430 nmethod 7094 0x00007f4ecc5c3490 code [0x00007f4ecc5c3640, 0x00007f4ecc5c3780]
Event: 5,237 Thread 0x00007f4ee025a430 7099       3       java.io.BufferedWriter::min (9 bytes)
Event: 5,237 Thread 0x00007f4ee025a430 nmethod 7099 0x00007f4ecc5c3890 code [0x00007f4ecc5c3a20, 0x00007f4ecc5c3b80]

GC Heap History (20 events):
Event: 2,245 GC heap before
{Heap before GC invocations=10 (full 0):
 garbage-first heap   total 57344K, used 27269K [0x00000000e0000000, 0x0000000100000000)
  region size 1024K, 4 young (4096K), 3 survivors (3072K)
 Metaspace       used 47406K, committed 47936K, reserved 1114112K
  class space    used 4733K, committed 4992K, reserved 1048576K
}
Event: 2,246 GC heap after
{Heap after GC invocations=11 (full 0):
 garbage-first heap   total 57344K, used 27217K [0x00000000e0000000, 0x0000000100000000)
  region size 1024K, 3 young (3072K), 3 survivors (3072K)
 Metaspace       used 47406K, committed 47936K, reserved 1114112K
  class space    used 4733K, committed 4992K, reserved 1048576K
}
Event: 2,247 GC heap before
{Heap before GC invocations=11 (full 0):
 garbage-first heap   total 57344K, used 30289K [0x00000000e0000000, 0x0000000100000000)
  region size 1024K, 4 young (4096K), 3 survivors (3072K)
 Metaspace       used 47408K, committed 47936K, reserved 1114112K
  class space    used 4733K, committed 4992K, reserved 1048576K
}
Event: 2,249 GC heap after
{Heap after GC invocations=12 (full 0):
 garbage-first heap   total 154624K, used 27218K [0x00000000e0000000, 0x0000000100000000)
  region size 1024K, 3 young (3072K), 3 survivors (3072K)
 Metaspace       used 47408K, committed 47936K, reserved 1114112K
  class space    used 4733K, committed 4992K, reserved 1048576K
}
Event: 2,828 GC heap before
{Heap before GC invocations=12 (full 0):
 garbage-first heap   total 154624K, used 98898K [0x00000000e0000000, 0x0000000100000000)
  region size 1024K, 63 young (64512K), 3 survivors (3072K)
 Metaspace       used 60335K, committed 61056K, reserved 1114112K
  class space    used 6356K, committed 6656K, reserved 1048576K
}
Event: 2,833 GC heap after
{Heap after GC invocations=13 (full 0):
 garbage-first heap   total 154624K, used 37764K [0x00000000e0000000, 0x0000000100000000)
  region size 1024K, 7 young (7168K), 7 survivors (7168K)
 Metaspace       used 60335K, committed 61056K, reserved 1114112K
  class space    used 6356K, committed 6656K, reserved 1048576K
}
Event: 4,006 GC heap before
{Heap before GC invocations=14 (full 0):
 garbage-first heap   total 133120K, used 130948K [0x00000000e0000000, 0x0000000100000000)
  region size 1024K, 61 young (62464K), 7 survivors (7168K)
 Metaspace       used 69751K, committed 70656K, reserved 1114112K
  class space    used 7419K, committed 7808K, reserved 1048576K
}
Event: 4,014 GC heap after
{Heap after GC invocations=15 (full 0):
 garbage-first heap   total 145408K, used 55614K [0x00000000e0000000, 0x0000000100000000)
  region size 1024K, 12 young (12288K), 12 survivors (12288K)
 Metaspace       used 69751K, committed 70656K, reserved 1114112K
  class space    used 7419K, committed 7808K, reserved 1048576K
}
Event: 4,316 GC heap before
{Heap before GC invocations=15 (full 0):
 garbage-first heap   total 157696K, used 155966K [0x00000000e0000000, 0x0000000100000000)
  region size 1024K, 42 young (43008K), 12 survivors (12288K)
 Metaspace       used 72840K, committed 73792K, reserved 1179648K
  class space    used 7740K, committed 8128K, reserved 1048576K
}
Event: 4,323 GC heap after
{Heap after GC invocations=16 (full 0):
 garbage-first heap   total 175104K, used 66459K [0x00000000e0000000, 0x0000000100000000)
  region size 1024K, 10 young (10240K), 10 survivors (10240K)
 Metaspace       used 72840K, committed 73792K, reserved 1179648K
  class space    used 7740K, committed 8128K, reserved 1048576K
}
Event: 4,331 GC heap before
{Heap before GC invocations=16 (full 0):
 garbage-first heap   total 175104K, used 82843K [0x00000000e0000000, 0x0000000100000000)
  region size 1024K, 12 young (12288K), 10 survivors (10240K)
 Metaspace       used 72997K, committed 73920K, reserved 1179648K
  class space    used 7767K, committed 8128K, reserved 1048576K
}
Event: 4,334 GC heap after
{Heap after GC invocations=17 (full 0):
 garbage-first heap   total 175104K, used 74340K [0x00000000e0000000, 0x0000000100000000)
  region size 1024K, 6 young (6144K), 6 survivors (6144K)
 Metaspace       used 72997K, committed 73920K, reserved 1179648K
  class space    used 7767K, committed 8128K, reserved 1048576K
}
Event: 4,336 GC heap before
{Heap before GC invocations=17 (full 0):
 garbage-first heap   total 175104K, used 82532K [0x00000000e0000000, 0x0000000100000000)
  region size 1024K, 7 young (7168K), 6 survivors (6144K)
 Metaspace       used 73019K, committed 74048K, reserved 1179648K
  class space    used 7770K, committed 8192K, reserved 1048576K
}
Event: 4,337 GC heap after
{Heap after GC invocations=18 (full 0):
 garbage-first heap   total 175104K, used 66939K [0x00000000e0000000, 0x0000000100000000)
  region size 1024K, 5 young (5120K), 5 survivors (5120K)
 Metaspace       used 73019K, committed 74048K, reserved 1179648K
  class space    used 7770K, committed 8192K, reserved 1048576K
}
Event: 4,347 GC heap before
{Heap before GC invocations=18 (full 0):
 garbage-first heap   total 175104K, used 79227K [0x00000000e0000000, 0x0000000100000000)
  region size 1024K, 6 young (6144K), 5 survivors (5120K)
 Metaspace       used 73105K, committed 74112K, reserved 1179648K
  class space    used 7784K, committed 8192K, reserved 1048576K
}
Event: 4,349 GC heap after
{Heap after GC invocations=19 (full 0):
 garbage-first heap   total 175104K, used 78944K [0x00000000e0000000, 0x0000000100000000)
  region size 1024K, 5 young (5120K), 5 survivors (5120K)
 Metaspace       used 73105K, committed 74112K, reserved 1179648K
  class space    used 7784K, committed 8192K, reserved 1048576K
}
Event: 4,350 GC heap before
{Heap before GC invocations=19 (full 0):
 garbage-first heap   total 175104K, used 87136K [0x00000000e0000000, 0x0000000100000000)
  region size 1024K, 6 young (6144K), 5 survivors (5120K)
 Metaspace       used 73108K, committed 74112K, reserved 1179648K
  class space    used 7785K, committed 8192K, reserved 1048576K
}
Event: 4,352 GC heap after
{Heap after GC invocations=20 (full 0):
 garbage-first heap   total 315392K, used 83440K [0x00000000e0000000, 0x0000000100000000)
  region size 1024K, 6 young (6144K), 6 survivors (6144K)
 Metaspace       used 73108K, committed 74112K, reserved 1179648K
  class space    used 7785K, committed 8192K, reserved 1048576K
}
Event: 4,368 GC heap before
{Heap before GC invocations=20 (full 0):
 garbage-first heap   total 315392K, used 140784K [0x00000000e0000000, 0x0000000100000000)
  region size 1024K, 7 young (7168K), 6 survivors (6144K)
 Metaspace       used 73232K, committed 74176K, reserved 1179648K
  class space    used 7808K, committed 8192K, reserved 1048576K
}
Event: 4,370 GC heap after
{Heap after GC invocations=21 (full 0):
 garbage-first heap   total 315392K, used 87126K [0x00000000e0000000, 0x0000000100000000)
  region size 1024K, 5 young (5120K), 5 survivors (5120K)
 Metaspace       used 73232K, committed 74176K, reserved 1179648K
  class space    used 7808K, committed 8192K, reserved 1048576K
}

Dll operation events (20 events):
Event: 1,064 Attempting to load shared library /opt/bitchord/lib/runtime/lib/libfontmanager.so
Event: 1,067 Loaded shared library /opt/bitchord/lib/runtime/lib/libfontmanager.so
Event: 2,413 Attempting to load shared library /tmp/libtmp11843364542213899945libjunixsocket-native-2.10.1.so
Event: 2,413 Loaded shared library /tmp/libtmp11843364542213899945libjunixsocket-native-2.10.1.so
Event: 2,480 Attempting to load shared library /opt/bitchord/lib/runtime/lib/libjaas.so
Event: 2,480 Loaded shared library /opt/bitchord/lib/runtime/lib/libjaas.so
Event: 3,114 Attempting to load shared library /tmp/quickjs_quickjs5055436125460504310.tmp
Event: 3,114 Loaded shared library /tmp/quickjs_quickjs5055436125460504310.tmp
Event: 4,168 Attempting to load shared library /home/delta/.openjfx/cache/21.0.10+2/amd64/libprism_es2.so
Event: 4,168 Loaded shared library /home/delta/.openjfx/cache/21.0.10+2/amd64/libprism_es2.so
Event: 4,226 Attempting to load shared library /home/delta/.openjfx/cache/21.0.10+2/amd64/libglass.so
Event: 4,226 Loaded shared library /home/delta/.openjfx/cache/21.0.10+2/amd64/libglass.so
Event: 4,236 Attempting to load shared library /home/delta/.openjfx/cache/21.0.10+2/amd64/libglassgtk3.so
Event: 4,236 Loaded shared library /home/delta/.openjfx/cache/21.0.10+2/amd64/libglassgtk3.so
Event: 5,198 Attempting to load shared library /home/delta/.openjfx/cache/21.0.10+2/amd64/libjfxwebkit.so
Event: 5,200 Loaded shared library /home/delta/.openjfx/cache/21.0.10+2/amd64/libjfxwebkit.so
Event: 5,217 Attempting to load shared library /home/delta/.openjfx/cache/21.0.10+2/amd64/libjavafx_font.so
Event: 5,217 Loaded shared library /home/delta/.openjfx/cache/21.0.10+2/amd64/libjavafx_font.so
Event: 5,222 Attempting to load shared library /home/delta/.openjfx/cache/21.0.10+2/amd64/libjavafx_font_freetype.so
Event: 5,222 Loaded shared library /home/delta/.openjfx/cache/21.0.10+2/amd64/libjavafx_font_freetype.so

Deoptimization events (20 events):
Event: 4,987 Thread 0x00007f4ec00b5a20 Uncommon trap: trap_request=0xffffffbe fr.pc=0x00007f4ed3764fd4 relative=0x0000000000000b34
Event: 4,987 Thread 0x00007f4ec00b5a20 Uncommon trap: reason=profile_predicate action=maybe_recompile pc=0x00007f4ed3764fd4 method=kotlinx.serialization.json.internal.StringJsonLexer.consumeKeyString()Ljava/lang/String; @ 188 c2
Event: 4,987 Thread 0x00007f4ec00b5a20 DEOPT PACKING pc=0x00007f4ed3764fd4 sp=0x00007f4e93f76970
Event: 4,987 Thread 0x00007f4ec00b5a20 DEOPT UNPACKING pc=0x00007f4ed2f8e619 sp=0x00007f4e93f768d8 mode 2
Event: 4,987 Thread 0x00007f4ec00b5a20 Uncommon trap: trap_request=0xffffffde fr.pc=0x00007f4ed37b4f8c relative=0x000000000000070c
Event: 4,987 Thread 0x00007f4ec00b5a20 Uncommon trap: reason=class_check action=maybe_recompile pc=0x00007f4ed37b4f8c method=java.util.regex.Pattern$BnM.match(Ljava/util/regex/Matcher;ILjava/lang/CharSequence;)Z @ 111 c2
Event: 4,987 Thread 0x00007f4ec00b5a20 DEOPT PACKING pc=0x00007f4ed37b4f8c sp=0x00007f4e93f76ec0
Event: 4,987 Thread 0x00007f4ec00b5a20 DEOPT UNPACKING pc=0x00007f4ed2f8e619 sp=0x00007f4e93f76e70 mode 2
Event: 5,002 Thread 0x00007f4ee2c4eef0 Uncommon trap: trap_request=0xffffff45 fr.pc=0x00007f4ed382a060 relative=0x0000000000000280
Event: 5,002 Thread 0x00007f4ee2c4eef0 Uncommon trap: reason=unstable_if action=reinterpret pc=0x00007f4ed382a060 method=java.security.DigestInputStream.read([BII)I @ 22 c2
Event: 5,002 Thread 0x00007f4ee2c4eef0 DEOPT PACKING pc=0x00007f4ed382a060 sp=0x00007f4e901f8d40
Event: 5,002 Thread 0x00007f4ee2c4eef0 DEOPT UNPACKING pc=0x00007f4ed2f8e619 sp=0x00007f4e901f8c98 mode 2
Event: 5,215 Thread 0x00007f4ee2c4eef0 Uncommon trap: trap_request=0xffffff45 fr.pc=0x00007f4ed3730614 relative=0x0000000000000df4
Event: 5,215 Thread 0x00007f4ee2c4eef0 Uncommon trap: reason=unstable_if action=reinterpret pc=0x00007f4ed3730614 method=java.lang.ref.ReferenceQueue.poll()Ljava/lang/ref/Reference; @ 4 c2
Event: 5,215 Thread 0x00007f4ee2c4eef0 DEOPT PACKING pc=0x00007f4ed3730614 sp=0x00007f4e901f6c80
Event: 5,215 Thread 0x00007f4ee2c4eef0 DEOPT UNPACKING pc=0x00007f4ed2f8e619 sp=0x00007f4e901f6a70 mode 2
Event: 5,219 Thread 0x00007f4ee2e28310 Uncommon trap: trap_request=0xffffff45 fr.pc=0x00007f4ed373d658 relative=0x0000000000000058
Event: 5,219 Thread 0x00007f4ee2e28310 Uncommon trap: reason=unstable_if action=reinterpret pc=0x00007f4ed373d658 method=java.lang.Thread.getAndClearInterrupt()Z @ 6 c2
Event: 5,219 Thread 0x00007f4ee2e28310 DEOPT PACKING pc=0x00007f4ed373d658 sp=0x00007f4e9323b5b0
Event: 5,219 Thread 0x00007f4ee2e28310 DEOPT UNPACKING pc=0x00007f4ed2f8e619 sp=0x00007f4e9323b508 mode 2

Classes loaded (20 events):
Event: 4,395 Loading class java/util/concurrent/Executors$DelegatedScheduledExecutorService
Event: 4,395 Loading class java/util/concurrent/Executors$DelegatedScheduledExecutorService done
Event: 4,395 Loading class java/util/concurrent/ScheduledThreadPoolExecutor$DelayedWorkQueue
Event: 4,395 Loading class java/util/concurrent/ScheduledThreadPoolExecutor$DelayedWorkQueue done
Event: 4,395 Loading class java/util/concurrent/RunnableScheduledFuture
Event: 4,395 Loading class java/util/concurrent/RunnableScheduledFuture done
Event: 4,402 Loading class java/net/CookieHandler
Event: 4,402 Loading class java/net/CookieHandler done
Event: 5,201 Loading class java/nio/file/InvalidPathException
Event: 5,201 Loading class java/nio/file/InvalidPathException done
Event: 5,214 Loading class java/io/FilenameFilter
Event: 5,214 Loading class java/io/FilenameFilter done
Event: 5,219 Loading class sun/awt/X11/XSystemTrayPeer
Event: 5,219 Loading class java/awt/peer/SystemTrayPeer
Event: 5,220 Loading class java/awt/peer/SystemTrayPeer done
Event: 5,220 Loading class sun/awt/X11/XSystemTrayPeer done
Event: 5,236 Loading class java/lang/Throwable$WrappedPrintStream
Event: 5,236 Loading class java/lang/Throwable$PrintStreamOrWriter
Event: 5,236 Loading class java/lang/Throwable$PrintStreamOrWriter done
Event: 5,236 Loading class java/lang/Throwable$WrappedPrintStream done

Classes unloaded (0 events):
No events

Classes redefined (0 events):
No events

Internal exceptions (20 events):
Event: 3,084 Thread 0x00007f4ee0fdac60 Exception <a 'java/lang/NoSuchMethodError'{0x00000000e6cd1150}: 'java.lang.Object java.lang.invoke.DirectMethodHandle$Holder.newInvokeSpecial(java.lang.Object, java.lang.Object, float, long)'> (0x00000000e6cd1150) 
thrown [src/hotspot/share/interpreter/linkResolver.cpp, line 772]
Event: 3,084 Thread 0x000055b1e0f18ca0 Exception <a 'java/lang/NoSuchMethodError'{0x00000000e70c7708}: 'java.lang.Object java.lang.invoke.DirectMethodHandle$Holder.invokeStatic(java.lang.Object, java.lang.Object, int, int)'> (0x00000000e70c7708) 
thrown [src/hotspot/share/interpreter/linkResolver.cpp, line 772]
Event: 3,084 Thread 0x00007f4ee0fdac60 Exception <a 'java/lang/NoSuchMethodError'{0x00000000e6cd8990}: 'java.lang.Object java.lang.invoke.Invokers$Holder.linkToTargetMethod(java.lang.Object, float, long, java.lang.Object)'> (0x00000000e6cd8990) 
thrown [src/hotspot/share/interpreter/linkResolver.cpp, line 772]
Event: 3,334 Thread 0x00007f4ee0fdac60 Exception <a 'java/lang/NoSuchMethodError'{0x00000000e64ebe08}: 'java.lang.Object java.lang.invoke.DirectMethodHandle$Holder.invokeStatic(java.lang.Object, java.lang.Object, int, java.lang.Object, java.lang.Object)'> (0x00000000e64ebe08) 
thrown [src/hotspot/share/interpreter/linkResolver.cpp, line 772]
Event: 3,787 Thread 0x00007f4ec47217c0 Exception <a 'java/lang/NoSuchMethodError'{0x00000000e5ac9f50}: 'int java.lang.invoke.DirectMethodHandle$Holder.invokeInterface(java.lang.Object, java.lang.Object, int)'> (0x00000000e5ac9f50) 
thrown [src/hotspot/share/interpreter/linkResolver.cpp, line 772]
Event: 3,788 Thread 0x00007f4ec47217c0 Implicit null exception at 0x00007f4ed362967b to 0x00007f4ed36298f0
Event: 3,803 Thread 0x00007f4ec47dada0 Exception <a 'java/lang/NoSuchMethodError'{0x00000000e59c8ef8}: 'java.lang.Object java.lang.invoke.DirectMethodHandle$Holder.invokeInterface(java.lang.Object, java.lang.Object, int, int, java.lang.Object)'> (0x00000000e59c8ef8) 
thrown [src/hotspot/share/interpreter/linkResolver.cpp, line 772]
Event: 3,803 Thread 0x00007f4ec47dada0 Exception <a 'java/lang/NoSuchMethodError'{0x00000000e59cc7e0}: 'java.lang.Object java.lang.invoke.DirectMethodHandle$Holder.invokeSpecial(java.lang.Object, java.lang.Object, java.lang.Object, int, int, java.lang.Object)'> (0x00000000e59cc7e0) 
thrown [src/hotspot/share/interpreter/linkResolver.cpp, line 772]
Event: 3,803 Thread 0x00007f4ec47dada0 Exception <a 'java/lang/NoSuchMethodError'{0x00000000e59d0040}: 'java.lang.Object java.lang.invoke.DelegatingMethodHandle$Holder.reinvoke_L(java.lang.Object, java.lang.Object, int, int, java.lang.Object)'> (0x00000000e59d0040) 
thrown [src/hotspot/share/interpreter/linkResolver.cpp, line 772]
Event: 3,804 Thread 0x00007f4ec47dada0 Exception <a 'java/lang/NoSuchMethodError'{0x00000000e59de1a8}: 'java.lang.Object java.lang.invoke.Invokers$Holder.invokeExact_MT(java.lang.Object, java.lang.Object, java.lang.Object, java.lang.Object, java.lang.Object, java.lang.Object)'> (0x00000000e59de1a8) 
thrown [src/hotspot/share/interpreter/linkResolver.cpp, line 772]
Event: 3,813 Thread 0x00007f4ec4862bb0 Exception <a 'java/lang/NoSuchMethodError'{0x00000000e5807be8}: 'void java.lang.invoke.DelegatingMethodHandle$Holder.reinvoke_L(java.lang.Object, java.lang.Object, int, java.lang.Object, java.lang.Object, java.lang.Object)'> (0x00000000e5807be8) 
thrown [src/hotspot/share/interpreter/linkResolver.cpp, line 772]
Event: 3,870 Thread 0x00007f4ee0ad48f0 Exception <a 'sun/nio/fs/UnixException'{0x00000000e49da260}> (0x00000000e49da260) 
thrown [src/hotspot/share/prims/jni.cpp, line 520]
Event: 3,896 Thread 0x00007f4ee0fdac60 Exception <a 'java/lang/NoSuchMethodError'{0x00000000e48824c0}: 'java.lang.Object java.lang.invoke.DirectMethodHandle$Holder.newInvokeSpecial(java.lang.Object, java.lang.Object, java.lang.Object, java.lang.Object, java.lang.Object, java.lang.Object, int)'> (0x00000000e48824c0) 
thrown [src/hotspot/share/interpreter/linkResolver.cpp, line 772]
Event: 3,897 Thread 0x00007f4ee0fdac60 Exception <a 'java/lang/NoSuchMethodError'{0x00000000e4886bf0}: 'java.lang.Object java.lang.invoke.DirectMethodHandle$Holder.invokeSpecial(java.lang.Object, java.lang.Object, java.lang.Object, java.lang.Object, java.lang.Object, java.lang.Object, java.lang.Object, int)'> (0x00000000e4886bf0) 
thrown [src/hotspot/share/interpreter/linkResolver.cpp, line 772]
Event: 3,977 Thread 0x00007f4ee0fdac60 Exception <a 'java/lang/NoSuchMethodError'{0x00000000e438e700}: 'java.lang.Object java.lang.invoke.DirectMethodHandle$Holder.newInvokeSpecial(java.lang.Object, double, java.lang.Object)'> (0x00000000e438e700) 
thrown [src/hotspot/share/interpreter/linkResolver.cpp, line 772]
Event: 3,992 Thread 0x00007f4ee0ad48f0 Exception <a 'sun/nio/fs/UnixException'{0x00000000e4268470}> (0x00000000e4268470) 
thrown [src/hotspot/share/prims/jni.cpp, line 520]
Event: 4,105 Thread 0x00007f4ec00b5a20 Exception <a 'java/lang/ClassNotFoundException'{0x00000000e7805288}: sun/util/logging/resources/spi/loggingProvider> (0x00000000e7805288) 
thrown [src/hotspot/share/classfile/systemDictionary.cpp, line 313]
Event: 4,339 Thread 0x00007f4ee2c4eef0 Implicit null exception at 0x00007f4ed352ee02 to 0x00007f4ed352f194
Event: 5,153 Thread 0x00007f4ec00b5a20 Exception <a 'java/io/IOException'{0x00000000f1cbd338}> (0x00000000f1cbd338) 
thrown [src/hotspot/share/prims/jni.cpp, line 520]
Event: 5,218 Thread 0x00007f4ee217c5c0 Exception <a 'java/lang/InterruptedException'{0x00000000f1a2dd80}: sleep interrupted> (0x00000000f1a2dd80) 
thrown [src/hotspot/share/prims/jvm.cpp, line 3087]

ZGC Phase Switch (0 events):
No events

VM Operations (20 events):
Event: 3,773 Executing safepoint VM operation: ICBufferFull
Event: 3,773 Executing safepoint VM operation: ICBufferFull done
Event: 4,006 Executing safepoint VM operation: G1CollectForAllocation (G1 Evacuation Pause)
Event: 4,014 Executing safepoint VM operation: G1CollectForAllocation (G1 Evacuation Pause) done
Event: 4,148 Executing non-safepoint VM operation: HandshakeAllThreads (Deoptimize)
Event: 4,148 Executing non-safepoint VM operation: HandshakeAllThreads (Deoptimize) done
Event: 4,158 Executing safepoint VM operation: ICBufferFull
Event: 4,158 Executing safepoint VM operation: ICBufferFull done
Event: 4,316 Executing safepoint VM operation: G1CollectForAllocation (G1 Evacuation Pause)
Event: 4,323 Executing safepoint VM operation: G1CollectForAllocation (G1 Evacuation Pause) done
Event: 4,331 Executing safepoint VM operation: G1TryInitiateConcMark (G1 Humongous Allocation)
Event: 4,334 Executing safepoint VM operation: G1TryInitiateConcMark (G1 Humongous Allocation) done
Event: 4,336 Executing safepoint VM operation: G1TryInitiateConcMark (G1 Humongous Allocation)
Event: 4,337 Executing safepoint VM operation: G1TryInitiateConcMark (G1 Humongous Allocation) done
Event: 4,347 Executing safepoint VM operation: G1TryInitiateConcMark (G1 Humongous Allocation)
Event: 4,349 Executing safepoint VM operation: G1TryInitiateConcMark (G1 Humongous Allocation) done
Event: 4,350 Executing safepoint VM operation: G1TryInitiateConcMark (G1 Humongous Allocation)
Event: 4,352 Executing safepoint VM operation: G1TryInitiateConcMark (G1 Humongous Allocation) done
Event: 4,368 Executing safepoint VM operation: G1TryInitiateConcMark (G1 Humongous Allocation)
Event: 4,370 Executing safepoint VM operation: G1TryInitiateConcMark (G1 Humongous Allocation) done

Memory protections (20 events):
Event: 3,307 Protecting memory [0x00007f4e93f7a000,0x00007f4e93f7e000] with protection modes 0
Event: 3,307 Protecting memory [0x00007f4e93e79000,0x00007f4e93e7d000] with protection modes 0
Event: 3,308 Protecting memory [0x00007f4e93d78000,0x00007f4e93d7c000] with protection modes 0
Event: 3,308 Protecting memory [0x00007f4e93c77000,0x00007f4e93c7b000] with protection modes 0
Event: 3,308 Protecting memory [0x00007f4e93b76000,0x00007f4e93b7a000] with protection modes 0
Event: 3,309 Protecting memory [0x00007f4e93a75000,0x00007f4e93a79000] with protection modes 0
Event: 3,321 Protecting memory [0x00007f4e93974000,0x00007f4e93978000] with protection modes 0
Event: 3,783 Protecting memory [0x00007f4e937f3000,0x00007f4e937f7000] with protection modes 0
Event: 3,786 Protecting memory [0x00007f4e936f2000,0x00007f4e936f6000] with protection modes 0
Event: 3,802 Protecting memory [0x00007f4e935f1000,0x00007f4e935f5000] with protection modes 0
Event: 3,829 Protecting memory [0x00007f4e934f0000,0x00007f4e934f4000] with protection modes 0
Event: 4,149 Protecting memory [0x00007f4e9313d000,0x00007f4e93141000] with protection modes 0
Event: 4,252 Protecting memory [0x00007f4e92500000,0x00007f4e92504000] with protection modes 0
Event: 4,253 Protecting memory [0x00007f4e900fc000,0x00007f4e90100000] with protection modes 0
Event: 5,218 Protecting memory [0x00007f4e962fa000,0x00007f4e962fe000] with protection modes 0
Event: 5,218 Protecting memory [0x00007f4e963fb000,0x00007f4e963ff000] with protection modes 0
Event: 5,218 Protecting memory [0x00007f4e934f0000,0x00007f4e934f4000] with protection modes 0
Event: 5,219 Protecting memory [0x00007f4e8a65d000,0x00007f4e8a661000] with protection modes 0
Event: 5,219 Protecting memory [0x00007f4e8a300000,0x00007f4e8a304000] with protection modes 0
Event: 5,219 Protecting memory [0x00007f4eca3f7000,0x00007f4eca3fb000] with protection modes 0

Nmethod flushes (20 events):
Event: 2,841 Thread 0x00007f4ee0201720 flushing  nmethod 0x00007f4ed3549810
Event: 2,841 Thread 0x00007f4ee0201720 flushing  nmethod 0x00007f4ed3549c10
Event: 2,841 Thread 0x00007f4ee0201720 flushing  nmethod 0x00007f4ecbad7710
Event: 2,841 Thread 0x00007f4ee0201720 flushing  nmethod 0x00007f4ecbad9b90
Event: 2,841 Thread 0x00007f4ee0201720 flushing  nmethod 0x00007f4ecbd18690
Event: 2,841 Thread 0x00007f4ee0201720 flushing  nmethod 0x00007f4ecbd4c410
Event: 2,841 Thread 0x00007f4ee0201720 flushing  nmethod 0x00007f4ecbd52b90
Event: 2,841 Thread 0x00007f4ee0201720 flushing  nmethod 0x00007f4ecbd54590
Event: 2,841 Thread 0x00007f4ee0201720 flushing  nmethod 0x00007f4ed3523390
Event: 2,841 Thread 0x00007f4ee0201720 flushing  nmethod 0x00007f4ed354c390
Event: 2,841 Thread 0x00007f4ee0201720 flushing  nmethod 0x00007f4ed354ea10
Event: 2,841 Thread 0x00007f4ee0201720 flushing  nmethod 0x00007f4ecba04490
Event: 2,841 Thread 0x00007f4ee0201720 flushing  nmethod 0x00007f4ecba06410
Event: 2,841 Thread 0x00007f4ee0201720 flushing  nmethod 0x00007f4ecba4de10
Event: 2,841 Thread 0x00007f4ee0201720 flushing  nmethod 0x00007f4ecba7e690
Event: 2,841 Thread 0x00007f4ee0201720 flushing  nmethod 0x00007f4ecba80290
Event: 2,841 Thread 0x00007f4ee0201720 flushing  nmethod 0x00007f4ecba80890
Event: 2,841 Thread 0x00007f4ee0201720 flushing  nmethod 0x00007f4ecba81b10
Event: 2,841 Thread 0x00007f4ee0201720 flushing  nmethod 0x00007f4ecba82c90
Event: 2,841 Thread 0x00007f4ee0201720 flushing  nmethod 0x00007f4ecbab6290

Events (20 events):
Event: 4,149 Thread 0x00007f4ec00b5a20 Thread added: 0x00007f4ee2e28310
Event: 4,252 Thread 0x00007f4ec00b5a20 Thread added: 0x00007f4e8c4222c0
Event: 4,253 Thread 0x00007f4ec00b5a20 Thread added: 0x00007f4ee2c4eef0
Event: 4,703 Thread 0x00007f4e8c01fe10 Thread exited: 0x00007f4e8c01fe10
Event: 4,703 Thread 0x00007f4ee2117980 Thread exited: 0x00007f4ee2117980
Event: 5,218 Thread 0x00007f4ee217c5c0 Thread exited: 0x00007f4ee217c5c0
Event: 5,218 Thread 0x00007f4ee0fdac60 Thread added: 0x00007f4e8d89a520
Event: 5,218 Thread 0x00007f4ee0fdac60 Thread added: 0x00007f4e8e0ee0f0
Event: 5,218 Thread 0x00007f4ee0fdac60 Thread added: 0x00007f4e8d80b130
Event: 5,219 Thread 0x00007f4ee0fdac60 Thread added: 0x00007f4e8cdd99d0
Event: 5,219 Thread 0x00007f4ee0fdac60 Thread added: 0x00007f4e8db14ee0
Event: 5,219 Thread 0x00007f4e8d89a520 Thread exited: 0x00007f4e8d89a520
Event: 5,219 Thread 0x00007f4e8db14ee0 Thread exited: 0x00007f4e8db14ee0
Event: 5,219 Thread 0x00007f4ee096d9f0 Thread exited: 0x00007f4ee096d9f0
Event: 5,219 Thread 0x00007f4ee0fdac60 Thread added: 0x00007f4e8d89a520
Event: 5,219 Thread 0x00007f4e8e0ee0f0 Thread exited: 0x00007f4e8e0ee0f0
Event: 5,219 Thread 0x00007f4ee2e28310 Thread exited: 0x00007f4ee2e28310
Event: 5,219 Thread 0x00007f4e8d89a520 Thread exited: 0x00007f4e8d89a520
Event: 5,220 Thread 0x00007f4e8d80b130 Thread exited: 0x00007f4e8d80b130
Event: 5,237 Thread 0x00007f4ee025a430 Thread added: 0x00007f4e8de59100


Dynamic libraries:
e0000000-f2d00000 rw-p 00000000 00:00 0 
f2d00000-ff900000 ---p 00000000 00:00 0 
ff900000-100040000 rw-p 00000000 00:00 0 
100040000-1000c0000 rw-p 00000000 00:00 0 
1000c0000-1000e0000 rw-p 00000000 00:00 0 
1000e0000-100100000 rw-p 00000000 00:00 0 
100100000-100160000 rw-p 00000000 00:00 0 
100160000-1001c0000 rw-p 00000000 00:00 0 
1001c0000-1001e0000 rw-p 00000000 00:00 0 
1001e0000-1002c0000 rw-p 00000000 00:00 0 
1002c0000-100300000 rw-p 00000000 00:00 0 
100300000-100340000 rw-p 00000000 00:00 0 
100340000-100380000 rw-p 00000000 00:00 0 
100380000-1003e0000 rw-p 00000000 00:00 0 
1003e0000-100400000 rw-p 00000000 00:00 0 
100400000-100440000 rw-p 00000000 00:00 0 
100440000-100480000 rw-p 00000000 00:00 0 
100480000-1005c0000 rw-p 00000000 00:00 0 
1005c0000-1005f0000 rw-p 00000000 00:00 0 
1005f0000-100600000 ---p 00000000 00:00 0 
100600000-100840000 rw-p 00000000 00:00 0 
100840000-140000000 ---p 00000000 00:00 0 
55b1cfaed000-55b1cfaf0000 r-xp 00000000 00:23 42072980                   /opt/bitchord/bin/BitChord
55b1cfaf0000-55b1cfaf1000 r--p 00002000 00:23 42072980                   /opt/bitchord/bin/BitChord
55b1cfaf1000-55b1cfaf2000 rw-p 00003000 00:23 42072980                   /opt/bitchord/bin/BitChord
55b1e0e7a000-55b1e1ab3000 rw-p 00000000 00:00 0                          [heap]
7f4d00000000-7f4e00000000 rw-p 00000000 00:00 0 
7f4e3cbfe000-7f4e7cc00000 rwxp 00000000 00:00 0 
7f4e7cc00000-7f4e83b3c000 r-xp 00000000 00:23 8092079                    /home/delta/.openjfx/cache/21.0.10+2/amd64/libjfxwebkit.so
7f4e83b3c000-7f4e83b3d000 ---p 06f3c000 00:23 8092079                    /home/delta/.openjfx/cache/21.0.10+2/amd64/libjfxwebkit.so
7f4e83b3d000-7f4e83dc7000 r--p 06f3c000 00:23 8092079                    /home/delta/.openjfx/cache/21.0.10+2/amd64/libjfxwebkit.so
7f4e83dc7000-7f4e83de6000 rw-p 071c6000 00:23 8092079                    /home/delta/.openjfx/cache/21.0.10+2/amd64/libjfxwebkit.so
7f4e83de6000-7f4e83e24000 rw-p 00000000 00:00 0 
7f4e83ffc000-7f4e86000000 rw-p 00000000 00:00 0 
7f4e86000000-7f4e861f0000 rw-p 00000000 00:00 0 
7f4e861f0000-7f4e8a000000 ---p 00000000 00:00 0 
7f4e8a2ff000-7f4e8a300000 rw-p 00000000 00:00 0 
7f4e8a300000-7f4e8a304000 ---p 00000000 00:00 0 
7f4e8a304000-7f4e8a400000 rw-p 00000000 00:00 0 
7f4e8a400000-7f4e8a601000 rw-s 00000000 00:23 568                        /home/delta/.cache/mesa_shader_cache/index
7f4e8a65c000-7f4e8a65d000 rw-p 00000000 00:00 0 
7f4e8a65d000-7f4e8a661000 ---p 00000000 00:00 0 
7f4e8a661000-7f4e8a75d000 rw-p 00000000 00:00 0 
7f4e8a75d000-7f4e8a7dd000 rw-s 10a0b3000 00:11 2114                      anon_inode:i915.gem
7f4e8a7dd000-7f4e8a7fd000 rw-s 10a093000 00:11 2114                      anon_inode:i915.gem
7f4e8a7fd000-7f4e8c000000 rw-p 00000000 00:00 0 
7f4e8c000000-7f4e8edc4000 rw-p 00000000 00:00 0 
7f4e8edc4000-7f4e90000000 ---p 00000000 00:00 0 
7f4e90004000-7f4e90009000 r-xp 00000000 00:23 8092081                    /home/delta/.openjfx/cache/21.0.10+2/amd64/libjavafx_font_freetype.so
7f4e90009000-7f4e9000a000 r--p 00004000 00:23 8092081                    /home/delta/.openjfx/cache/21.0.10+2/amd64/libjavafx_font_freetype.so
7f4e9000a000-7f4e9000b000 rw-p 00005000 00:23 8092081                    /home/delta/.openjfx/cache/21.0.10+2/amd64/libjavafx_font_freetype.so
7f4e9000b000-7f4e9001b000 rw-s 108771000 00:11 2114                      anon_inode:i915.gem
7f4e9001b000-7f4e9003b000 rw-s 10a073000 00:11 2114                      anon_inode:i915.gem
7f4e9003b000-7f4e9005b000 rw-s 10a053000 00:11 2114                      anon_inode:i915.gem
7f4e9005b000-7f4e9007b000 rw-s 10a033000 00:11 2114                      anon_inode:i915.gem
7f4e9007b000-7f4e9009b000 rw-s 10a013000 00:11 2114                      anon_inode:i915.gem
7f4e9009b000-7f4e900bb000 rw-s 109ff3000 00:11 2114                      anon_inode:i915.gem
7f4e900bb000-7f4e900db000 rw-s 109fd3000 00:11 2114                      anon_inode:i915.gem
7f4e900db000-7f4e900fb000 rw-s 10559c000 00:11 2114                      anon_inode:i915.gem
7f4e900fb000-7f4e900fc000 rw-p 00000000 00:00 0 
7f4e900fc000-7f4e90100000 ---p 00000000 00:00 0 
7f4e90100000-7f4e92200000 rw-p 00000000 00:00 0 
7f4e92200000-7f4e92401000 rw-s 00000000 00:23 568                        /home/delta/.cache/mesa_shader_cache/index
7f4e92402000-7f4e92403000 r--p 00000000 00:23 38311801                   /usr/lib/gtk-3.0/modules/libwindow-decorations-gtk-module.so
7f4e92403000-7f4e92404000 r-xp 00001000 00:23 38311801                   /usr/lib/gtk-3.0/modules/libwindow-decorations-gtk-module.so
7f4e92404000-7f4e92405000 r--p 00002000 00:23 38311801                   /usr/lib/gtk-3.0/modules/libwindow-decorations-gtk-module.so
7f4e92405000-7f4e92406000 r--p 00002000 00:23 38311801                   /usr/lib/gtk-3.0/modules/libwindow-decorations-gtk-module.so
7f4e92406000-7f4e92407000 rw-p 00003000 00:23 38311801                   /usr/lib/gtk-3.0/modules/libwindow-decorations-gtk-module.so
7f4e92407000-7f4e92427000 rw-s 10557c000 00:11 2114                      anon_inode:i915.gem
7f4e92427000-7f4e92447000 rw-s 10555c000 00:11 2114                      anon_inode:i915.gem
7f4e92447000-7f4e92467000 rw-s 10553c000 00:11 2114                      anon_inode:i915.gem
7f4e92467000-7f4e92487000 rw-s 10551c000 00:11 2114                      anon_inode:i915.gem
7f4e92487000-7f4e924a7000 rw-s 111d71000 00:11 2114                      anon_inode:i915.gem
7f4e924a7000-7f4e924e7000 rw-s 1054dc000 00:11 2114                      anon_inode:i915.gem
7f4e924e7000-7f4e924ec000 r--p 00000000 00:23 38705130                   /usr/lib/libxfce4util.so.7.0.0
7f4e924ec000-7f4e924f7000 r-xp 00005000 00:23 38705130                   /usr/lib/libxfce4util.so.7.0.0
7f4e924f7000-7f4e924fc000 r--p 00010000 00:23 38705130                   /usr/lib/libxfce4util.so.7.0.0
7f4e924fc000-7f4e924fd000 r--p 00015000 00:23 38705130                   /usr/lib/libxfce4util.so.7.0.0
7f4e924fd000-7f4e924fe000 rw-p 00016000 00:23 38705130                   /usr/lib/libxfce4util.so.7.0.0
7f4e924fe000-7f4e924ff000 rw-p 00000000 00:00 0 
7f4e924ff000-7f4e92500000 rw-p 00000000 00:00 0 
7f4e92500000-7f4e92504000 ---p 00000000 00:00 0 
7f4e92504000-7f4e92600000 rw-p 00000000 00:00 0 
7f4e92600000-7f4e9302e000 r--p 00000000 00:23 188714                     /usr/share/fonts/noto/NotoColorEmoji.ttf
7f4e93030000-7f4e93031000 r--p 00000000 00:23 38311800                   /usr/lib/gtk-3.0/modules/libcolorreload-gtk-module.so
7f4e93031000-7f4e93032000 r-xp 00001000 00:23 38311800                   /usr/lib/gtk-3.0/modules/libcolorreload-gtk-module.so
7f4e93032000-7f4e93033000 r--p 00002000 00:23 38311800                   /usr/lib/gtk-3.0/modules/libcolorreload-gtk-module.so
7f4e93033000-7f4e93034000 r--p 00002000 00:23 38311800                   /usr/lib/gtk-3.0/modules/libcolorreload-gtk-module.so
7f4e93034000-7f4e93035000 rw-p 00003000 00:23 38311800                   /usr/lib/gtk-3.0/modules/libcolorreload-gtk-module.so
7f4e93035000-7f4e93036000 rw-s 00000000 00:01 134496                     /memfd:xshmfence (deleted)
7f4e93036000-7f4e93037000 rw-s 107ef7000 00:11 2114                      anon_inode:i915.gem
7f4e93037000-7f4e9303f000 rw-s 114dcc000 00:11 2114                      anon_inode:i915.gem
7f4e9303f000-7f4e93040000 r--p 00000000 00:23 8041422                    /home/delta/.config/dconf/user
7f4e93040000-7f4e93045000 r--p 00000000 00:23 38705255                   /usr/lib/libxfconf-0.so.3.0.0
7f4e93045000-7f4e93050000 r-xp 00005000 00:23 38705255                   /usr/lib/libxfconf-0.so.3.0.0
7f4e93050000-7f4e93055000 r--p 00010000 00:23 38705255                   /usr/lib/libxfconf-0.so.3.0.0
7f4e93055000-7f4e93056000 r--p 00015000 00:23 38705255                   /usr/lib/libxfconf-0.so.3.0.0
7f4e93056000-7f4e93057000 rw-p 00016000 00:23 38705255                   /usr/lib/libxfconf-0.so.3.0.0
7f4e93057000-7f4e9305a000 r--p 00000000 00:23 38705251                   /usr/lib/gio/modules/libxfconfgsettingsbackend.so
7f4e9305a000-7f4e9305c000 r-xp 00003000 00:23 38705251                   /usr/lib/gio/modules/libxfconfgsettingsbackend.so
7f4e9305c000-7f4e9305d000 r--p 00005000 00:23 38705251                   /usr/lib/gio/modules/libxfconfgsettingsbackend.so
7f4e9305d000-7f4e9305e000 r--p 00006000 00:23 38705251                   /usr/lib/gio/modules/libxfconfgsettingsbackend.so
7f4e9305e000-7f4e9305f000 rw-p 00007000 00:23 38705251                   /usr/lib/gio/modules/libxfconfgsettingsbackend.so
7f4e9305f000-7f4e93063000 r--p 00000000 00:23 41458907                   /usr/lib/gio/modules/libdconfsettings.so
7f4e93063000-7f4e9306a000 r-xp 00004000 00:23 41458907                   /usr/lib/gio/modules/libdconfsettings.so
7f4e9306a000-7f4e9306d000 r--p 0000b000 00:23 41458907                   /usr/lib/gio/modules/libdconfsettings.so
7f4e9306d000-7f4e9306e000 r--p 0000d000 00:23 41458907                   /usr/lib/gio/modules/libdconfsettings.so
7f4e9306e000-7f4e9306f000 rw-p 0000e000 00:23 41458907                   /usr/lib/gio/modules/libdconfsettings.so
7f4e9306f000-7f4e9307d000 r--p 00000000 00:23 41483347                   /usr/share/glib-2.0/schemas/gschemas.compiled
7f4e9307d000-7f4e9307e000 r--p 00000000 00:23 41458744                   /usr/lib/libgthread-2.0.so.0.9000.1
7f4e9307e000-7f4e9307f000 r-xp 00001000 00:23 41458744                   /usr/lib/libgthread-2.0.so.0.9000.1
7f4e9307f000-7f4e93080000 r--p 00002000 00:23 41458744                   /usr/lib/libgthread-2.0.so.0.9000.1
7f4e93080000-7f4e93081000 r--p 00002000 00:23 41458744                   /usr/lib/libgthread-2.0.so.0.9000.1
7f4e93081000-7f4e93082000 rw-p 00003000 00:23 41458744                   /usr/lib/libgthread-2.0.so.0.9000.1
7f4e93082000-7f4e930c5000 r-xp 00000000 00:23 8092078                    /home/delta/.openjfx/cache/21.0.10+2/amd64/libglassgtk3.so
7f4e930c5000-7f4e930c6000 ---p 00043000 00:23 8092078                    /home/delta/.openjfx/cache/21.0.10+2/amd64/libglassgtk3.so
7f4e930c6000-7f4e930c8000 r--p 00043000 00:23 8092078                    /home/delta/.openjfx/cache/21.0.10+2/amd64/libglassgtk3.so
7f4e930c8000-7f4e930ca000 rw-p 00045000 00:23 8092078                    /home/delta/.openjfx/cache/21.0.10+2/amd64/libglassgtk3.so
7f4e930ca000-7f4e930cb000 r-xp 00000000 00:23 8092077                    /home/delta/.openjfx/cache/21.0.10+2/amd64/libglass.so
7f4e930cb000-7f4e930cc000 ---p 00001000 00:23 8092077                    /home/delta/.openjfx/cache/21.0.10+2/amd64/libglass.so
7f4e930cc000-7f4e930cd000 r--p 00001000 00:23 8092077                    /home/delta/.openjfx/cache/21.0.10+2/amd64/libglass.so
7f4e930cd000-7f4e930ce000 rw-p 00002000 00:23 8092077                    /home/delta/.openjfx/cache/21.0.10+2/amd64/libglass.so
7f4e930ce000-7f4e930ee000 rw-s 111d51000 00:11 2114                      anon_inode:i915.gem
7f4e930ee000-7f4e9310e000 rw-s 111d31000 00:11 2114                      anon_inode:i915.gem
7f4e9310e000-7f4e9312e000 rw-s 111d11000 00:11 2114                      anon_inode:i915.gem
7f4e9312e000-7f4e9313a000 r-xp 00000000 00:23 8092076                    /home/delta/.openjfx/cache/21.0.10+2/amd64/libprism_es2.so
7f4e9313a000-7f4e9313b000 r--p 0000b000 00:23 8092076                    /home/delta/.openjfx/cache/21.0.10+2/amd64/libprism_es2.so
7f4e9313b000-7f4e9313c000 rw-p 0000c000 00:23 8092076                    /home/delta/.openjfx/cache/21.0.10+2/amd64/libprism_es2.so
7f4e9313c000-7f4e9313d000 rw-p 00000000 00:00 0 
7f4e9313d000-7f4e93141000 ---p 00000000 00:00 0 
7f4e93141000-7f4e9323d000 rw-p 00000000 00:00 0 
7f4e9323d000-7f4e9325d000 rw-s 111cf1000 00:11 2114                      anon_inode:i915.gem
7f4e9325d000-7f4e9327d000 rw-s 111cd1000 00:11 2114                      anon_inode:i915.gem
7f4e9327d000-7f4e9329d000 rw-s 111cb1000 00:11 2114                      anon_inode:i915.gem
7f4e9329d000-7f4e932bd000 rw-s 10d217000 00:11 2114                      anon_inode:i915.gem
7f4e932bd000-7f4e934ef000 rw-p 00000000 00:00 0 
7f4e934ef000-7f4e934f0000 rw-p 00000000 00:00 0 
7f4e934f0000-7f4e934f4000 ---p 00000000 00:00 0 
7f4e934f4000-7f4e935f1000 rw-p 00000000 00:00 0 
7f4e935f1000-7f4e935f5000 ---p 00000000 00:00 0 
7f4e935f5000-7f4e936f2000 rw-p 00000000 00:00 0 
7f4e936f2000-7f4e936f6000 ---p 00000000 00:00 0 
7f4e936f6000-7f4e937f3000 rw-p 00000000 00:00 0 
7f4e937f3000-7f4e937f7000 ---p 00000000 00:00 0 
7f4e937f7000-7f4e938f3000 rw-p 00000000 00:00 0 
7f4e938f3000-7f4e93973000 rw-s 10d177000 00:11 2114                      anon_inode:i915.gem
7f4e93973000-7f4e93974000 rw-p 00000000 00:00 0 
7f4e93974000-7f4e93978000 ---p 00000000 00:00 0 
7f4e93978000-7f4e93a75000 rw-p 00000000 00:00 0 
7f4e93a75000-7f4e93a79000 ---p 00000000 00:00 0 
7f4e93a79000-7f4e93b76000 rw-p 00000000 00:00 0 
7f4e93b76000-7f4e93b7a000 ---p 00000000 00:00 0 
7f4e93b7a000-7f4e93c77000 rw-p 00000000 00:00 0 
7f4e93c77000-7f4e93c7b000 ---p 00000000 00:00 0 
7f4e93c7b000-7f4e93d78000 rw-p 00000000 00:00 0 
7f4e93d78000-7f4e93d7c000 ---p 00000000 00:00 0 
7f4e93d7c000-7f4e93e79000 rw-p 00000000 00:00 0 
7f4e93e79000-7f4e93e7d000 ---p 00000000 00:00 0 
7f4e93e7d000-7f4e93f7a000 rw-p 00000000 00:00 0 
7f4e93f7a000-7f4e93f7e000 ---p 00000000 00:00 0 
7f4e93f7e000-7f4e9407b000 rw-p 00000000 00:00 0 
7f4e9407b000-7f4e9407f000 ---p 00000000 00:00 0 
7f4e9407f000-7f4e9417c000 rw-p 00000000 00:00 0 
7f4e9417c000-7f4e94180000 ---p 00000000 00:00 0 
7f4e94180000-7f4e9427d000 rw-p 00000000 00:00 0 
7f4e9427d000-7f4e94281000 ---p 00000000 00:00 0 
7f4e94281000-7f4e9437e000 rw-p 00000000 00:00 0 
7f4e9437e000-7f4e94382000 ---p 00000000 00:00 0 
7f4e94382000-7f4e9447f000 rw-p 00000000 00:00 0 
7f4e9447f000-7f4e94483000 ---p 00000000 00:00 0 
7f4e94483000-7f4e94580000 rw-p 00000000 00:00 0 
7f4e94580000-7f4e94584000 ---p 00000000 00:00 0 
7f4e94584000-7f4e94680000 rw-p 00000000 00:00 0 
7f4e94680000-7f4e94880000 rw-s 10ebed000 00:11 2114                      anon_inode:i915.gem
7f4e94880000-7f4e948c9000 r--p 00000000 00:3c 173289                     /tmp/quickjs_quickjs5055436125460504310.tmp
7f4e948c9000-7f4e9496b000 r-xp 00048000 00:3c 173289                     /tmp/quickjs_quickjs5055436125460504310.tmp
7f4e9496b000-7f4e94972000 r--p 000e9000 00:3c 173289                     /tmp/quickjs_quickjs5055436125460504310.tmp
7f4e94972000-7f4e94974000 rw-p 000ef000 00:3c 173289                     /tmp/quickjs_quickjs5055436125460504310.tmp
7f4e94974000-7f4e94975000 rw-p 00000000 00:00 0 
7f4e94975000-7f4e94976000 rw-p 00000000 00:00 0 
7f4e94976000-7f4e9497a000 ---p 00000000 00:00 0 
7f4e9497a000-7f4e94a76000 rw-p 00000000 00:00 0 
7f4e94a76000-7f4e95106000 rw-p 00000000 00:00 0 
7f4e95106000-7f4e95107000 rw-p 00000000 00:00 0 
7f4e95107000-7f4e9510b000 ---p 00000000 00:00 0 
7f4e9510b000-7f4e95208000 rw-p 00000000 00:00 0 
7f4e95208000-7f4e9520c000 ---p 00000000 00:00 0 
7f4e9520c000-7f4e95309000 rw-p 00000000 00:00 0 
7f4e95309000-7f4e9530d000 ---p 00000000 00:00 0 
7f4e9530d000-7f4e9540a000 rw-p 00000000 00:00 0 
7f4e9540a000-7f4e9540e000 ---p 00000000 00:00 0 
7f4e9540e000-7f4e9550b000 rw-p 00000000 00:00 0 
7f4e9550b000-7f4e9550f000 ---p 00000000 00:00 0 
7f4e9550f000-7f4e9560c000 rw-p 00000000 00:00 0 
7f4e9560c000-7f4e95610000 ---p 00000000 00:00 0 
7f4e95610000-7f4e9570d000 rw-p 00000000 00:00 0 
7f4e9570d000-7f4e95711000 ---p 00000000 00:00 0 
7f4e95711000-7f4e9580e000 rw-p 00000000 00:00 0 
7f4e9580e000-7f4e95812000 ---p 00000000 00:00 0 
7f4e95812000-7f4e9590f000 rw-p 00000000 00:00 0 
7f4e9590f000-7f4e95913000 ---p 00000000 00:00 0 
7f4e95913000-7f4e95a10000 rw-p 00000000 00:00 0 
7f4e95a10000-7f4e95a14000 ---p 00000000 00:00 0 
7f4e95a14000-7f4e95b11000 rw-p 00000000 00:00 0 
7f4e95b11000-7f4e95b15000 ---p 00000000 00:00 0 
7f4e95b15000-7f4e95c12000 rw-p 00000000 00:00 0 
7f4e95c12000-7f4e95c16000 ---p 00000000 00:00 0 
7f4e95c16000-7f4e95d13000 rw-p 00000000 00:00 0 
7f4e95d13000-7f4e95d17000 ---p 00000000 00:00 0 
7f4e95d17000-7f4e95e14000 rw-p 00000000 00:00 0 
7f4e95e14000-7f4e95e18000 ---p 00000000 00:00 0 
7f4e95e18000-7f4e95f15000 rw-p 00000000 00:00 0 
7f4e95f15000-7f4e95f19000 ---p 00000000 00:00 0 
7f4e95f19000-7f4e96016000 rw-p 00000000 00:00 0 
7f4e96016000-7f4e9601a000 ---p 00000000 00:00 0 
7f4e9601a000-7f4e96117000 rw-p 00000000 00:00 0 
7f4e96117000-7f4e9611b000 ---p 00000000 00:00 0 
7f4e9611b000-7f4e96217000 rw-p 00000000 00:00 0 
7f4e96217000-7f4e96218000 r--s 00000000 00:ca 7306                       /run/user/1000/dconf/user
7f4e96218000-7f4e96219000 r--p 00000000 00:23 41462007                   /usr/share/locale/en/LC_MESSAGES/gtk30-properties.mo
7f4e96219000-7f4e96239000 rw-s 10d1f7000 00:11 2114                      anon_inode:i915.gem
7f4e96239000-7f4e96259000 rw-s 108335000 00:11 2114                      anon_inode:i915.gem
7f4e96259000-7f4e96269000 rw-s 10d237000 00:11 2114                      anon_inode:i915.gem
7f4e96269000-7f4e96279000 rw-s 100b2f000 00:11 2114                      anon_inode:i915.gem
7f4e96279000-7f4e96299000 rw-s 105012000 00:11 2114                      anon_inode:i915.gem
7f4e96299000-7f4e962b9000 rw-s 108de3000 00:11 2114                      anon_inode:i915.gem
7f4e962b9000-7f4e962f9000 rw-s 107b61000 00:11 2114                      anon_inode:i915.gem
7f4e962f9000-7f4e962fa000 rw-p 00000000 00:00 0 
7f4e962fa000-7f4e962fe000 ---p 00000000 00:00 0 
7f4e962fe000-7f4e963fb000 rw-p 00000000 00:00 0 
7f4e963fb000-7f4e963ff000 ---p 00000000 00:00 0 
7f4e963ff000-7f4e964fc000 rw-p 00000000 00:00 0 
7f4e964fc000-7f4e96500000 ---p 00000000 00:00 0 
7f4e96500000-7f4e98600000 rw-p 00000000 00:00 0 
7f4e98600000-7f4e98801000 rw-s 00000000 00:23 568                        /home/delta/.cache/mesa_shader_cache/index
7f4e98801000-7f4e98802000 r--p 00000000 00:23 41462008                   /usr/share/locale/en/LC_MESSAGES/gtk30.mo
7f4e98802000-7f4e98803000 rw-s 1090a8000 00:11 2114                      anon_inode:i915.gem
7f4e98803000-7f4e98804000 rw-s 00000000 00:01 139272                     /memfd:xshmfence (deleted)
7f4e98804000-7f4e98814000 rw-s 104baf000 00:11 2114                      anon_inode:i915.gem
7f4e98814000-7f4e98815000 rw-s 00000000 00:01 128827                     /memfd:xshmfence (deleted)
7f4e98815000-7f4e98825000 rw-s 119c17000 00:11 2114                      anon_inode:i915.gem
7f4e98825000-7f4e98829000 rw-s 10a88f000 00:11 2114                      anon_inode:i915.gem
7f4e9882a000-7f4e9886a000 rw-s 111a11000 00:11 2114                      anon_inode:i915.gem
7f4e9886b000-7f4e9886e000 r-xp 00000000 00:23 8092080                    /home/delta/.openjfx/cache/21.0.10+2/amd64/libjavafx_font.so
7f4e9886e000-7f4e9886f000 r--p 00002000 00:23 8092080                    /home/delta/.openjfx/cache/21.0.10+2/amd64/libjavafx_font.so
7f4e9886f000-7f4e98870000 rw-p 00003000 00:23 8092080                    /home/delta/.openjfx/cache/21.0.10+2/amd64/libjavafx_font.so
7f4e98870000-7f4e98871000 rw-s 11521f000 00:11 2114                      anon_inode:i915.gem
7f4e98871000-7f4e98872000 rw-s 11521e000 00:11 2114                      anon_inode:i915.gem
7f4e98872000-7f4e98873000 rw-s 11521d000 00:11 2114                      anon_inode:i915.gem
7f4e98874000-7f4e98884000 rw-s 109090000 00:11 2114                      anon_inode:i915.gem
7f4e98884000-7f4e98894000 rw-s 100c6d000 00:11 2114                      anon_inode:i915.gem
7f4e98894000-7f4e9889e000 r-xp 00000000 00:3c 173287                     /tmp/libtmp11843364542213899945libjunixsocket-native-2.10.1.so (deleted)
7f4e9889e000-7f4e9889f000 r--p 00009000 00:3c 173287                     /tmp/libtmp11843364542213899945libjunixsocket-native-2.10.1.so (deleted)
7f4e9889f000-7f4e988a0000 rw-p 0000a000 00:3c 173287                     /tmp/libtmp11843364542213899945libjunixsocket-native-2.10.1.so (deleted)
7f4e988a0000-7f4e988c0000 rw-s 1071f3000 00:11 2114                      anon_inode:i915.gem
7f4e988c0000-7f4e988e0000 rw-s 104c6f000 00:11 2114                      anon_inode:i915.gem
7f4e988e0000-7f4e98900000 rw-s 10d287000 00:11 2114                      anon_inode:i915.gem
7f4e98900000-7f4e98980000 rw-s 10d899000 00:11 2114                      anon_inode:i915.gem
7f4e98980000-7f4e98b80000 rw-s 111ab1000 00:11 2114                      anon_inode:i915.gem
7f4e98b80000-7f4e98b8d000 r--p 00000000 00:23 4431                       /usr/lib/libncursesw.so.6.6
7f4e98b8d000-7f4e98be8000 r-xp 0000d000 00:23 4431                       /usr/lib/libncursesw.so.6.6
7f4e98be8000-7f4e98c00000 r--p 00068000 00:23 4431                       /usr/lib/libncursesw.so.6.6
7f4e98c00000-7f4e98c05000 r--p 0007f000 00:23 4431                       /usr/lib/libncursesw.so.6.6
7f4e98c05000-7f4e98c06000 rw-p 00084000 00:23 4431                       /usr/lib/libncursesw.so.6.6
7f4e98c06000-7f4e98c20000 r--p 00000000 00:23 39205233                   /usr/lib/libSPIRV-Tools.so
7f4e98c20000-7f4e98d71000 r-xp 0001a000 00:23 39205233                   /usr/lib/libSPIRV-Tools.so
7f4e98d71000-7f4e98dfc000 r--p 0016b000 00:23 39205233                   /usr/lib/libSPIRV-Tools.so
7f4e98dfc000-7f4e98dff000 r--p 001f5000 00:23 39205233                   /usr/lib/libSPIRV-Tools.so
7f4e98dff000-7f4e98e00000 rw-p 001f8000 00:23 39205233                   /usr/lib/libSPIRV-Tools.so
7f4e98e00000-7f4e9d4da000 r--p 00000000 00:23 39192815                   /usr/lib/libLLVM.so.23.1
7f4e9d4da000-7f4ea2486000 r-xp 046d9000 00:23 39192815                   /usr/lib/libLLVM.so.23.1
7f4ea2486000-7f4ea25d2000 r--p 09684000 00:23 39192815                   /usr/lib/libLLVM.so.23.1
7f4ea25d2000-7f4ea25d9000 rw-p 097cf000 00:23 39192815                   /usr/lib/libLLVM.so.23.1
7f4ea25d9000-7f4ea268d000 rw-p 00000000 00:00 0 
7f4ea2691000-7f4ea2692000 r-xp 00000000 00:23 42073245                   /opt/bitchord/lib/runtime/lib/libjaas.so
7f4ea2692000-7f4ea2693000 ---p 00001000 00:23 42073245                   /opt/bitchord/lib/runtime/lib/libjaas.so
7f4ea2693000-7f4ea2694000 r--p 00001000 00:23 42073245                   /opt/bitchord/lib/runtime/lib/libjaas.so
7f4ea2694000-7f4ea2695000 rw-p 00002000 00:23 42073245                   /opt/bitchord/lib/runtime/lib/libjaas.so
7f4ea2695000-7f4ea26a5000 rw-s 1005a8000 00:11 2114                      anon_inode:i915.gem
7f4ea26a5000-7f4ea26b0000 r--p 00000000 00:23 8457                       /usr/lib/libzstd.so.1.5.7
7f4ea26b0000-7f4ea27e8000 r-xp 0000b000 00:23 8457                       /usr/lib/libzstd.so.1.5.7
7f4ea27e8000-7f4ea27fe000 r--p 00143000 00:23 8457                       /usr/lib/libzstd.so.1.5.7
7f4ea27fe000-7f4ea27ff000 r--p 00159000 00:23 8457                       /usr/lib/libzstd.so.1.5.7
7f4ea27ff000-7f4ea2800000 rw-p 0015a000 00:23 8457                       /usr/lib/libzstd.so.1.5.7
7f4ea2800000-7f4ea281b000 r--p 00000000 00:23 39205319                   /usr/lib/libgallium-26.2.4-arch3.1.so
7f4ea281b000-7f4ea488d000 r-xp 0001b000 00:23 39205319                   /usr/lib/libgallium-26.2.4-arch3.1.so
7f4ea488d000-7f4ea5b33000 r--p 0208d000 00:23 39205319                   /usr/lib/libgallium-26.2.4-arch3.1.so
7f4ea5b33000-7f4ea5cb1000 r--p 03333000 00:23 39205319                   /usr/lib/libgallium-26.2.4-arch3.1.so
7f4ea5cb1000-7f4ea5cef000 rw-p 034b1000 00:23 39205319                   /usr/lib/libgallium-26.2.4-arch3.1.so
7f4ea5cef000-7f4ea5ebd000 rw-p 00000000 00:00 0 
7f4ea5ebd000-7f4ea5efd000 rw-s 100cbd000 00:11 2114                      anon_inode:i915.gem
7f4ea5efd000-7f4ea5f04000 r--s 00000000 00:23 38972630                   /usr/lib/gconv/gconv-modules.cache
7f4ea5f04000-7f4ea5f06000 r--p 00000000 00:23 126001                     /usr/lib/libpciaccess.so.0.11.1
7f4ea5f06000-7f4ea5f0b000 r-xp 00002000 00:23 126001                     /usr/lib/libpciaccess.so.0.11.1
7f4ea5f0b000-7f4ea5f0d000 r--p 00007000 00:23 126001                     /usr/lib/libpciaccess.so.0.11.1
7f4ea5f0d000-7f4ea5f0e000 r--p 00008000 00:23 126001                     /usr/lib/libpciaccess.so.0.11.1
7f4ea5f0e000-7f4ea5f0f000 rw-p 00009000 00:23 126001                     /usr/lib/libpciaccess.so.0.11.1
7f4ea5f0f000-7f4ea5f15000 r--p 00000000 00:23 23637954                   /usr/lib/libedit.so.0.0.78
7f4ea5f15000-7f4ea5f46000 r-xp 00006000 00:23 23637954                   /usr/lib/libedit.so.0.0.78
7f4ea5f46000-7f4ea5f54000 r--p 00037000 00:23 23637954                   /usr/lib/libedit.so.0.0.78
7f4ea5f54000-7f4ea5f57000 r--p 00044000 00:23 23637954                   /usr/lib/libedit.so.0.0.78
7f4ea5f57000-7f4ea5f58000 rw-p 00047000 00:23 23637954                   /usr/lib/libedit.so.0.0.78
7f4ea5f58000-7f4ea5f5b000 rw-p 00000000 00:00 0 
7f4ea5f5b000-7f4ea5f5e000 r--p 00000000 00:23 33699730                   /usr/lib/libdrm_intel.so.1.134.0
7f4ea5f5e000-7f4ea5f79000 r-xp 00003000 00:23 33699730                   /usr/lib/libdrm_intel.so.1.134.0
7f4ea5f79000-7f4ea5f83000 r--p 0001e000 00:23 33699730                   /usr/lib/libdrm_intel.so.1.134.0
7f4ea5f83000-7f4ea5f84000 r--p 00028000 00:23 33699730                   /usr/lib/libdrm_intel.so.1.134.0
7f4ea5f84000-7f4ea5f85000 rw-p 00029000 00:23 33699730                   /usr/lib/libdrm_intel.so.1.134.0
7f4ea5f85000-7f4ea5f88000 r--p 00000000 00:23 33699727                   /usr/lib/libdrm_amdgpu.so.1.134.0
7f4ea5f88000-7f4ea5f8f000 r-xp 00003000 00:23 33699727                   /usr/lib/libdrm_amdgpu.so.1.134.0
7f4ea5f8f000-7f4ea5f91000 r--p 0000a000 00:23 33699727                   /usr/lib/libdrm_amdgpu.so.1.134.0
7f4ea5f91000-7f4ea5f92000 r--p 0000c000 00:23 33699727                   /usr/lib/libdrm_amdgpu.so.1.134.0
7f4ea5f92000-7f4ea5f93000 rw-p 0000d000 00:23 33699727                   /usr/lib/libdrm_amdgpu.so.1.134.0
7f4ea5f93000-7f4ea5f96000 r--p 00000000 00:23 37483320                   /usr/lib/libelf-0.196.so
7f4ea5f96000-7f4ea5faa000 r-xp 00003000 00:23 37483320                   /usr/lib/libelf-0.196.so
7f4ea5faa000-7f4ea5faf000 r--p 00017000 00:23 37483320                   /usr/lib/libelf-0.196.so
7f4ea5faf000-7f4ea5fb0000 r--p 0001b000 00:23 37483320                   /usr/lib/libelf-0.196.so
7f4ea5fb0000-7f4ea5fb1000 rw-p 0001c000 00:23 37483320                   /usr/lib/libelf-0.196.so
7f4ea5fb1000-7f4ea5fb2000 r--p 00000000 00:23 129702                     /usr/lib/libxshmfence.so.1.0.0
7f4ea5fb2000-7f4ea5fb3000 r-xp 00001000 00:23 129702                     /usr/lib/libxshmfence.so.1.0.0
7f4ea5fb3000-7f4ea5fb4000 r--p 00002000 00:23 129702                     /usr/lib/libxshmfence.so.1.0.0
7f4ea5fb4000-7f4ea5fb5000 r--p 00002000 00:23 129702                     /usr/lib/libxshmfence.so.1.0.0
7f4ea5fb5000-7f4ea5fb6000 rw-p 00003000 00:23 129702                     /usr/lib/libxshmfence.so.1.0.0
7f4ea5fb6000-7f4ea5fb9000 r--p 00000000 00:23 122214                     /usr/lib/libxcb-sync.so.1.0.0
7f4ea5fb9000-7f4ea5fbc000 r-xp 00003000 00:23 122214                     /usr/lib/libxcb-sync.so.1.0.0
7f4ea5fbc000-7f4ea5fbd000 r--p 00006000 00:23 122214                     /usr/lib/libxcb-sync.so.1.0.0
7f4ea5fbd000-7f4ea5fbe000 r--p 00007000 00:23 122214                     /usr/lib/libxcb-sync.so.1.0.0
7f4ea5fbe000-7f4ea5fbf000 rw-p 00008000 00:23 122214                     /usr/lib/libxcb-sync.so.1.0.0
7f4ea5fbf000-7f4ea5fc6000 r--p 00000000 00:23 122193                     /usr/lib/libxcb-randr.so.0.1.0
7f4ea5fc6000-7f4ea5fcc000 r-xp 00007000 00:23 122193                     /usr/lib/libxcb-randr.so.0.1.0
7f4ea5fcc000-7f4ea5fcf000 r--p 0000d000 00:23 122193                     /usr/lib/libxcb-randr.so.0.1.0
7f4ea5fcf000-7f4ea5fd0000 r--p 00010000 00:23 122193                     /usr/lib/libxcb-randr.so.0.1.0
7f4ea5fd0000-7f4ea5fd1000 rw-p 00011000 00:23 122193                     /usr/lib/libxcb-randr.so.0.1.0
7f4ea5fd1000-7f4ea5fd3000 r--p 00000000 00:23 129762                     /usr/lib/libsensors.so.5.0.0
7f4ea5fd3000-7f4ea5fdd000 r-xp 00002000 00:23 129762                     /usr/lib/libsensors.so.5.0.0
7f4ea5fdd000-7f4ea5fe1000 r--p 0000c000 00:23 129762                     /usr/lib/libsensors.so.5.0.0
7f4ea5fe1000-7f4ea5fe2000 r--p 00010000 00:23 129762                     /usr/lib/libsensors.so.5.0.0
7f4ea5fe2000-7f4ea5fe3000 rw-p 00011000 00:23 129762                     /usr/lib/libsensors.so.5.0.0
7f4ea5fe3000-7f4ea5fef000 r--p 00000000 00:23 122187                     /usr/lib/libxcb-glx.so.0.0.0
7f4ea5fef000-7f4ea5ff8000 r-xp 0000c000 00:23 122187                     /usr/lib/libxcb-glx.so.0.0.0
7f4ea5ff8000-7f4ea5ffd000 r--p 00015000 00:23 122187                     /usr/lib/libxcb-glx.so.0.0.0
7f4ea5ffd000-7f4ea5fff000 r--p 0001a000 00:23 122187                     /usr/lib/libxcb-glx.so.0.0.0
7f4ea5fff000-7f4ea6000000 rw-p 0001c000 00:23 122187                     /usr/lib/libxcb-glx.so.0.0.0
7f4ea6000000-7f4ea7f94000 r--p 00000000 00:23 21995                      /usr/lib/libicudata.so.78.3
7f4ea7f94000-7f4ea7f95000 r--p 01f93000 00:23 21995                      /usr/lib/libicudata.so.78.3
7f4ea7f95000-7f4ea7f98000 r--p 00000000 00:23 122220                     /usr/lib/libxcb-xfixes.so.0.0.0
7f4ea7f98000-7f4ea7f9b000 r-xp 00003000 00:23 122220                     /usr/lib/libxcb-xfixes.so.0.0.0
7f4ea7f9b000-7f4ea7f9c000 r--p 00006000 00:23 122220                     /usr/lib/libxcb-xfixes.so.0.0.0
7f4ea7f9c000-7f4ea7f9d000 r--p 00007000 00:23 122220                     /usr/lib/libxcb-xfixes.so.0.0.0
7f4ea7f9d000-7f4ea7f9e000 rw-p 00008000 00:23 122220                     /usr/lib/libxcb-xfixes.so.0.0.0
7f4ea7f9e000-7f4ea7f9f000 r--p 00000000 00:23 122190                     /usr/lib/libxcb-present.so.0.0.0
7f4ea7f9f000-7f4ea7fa0000 r-xp 00001000 00:23 122190                     /usr/lib/libxcb-present.so.0.0.0
7f4ea7fa0000-7f4ea7fa1000 r--p 00002000 00:23 122190                     /usr/lib/libxcb-present.so.0.0.0
7f4ea7fa1000-7f4ea7fa2000 r--p 00002000 00:23 122190                     /usr/lib/libxcb-present.so.0.0.0
7f4ea7fa2000-7f4ea7fa3000 rw-p 00003000 00:23 122190                     /usr/lib/libxcb-present.so.0.0.0
7f4ea7fa3000-7f4ea7fa8000 r--p 00000000 00:23 39205318                   /usr/lib/libGLX_mesa.so.0.0.0
7f4ea7fa8000-7f4ea7fea000 r-xp 00005000 00:23 39205318                   /usr/lib/libGLX_mesa.so.0.0.0
7f4ea7fea000-7f4ea7ffb000 r--p 00047000 00:23 39205318                   /usr/lib/libGLX_mesa.so.0.0.0
7f4ea7ffb000-7f4ea7fff000 r--p 00058000 00:23 39205318                   /usr/lib/libGLX_mesa.so.0.0.0
7f4ea7fff000-7f4ea8000000 rw-p 0005c000 00:23 39205318                   /usr/lib/libGLX_mesa.so.0.0.0
7f4ea8000000-7f4ea8500000 rw-p 00000000 00:00 0 
7f4ea8500000-7f4ea8580000 rw-p 00000000 00:00 0 
7f4ea8580000-7f4ea8600000 rw-p 00000000 00:00 0 
7f4ea8600000-7f4ea8640000 rw-p 00000000 00:00 0 
7f4ea8640000-7f4ea8680000 rw-p 00000000 00:00 0 
7f4ea8680000-7f4ea8700000 rw-p 00000000 00:00 0 
7f4ea8700000-7f4ea8900000 rw-p 00000000 00:00 0 
7f4ea8900000-7f4ea8a00000 rw-p 00000000 00:00 0 
7f4ea8a00000-7f4ea8d00000 rw-p 00000000 00:00 0 
7f4ea8d00000-7f4ea8f00000 rw-p 00000000 00:00 0 
7f4ea8f00000-7f4ea9020000 rw-p 00000000 00:00 0 
7f4ea9020000-7f4ea9040000 rw-p 00000000 00:00 0 
7f4ea9040000-7f4ea9080000 rw-p 00000000 00:00 0 
7f4ea9080000-7f4ea9100000 rw-p 00000000 00:00 0 
7f4ea9100000-7f4ea9300000 rw-p 00000000 00:00 0 
7f4ea9300000-7f4ea9580000 rw-p 00000000 00:00 0 
7f4ea9580000-7f4ea9700000 rw-p 00000000 00:00 0 
7f4ea9700000-7f4ea9780000 rw-p 00000000 00:00 0 
7f4ea9780000-7f4ea9900000 rw-p 00000000 00:00 0 
7f4ea9900000-7f4ea9a00000 rw-p 00000000 00:00 0 
7f4ea9a00000-7f4ea9b80000 rw-p 00000000 00:00 0 
7f4ea9b80000-7f4ea9d00000 rw-p 00000000 00:00 0 
7f4ea9d00000-7f4ea9f00000 rw-p 00000000 00:00 0 
7f4ea9f00000-7f4eaa000000 rw-p 00000000 00:00 0 
7f4eaa000000-7f4eaa380000 rw-p 00000000 00:00 0 
7f4eaa380000-7f4eaa500000 rw-p 00000000 00:00 0 
7f4eaa500000-7f4eaa600000 rw-p 00000000 00:00 0 
7f4eaa600000-7f4eaa630000 rw-p 00000000 00:00 0 
7f4eaa630000-7f4eaa640000 ---p 00000000 00:00 0 
7f4eaa640000-7f4eaa6a0000 rw-p 00000000 00:00 0 
7f4eaa6a0000-7f4eaa900000 rw-p 00000000 00:00 0 
7f4eaa900000-7f4eaaa00000 rw-p 00000000 00:00 0 
7f4eaaa00000-7f4eaaf80000 rw-p 00000000 00:00 0 
7f4eaaf80000-7f4eab000000 rw-p 00000000 00:00 0 
7f4eab000000-7f4eaba00000 rw-p 00000000 00:00 0 
7f4eaba00000-7f4eabb00000 rw-p 00000000 00:00 0 
7f4eabb00000-7f4eabc00000 rw-p 00000000 00:00 0 
7f4eabc00000-7f4eabfc0000 rw-p 00000000 00:00 0 
7f4eabfc0000-7f4eabfe0000 rw-p 00000000 00:00 0 
7f4eabfe0000-7f4eac000000 ---p 00000000 00:00 0 
7f4eac000000-7f4eac489000 rw-p 00000000 00:00 0 
7f4eac489000-7f4eb0000000 ---p 00000000 00:00 0 
7f4eb0000000-7f4eb0002000 r--p 00000000 00:23 122184                     /usr/lib/libxcb-dri3.so.0.1.0
7f4eb0002000-7f4eb0004000 r-xp 00002000 00:23 122184                     /usr/lib/libxcb-dri3.so.0.1.0
7f4eb0004000-7f4eb0005000 r--p 00004000 00:23 122184                     /usr/lib/libxcb-dri3.so.0.1.0
7f4eb0005000-7f4eb0006000 r--p 00004000 00:23 122184                     /usr/lib/libxcb-dri3.so.0.1.0
7f4eb0006000-7f4eb0007000 rw-p 00005000 00:23 122184                     /usr/lib/libxcb-dri3.so.0.1.0
7f4eb0007000-7f4eb000c000 r--p 00000000 00:23 33699724                   /usr/lib/libdrm.so.2.134.0
7f4eb000c000-7f4eb001a000 r-xp 00005000 00:23 33699724                   /usr/lib/libdrm.so.2.134.0
7f4eb001a000-7f4eb001e000 r--p 00013000 00:23 33699724                   /usr/lib/libdrm.so.2.134.0
7f4eb001e000-7f4eb001f000 r--p 00017000 00:23 33699724                   /usr/lib/libdrm.so.2.134.0
7f4eb001f000-7f4eb0020000 rw-p 00018000 00:23 33699724                   /usr/lib/libdrm.so.2.134.0
7f4eb0020000-7f4eb0021000 rw-p 00000000 00:00 0 
7f4eb0021000-7f4eb0025000 ---p 00000000 00:00 0 
7f4eb0025000-7f4eb0121000 rw-p 00000000 00:00 0 
7f4eb0121000-7f4eb023b000 r--s 00000000 00:23 15929                      /var/cache/fontconfig/923e285e415b1073c8df160bee08820f-le64.cache-12
7f4eb023b000-7f4eb02fb000 r--s 00000000 00:23 15948                      /var/cache/fontconfig/f6b893a7224233d96cb72fd88691c0b4-le64.cache-12
7f4eb02fb000-7f4eb02fc000 rw-p 00000000 00:00 0 
7f4eb02fc000-7f4eb0300000 ---p 00000000 00:00 0 
7f4eb0300000-7f4eb03fd000 rw-p 00000000 00:00 0 
7f4eb03fd000-7f4eb0401000 ---p 00000000 00:00 0 
7f4eb0401000-7f4eb04fe000 rw-p 00000000 00:00 0 
7f4eb04fe000-7f4eb0502000 ---p 00000000 00:00 0 
7f4eb0502000-7f4eb05ff000 rw-p 00000000 00:00 0 
7f4eb05ff000-7f4eb0603000 ---p 00000000 00:00 0 
7f4eb0603000-7f4eb0700000 rw-p 00000000 00:00 0 
7f4eb0700000-7f4eb0704000 ---p 00000000 00:00 0 
7f4eb0704000-7f4eb0800000 rw-p 00000000 00:00 0 
7f4eb0800000-7f4eb0848000 r--p 00000000 00:23 22010                      /usr/lib/libicuuc.so.78.3
7f4eb0848000-7f4eb09a0000 r-xp 00048000 00:23 22010                      /usr/lib/libicuuc.so.78.3
7f4eb09a0000-7f4eb0a3c000 r--p 001a0000 00:23 22010                      /usr/lib/libicuuc.so.78.3
7f4eb0a3c000-7f4eb0a4f000 r--p 0023c000 00:23 22010                      /usr/lib/libicuuc.so.78.3
7f4eb0a4f000-7f4eb0a50000 rw-p 0024f000 00:23 22010                      /usr/lib/libicuuc.so.78.3
7f4eb0a50000-7f4eb0a52000 rw-p 00000000 00:00 0 
7f4eb0a55000-7f4eb0a56000 r--p 00000000 00:23 129713                     /usr/lib/libXxf86vm.so.1.0.0
7f4eb0a56000-7f4eb0a5a000 r-xp 00001000 00:23 129713                     /usr/lib/libXxf86vm.so.1.0.0
7f4eb0a5a000-7f4eb0a5b000 r--p 00005000 00:23 129713                     /usr/lib/libXxf86vm.so.1.0.0
7f4eb0a5b000-7f4eb0a5c000 r--p 00005000 00:23 129713                     /usr/lib/libXxf86vm.so.1.0.0
7f4eb0a5c000-7f4eb0a5d000 rw-p 00006000 00:23 129713                     /usr/lib/libXxf86vm.so.1.0.0
7f4eb0a5d000-7f4eb0a5e000 r--p 00000000 00:23 41459273                   /usr/lib/libX11-xcb.so.1.0.0
7f4eb0a5e000-7f4eb0a5f000 r-xp 00001000 00:23 41459273                   /usr/lib/libX11-xcb.so.1.0.0
7f4eb0a5f000-7f4eb0a60000 r--p 00002000 00:23 41459273                   /usr/lib/libX11-xcb.so.1.0.0
7f4eb0a60000-7f4eb0a61000 r--p 00002000 00:23 41459273                   /usr/lib/libX11-xcb.so.1.0.0
7f4eb0a61000-7f4eb0a62000 rw-p 00003000 00:23 41459273                   /usr/lib/libX11-xcb.so.1.0.0
7f4eb0a62000-7f4eb0a8c000 r--s 00000000 00:23 12188                      /var/cache/fontconfig/f2e43df3287529323e79e7929dc44cc9-le64.cache-12
7f4eb0a8c000-7f4eb0a98000 r--s 00000000 00:23 13074                      /var/cache/fontconfig/4b31aef11cb0687b6d280d34cbe23592-le64.cache-12
7f4eb0a98000-7f4eb0a9a000 r--p 00000000 00:23 18078                      /usr/lib/libseccomp.so.2.6.0
7f4eb0a9a000-7f4eb0aaa000 r-xp 00002000 00:23 18078                      /usr/lib/libseccomp.so.2.6.0
7f4eb0aaa000-7f4eb0ac3000 r--p 00012000 00:23 18078                      /usr/lib/libseccomp.so.2.6.0
7f4eb0ac3000-7f4eb0ac4000 r--p 0002b000 00:23 18078                      /usr/lib/libseccomp.so.2.6.0
7f4eb0ac4000-7f4eb0ac5000 rw-p 0002c000 00:23 18078                      /usr/lib/libseccomp.so.2.6.0
7f4eb0ac5000-7f4eb0ada000 r--p 00000000 00:23 38789307                   /usr/lib/libsystemd.so.0.45.0
7f4eb0ada000-7f4eb0bb3000 r-xp 00015000 00:23 38789307                   /usr/lib/libsystemd.so.0.45.0
7f4eb0bb3000-7f4eb0c02000 r--p 000ee000 00:23 38789307                   /usr/lib/libsystemd.so.0.45.0
7f4eb0c02000-7f4eb0c0c000 r--p 0013c000 00:23 38789307                   /usr/lib/libsystemd.so.0.45.0
7f4eb0c0c000-7f4eb0c0d000 rw-p 00146000 00:23 38789307                   /usr/lib/libsystemd.so.0.45.0
7f4eb0c0d000-7f4eb0c0e000 rw-p 00000000 00:00 0 
7f4eb0c0e000-7f4eb0c13000 r--p 00000000 00:23 38715988                   /usr/lib/libblkid.so.1.1.0
7f4eb0c13000-7f4eb0c47000 r-xp 00005000 00:23 38715988                   /usr/lib/libblkid.so.1.1.0
7f4eb0c47000-7f4eb0c52000 r--p 00039000 00:23 38715988                   /usr/lib/libblkid.so.1.1.0
7f4eb0c52000-7f4eb0c58000 r--p 00043000 00:23 38715988                   /usr/lib/libblkid.so.1.1.0
7f4eb0c58000-7f4eb0c59000 rw-p 00049000 00:23 38715988                   /usr/lib/libblkid.so.1.1.0
7f4eb0c59000-7f4eb0c62000 r--p 00000000 00:23 34482418                   /usr/lib/libsqlite3.so.3.53.4
7f4eb0c62000-7f4eb0db0000 r-xp 00009000 00:23 34482418                   /usr/lib/libsqlite3.so.3.53.4
7f4eb0db0000-7f4eb0dee000 r--p 00157000 00:23 34482418                   /usr/lib/libsqlite3.so.3.53.4
7f4eb0dee000-7f4eb0df1000 r--p 00194000 00:23 34482418                   /usr/lib/libsqlite3.so.3.53.4
7f4eb0df1000-7f4eb0df5000 rw-p 00197000 00:23 34482418                   /usr/lib/libsqlite3.so.3.53.4
7f4eb0df5000-7f4eb0df6000 rw-p 00000000 00:00 0 
7f4eb0df6000-7f4eb0e10000 r--p 00000000 00:23 38023032                   /usr/lib/libxml2.so.16.1.4
7f4eb0e10000-7f4eb0f25000 r-xp 0001a000 00:23 38023032                   /usr/lib/libxml2.so.16.1.4
7f4eb0f25000-7f4eb0f6e000 r--p 0012f000 00:23 38023032                   /usr/lib/libxml2.so.16.1.4
7f4eb0f6e000-7f4eb0f77000 r--p 00178000 00:23 38023032                   /usr/lib/libxml2.so.16.1.4
7f4eb0f77000-7f4eb0f78000 rw-p 00181000 00:23 38023032                   /usr/lib/libxml2.so.16.1.4
7f4eb0f78000-7f4eb0f79000 rw-p 00000000 00:00 0 
7f4eb0f79000-7f4eb0f82000 r--p 00000000 00:23 139410                     /usr/lib/libjson-glib-1.0.so.0.1000.8
7f4eb0f82000-7f4eb0f9b000 r-xp 00009000 00:23 139410                     /usr/lib/libjson-glib-1.0.so.0.1000.8
7f4eb0f9b000-7f4eb0fa4000 r--p 00022000 00:23 139410                     /usr/lib/libjson-glib-1.0.so.0.1000.8
7f4eb0fa4000-7f4eb0fa5000 r--p 0002b000 00:23 139410                     /usr/lib/libjson-glib-1.0.so.0.1000.8
7f4eb0fa5000-7f4eb0fa6000 rw-p 0002c000 00:23 139410                     /usr/lib/libjson-glib-1.0.so.0.1000.8
7f4eb0fa6000-7f4eb0fb4000 r--p 00000000 00:23 25859                      /usr/lib/libdbus-1.so.3.38.3
7f4eb0fb4000-7f4eb0feb000 r-xp 0000e000 00:23 25859                      /usr/lib/libdbus-1.so.3.38.3
7f4eb0feb000-7f4eb0ffd000 r--p 00045000 00:23 25859                      /usr/lib/libdbus-1.so.3.38.3
7f4eb0ffd000-7f4eb0fff000 r--p 00056000 00:23 25859                      /usr/lib/libdbus-1.so.3.38.3
7f4eb0fff000-7f4eb1000000 rw-p 00058000 00:23 25859                      /usr/lib/libdbus-1.so.3.38.3
7f4eb1000000-7f4eb10c9000 r--p 00000000 00:23 41460933                   /usr/lib/libglycin-2.so.0
7f4eb10c9000-7f4eb1472000 r-xp 000c8000 00:23 41460933                   /usr/lib/libglycin-2.so.0
7f4eb1472000-7f4eb148c000 r--p 00470000 00:23 41460933                   /usr/lib/libglycin-2.so.0
7f4eb148c000-7f4eb1490000 rw-p 00489000 00:23 41460933                   /usr/lib/libglycin-2.so.0
7f4eb1493000-7f4eb1499000 r--s 00000000 00:23 12178                      /var/cache/fontconfig/b67b32625a2bb51b023d3814a918f351-le64.cache-12
7f4eb1499000-7f4eb149b000 r--p 00000000 00:23 126750                     /usr/lib/libdatrie.so.1.4.1
7f4eb149b000-7f4eb149f000 r-xp 00002000 00:23 126750                     /usr/lib/libdatrie.so.1.4.1
7f4eb149f000-7f4eb14a0000 r--p 00006000 00:23 126750                     /usr/lib/libdatrie.so.1.4.1
7f4eb14a0000-7f4eb14a1000 r--p 00006000 00:23 126750                     /usr/lib/libdatrie.so.1.4.1
7f4eb14a1000-7f4eb14a2000 rw-p 00007000 00:23 126750                     /usr/lib/libdatrie.so.1.4.1
7f4eb14a2000-7f4eb14b0000 r--p 00000000 00:23 41460533                   /usr/lib/libatspi.so.0.0.1
7f4eb14b0000-7f4eb14d3000 r-xp 0000e000 00:23 41460533                   /usr/lib/libatspi.so.0.0.1
7f4eb14d3000-7f4eb14e2000 r--p 00031000 00:23 41460533                   /usr/lib/libatspi.so.0.0.1
7f4eb14e2000-7f4eb14e6000 r--p 00040000 00:23 41460533                   /usr/lib/libatspi.so.0.0.1
7f4eb14e6000-7f4eb14e7000 rw-p 00044000 00:23 41460533                   /usr/lib/libatspi.so.0.0.1
7f4eb14e7000-7f4eb14e9000 r--p 00000000 00:23 33708810                   /usr/lib/libgraphite2.so.3.3.1
7f4eb14e9000-7f4eb1502000 r-xp 00002000 00:23 33708810                   /usr/lib/libgraphite2.so.3.3.1
7f4eb1502000-7f4eb1507000 r--p 0001b000 00:23 33708810                   /usr/lib/libgraphite2.so.3.3.1
7f4eb1507000-7f4eb1509000 r--p 0001f000 00:23 33708810                   /usr/lib/libgraphite2.so.3.3.1
7f4eb1509000-7f4eb150a000 rw-p 00021000 00:23 33708810                   /usr/lib/libgraphite2.so.3.3.1
7f4eb150a000-7f4eb150f000 r--p 00000000 00:23 125942                     /usr/lib/libpixman-1.so.0.46.4
7f4eb150f000-7f4eb1633000 r-xp 00005000 00:23 125942                     /usr/lib/libpixman-1.so.0.46.4
7f4eb1633000-7f4eb1648000 r--p 00129000 00:23 125942                     /usr/lib/libpixman-1.so.0.46.4
7f4eb1648000-7f4eb1650000 r--p 0013e000 00:23 125942                     /usr/lib/libpixman-1.so.0.46.4
7f4eb1650000-7f4eb1651000 rw-p 00146000 00:23 125942                     /usr/lib/libpixman-1.so.0.46.4
7f4eb1651000-7f4eb1657000 r--p 00000000 00:23 122199                     /usr/lib/libxcb-render.so.0.0.0
7f4eb1657000-7f4eb165d000 r-xp 00006000 00:23 122199                     /usr/lib/libxcb-render.so.0.0.0
7f4eb165d000-7f4eb165f000 r--p 0000c000 00:23 122199                     /usr/lib/libxcb-render.so.0.0.0
7f4eb165f000-7f4eb1660000 r--p 0000e000 00:23 122199                     /usr/lib/libxcb-render.so.0.0.0
7f4eb1660000-7f4eb1661000 rw-p 0000f000 00:23 122199                     /usr/lib/libxcb-render.so.0.0.0
7f4eb1661000-7f4eb166b000 r--p 00000000 00:23 38715997                   /usr/lib/libmount.so.1.1.0
7f4eb166b000-7f4eb16b5000 r-xp 0000a000 00:23 38715997                   /usr/lib/libmount.so.1.1.0
7f4eb16b5000-7f4eb16c7000 r--p 00054000 00:23 38715997                   /usr/lib/libmount.so.1.1.0
7f4eb16c7000-7f4eb16c9000 r--p 00066000 00:23 38715997                   /usr/lib/libmount.so.1.1.0
7f4eb16c9000-7f4eb16ca000 rw-p 00068000 00:23 38715997                   /usr/lib/libmount.so.1.1.0
7f4eb16ca000-7f4eb16cd000 r--p 00000000 00:23 38963743                   /usr/lib/libpcre2-8.so.0.16.1
7f4eb16cd000-7f4eb1768000 r-xp 00003000 00:23 38963743                   /usr/lib/libpcre2-8.so.0.16.1
7f4eb1768000-7f4eb1798000 r--p 0009e000 00:23 38963743                   /usr/lib/libpcre2-8.so.0.16.1
7f4eb1798000-7f4eb1799000 r--p 000cd000 00:23 38963743                   /usr/lib/libpcre2-8.so.0.16.1
7f4eb1799000-7f4eb179a000 rw-p 000ce000 00:23 38963743                   /usr/lib/libpcre2-8.so.0.16.1
7f4eb179a000-7f4eb179e000 r--p 00000000 00:23 33700803                   /usr/lib/libxkbcommon.so.0.13.2
7f4eb179e000-7f4eb17db000 r-xp 00004000 00:23 33700803                   /usr/lib/libxkbcommon.so.0.13.2
7f4eb17db000-7f4eb1805000 r--p 00041000 00:23 33700803                   /usr/lib/libxkbcommon.so.0.13.2
7f4eb1805000-7f4eb1807000 r--p 0006a000 00:23 33700803                   /usr/lib/libxkbcommon.so.0.13.2
7f4eb1807000-7f4eb1808000 rw-p 0006c000 00:23 33700803                   /usr/lib/libxkbcommon.so.0.13.2
7f4eb1808000-7f4eb1818000 r--p 00000000 00:23 41461352                   /usr/lib/libtinysparql-3.0.so.0.1200.0
7f4eb1818000-7f4eb1898000 r-xp 00010000 00:23 41461352                   /usr/lib/libtinysparql-3.0.so.0.1200.0
7f4eb1898000-7f4eb18cf000 r--p 00090000 00:23 41461352                   /usr/lib/libtinysparql-3.0.so.0.1200.0
7f4eb18cf000-7f4eb18de000 r--p 000c6000 00:23 41461352                   /usr/lib/libtinysparql-3.0.so.0.1200.0
7f4eb18de000-7f4eb18df000 rw-p 000d5000 00:23 41461352                   /usr/lib/libtinysparql-3.0.so.0.1200.0
7f4eb18df000-7f4eb1929000 r--p 00000000 00:23 150043                     /usr/lib/libepoxy.so.0.0.0
7f4eb1929000-7f4eb1994000 r-xp 0004a000 00:23 150043                     /usr/lib/libepoxy.so.0.0.0
7f4eb1994000-7f4eb19f1000 r--p 000b5000 00:23 150043                     /usr/lib/libepoxy.so.0.0.0
7f4eb19f1000-7f4eb19f9000 r--p 00112000 00:23 150043                     /usr/lib/libepoxy.so.0.0.0
7f4eb19f9000-7f4eb1a00000 rw-p 0011a000 00:23 150043                     /usr/lib/libepoxy.so.0.0.0
7f4eb1a00000-7f4eb1a32000 r--p 00000000 00:23 41458724                   /usr/lib/libgio-2.0.so.0.9000.1
7f4eb1a32000-7f4eb1b77000 r-xp 00032000 00:23 41458724                   /usr/lib/libgio-2.0.so.0.9000.1
7f4eb1b77000-7f4eb1bf7000 r--p 00177000 00:23 41458724                   /usr/lib/libgio-2.0.so.0.9000.1
7f4eb1bf7000-7f4eb1c00000 r--p 001f6000 00:23 41458724                   /usr/lib/libgio-2.0.so.0.9000.1
7f4eb1c00000-7f4eb1c01000 rw-p 001ff000 00:23 41458724                   /usr/lib/libgio-2.0.so.0.9000.1
7f4eb1c01000-7f4eb1c03000 rw-p 00000000 00:00 0 
7f4eb1c04000-7f4eb1c05000 rw-s 10a96e000 00:11 2114                      anon_inode:i915.gem
7f4eb1c05000-7f4eb1c06000 r-xp 00000000 00:23 42073248                   /opt/bitchord/lib/runtime/lib/libjawt.so
7f4eb1c06000-7f4eb1c07000 r--p 00000000 00:23 42073248                   /opt/bitchord/lib/runtime/lib/libjawt.so
7f4eb1c07000-7f4eb1c08000 rw-p 00001000 00:23 42073248                   /opt/bitchord/lib/runtime/lib/libjawt.so
7f4eb1c08000-7f4eb1c09000 r--p 00000000 00:23 122211                     /usr/lib/libxcb-shm.so.0.0.0
7f4eb1c09000-7f4eb1c0a000 r-xp 00001000 00:23 122211                     /usr/lib/libxcb-shm.so.0.0.0
7f4eb1c0a000-7f4eb1c0b000 r--p 00002000 00:23 122211                     /usr/lib/libxcb-shm.so.0.0.0
7f4eb1c0b000-7f4eb1c0c000 r--p 00002000 00:23 122211                     /usr/lib/libxcb-shm.so.0.0.0
7f4eb1c0c000-7f4eb1c0d000 rw-p 00003000 00:23 122211                     /usr/lib/libxcb-shm.so.0.0.0
7f4eb1c0d000-7f4eb1c0f000 r--p 00000000 00:23 126807                     /usr/lib/libthai.so.0.3.2
7f4eb1c0f000-7f4eb1c15000 r-xp 00002000 00:23 126807                     /usr/lib/libthai.so.0.3.2
7f4eb1c15000-7f4eb1c18000 r--p 00008000 00:23 126807                     /usr/lib/libthai.so.0.3.2
7f4eb1c18000-7f4eb1c19000 r--p 0000a000 00:23 126807                     /usr/lib/libthai.so.0.3.2
7f4eb1c19000-7f4eb1c1a000 rw-p 0000b000 00:23 126807                     /usr/lib/libthai.so.0.3.2
7f4eb1c1a000-7f4eb1c1c000 r--p 00000000 00:23 37280580                   /usr/lib/libffi.so.8.5.0
7f4eb1c1c000-7f4eb1c25000 r-xp 00002000 00:23 37280580                   /usr/lib/libffi.so.8.5.0
7f4eb1c25000-7f4eb1c27000 r--p 0000b000 00:23 37280580                   /usr/lib/libffi.so.8.5.0
7f4eb1c27000-7f4eb1c28000 r--p 0000c000 00:23 37280580                   /usr/lib/libffi.so.8.5.0
7f4eb1c28000-7f4eb1c29000 rw-p 0000d000 00:23 37280580                   /usr/lib/libffi.so.8.5.0
7f4eb1c29000-7f4eb1c2b000 r--p 00000000 00:23 150177                     /usr/lib/libXrandr.so.2.2.0
7f4eb1c2b000-7f4eb1c34000 r-xp 00002000 00:23 150177                     /usr/lib/libXrandr.so.2.2.0
7f4eb1c34000-7f4eb1c36000 r--p 0000b000 00:23 150177                     /usr/lib/libXrandr.so.2.2.0
7f4eb1c36000-7f4eb1c37000 r--p 0000c000 00:23 150177                     /usr/lib/libXrandr.so.2.2.0
7f4eb1c37000-7f4eb1c38000 rw-p 0000d000 00:23 150177                     /usr/lib/libXrandr.so.2.2.0
7f4eb1c38000-7f4eb1c39000 r--p 00000000 00:23 150054                     /usr/lib/libXcomposite.so.1.0.0
7f4eb1c39000-7f4eb1c3a000 r-xp 00001000 00:23 150054                     /usr/lib/libXcomposite.so.1.0.0
7f4eb1c3a000-7f4eb1c3b000 r--p 00002000 00:23 150054                     /usr/lib/libXcomposite.so.1.0.0
7f4eb1c3b000-7f4eb1c3c000 r--p 00002000 00:23 150054                     /usr/lib/libXcomposite.so.1.0.0
7f4eb1c3c000-7f4eb1c3d000 rw-p 00003000 00:23 150054                     /usr/lib/libXcomposite.so.1.0.0
7f4eb1c3d000-7f4eb1c48000 r--p 00000000 00:23 41460530                   /usr/lib/libatk-bridge-2.0.so.0.0.0
7f4eb1c48000-7f4eb1c66000 r-xp 0000b000 00:23 41460530                   /usr/lib/libatk-bridge-2.0.so.0.0.0
7f4eb1c66000-7f4eb1c7b000 r--p 00029000 00:23 41460530                   /usr/lib/libatk-bridge-2.0.so.0.0.0
7f4eb1c7b000-7f4eb1c7d000 r--p 0003d000 00:23 41460530                   /usr/lib/libatk-bridge-2.0.so.0.0.0
7f4eb1c7d000-7f4eb1c7f000 rw-p 0003f000 00:23 41460530                   /usr/lib/libatk-bridge-2.0.so.0.0.0
7f4eb1c7f000-7f4eb1c8c000 r--p 00000000 00:23 41460893                   /usr/lib/libharfbuzz.so.0.61460.0
7f4eb1c8c000-7f4eb1dc7000 r-xp 0000d000 00:23 41460893                   /usr/lib/libharfbuzz.so.0.61460.0
7f4eb1dc7000-7f4eb1dfd000 r--p 00148000 00:23 41460893                   /usr/lib/libharfbuzz.so.0.61460.0
7f4eb1dfd000-7f4eb1dff000 r--p 0017d000 00:23 41460893                   /usr/lib/libharfbuzz.so.0.61460.0
7f4eb1dff000-7f4eb1e00000 rw-p 0017f000 00:23 41460893                   /usr/lib/libharfbuzz.so.0.61460.0
7f4eb1e00000-7f4eb1e70000 r--p 00000000 00:23 41461904                   /usr/lib/libgtk-3.so.0.2420.32
7f4eb1e70000-7f4eb22d7000 r-xp 00070000 00:23 41461904                   /usr/lib/libgtk-3.so.0.2420.32
7f4eb22d7000-7f4eb25b4000 r--p 004d7000 00:23 41461904                   /usr/lib/libgtk-3.so.0.2420.32
7f4eb25b4000-7f4eb25c6000 r--p 007b4000 00:23 41461904                   /usr/lib/libgtk-3.so.0.2420.32
7f4eb25c6000-7f4eb25c8000 rw-p 007c6000 00:23 41461904                   /usr/lib/libgtk-3.so.0.2420.32
7f4eb25c8000-7f4eb25cd000 rw-p 00000000 00:00 0 
7f4eb25cd000-7f4eb25ce000 rw-s 107ba1000 00:11 2114                      anon_inode:i915.gem
7f4eb25ce000-7f4eb25cf000 r--p 00000000 00:23 37282087                   /usr/lib/libwayland-cursor.so.0.26.0
7f4eb25cf000-7f4eb25d1000 r-xp 00001000 00:23 37282087                   /usr/lib/libwayland-cursor.so.0.26.0
7f4eb25d1000-7f4eb25d2000 r--p 00003000 00:23 37282087                   /usr/lib/libwayland-cursor.so.0.26.0
7f4eb25d2000-7f4eb25d3000 r--p 00003000 00:23 37282087                   /usr/lib/libwayland-cursor.so.0.26.0
7f4eb25d3000-7f4eb25d7000 rw-p 00004000 00:23 37282087                   /usr/lib/libwayland-cursor.so.0.26.0
7f4eb25d7000-7f4eb25da000 r--p 00000000 00:23 37282084                   /usr/lib/libwayland-client.so.0.26.0
7f4eb25da000-7f4eb25e2000 r-xp 00003000 00:23 37282084                   /usr/lib/libwayland-client.so.0.26.0
7f4eb25e2000-7f4eb25e5000 r--p 0000b000 00:23 37282084                   /usr/lib/libwayland-client.so.0.26.0
7f4eb25e5000-7f4eb25e7000 r--p 0000d000 00:23 37282084                   /usr/lib/libwayland-client.so.0.26.0
7f4eb25e7000-7f4eb25e8000 rw-p 0000f000 00:23 37282084                   /usr/lib/libwayland-client.so.0.26.0
7f4eb25e8000-7f4eb25ef000 r--p 00000000 00:23 37811621                   /usr/lib/libcloudproviders.so.0.4.1
7f4eb25ef000-7f4eb25f9000 r-xp 00007000 00:23 37811621                   /usr/lib/libcloudproviders.so.0.4.1
7f4eb25f9000-7f4eb25fe000 r--p 00011000 00:23 37811621                   /usr/lib/libcloudproviders.so.0.4.1
7f4eb25fe000-7f4eb25ff000 r--p 00016000 00:23 37811621                   /usr/lib/libcloudproviders.so.0.4.1
7f4eb25ff000-7f4eb2600000 rw-p 00017000 00:23 37811621                   /usr/lib/libcloudproviders.so.0.4.1
7f4eb2600000-7f4eb3f36000 r-xp 00000000 00:23 42073065                   /opt/bitchord/lib/app/libskiko-linux-x64.so
7f4eb3f36000-7f4eb3f37000 ---p 01936000 00:23 42073065                   /opt/bitchord/lib/app/libskiko-linux-x64.so
7f4eb3f37000-7f4eb3f6f000 r--p 01936000 00:23 42073065                   /opt/bitchord/lib/app/libskiko-linux-x64.so
7f4eb3f6f000-7f4eb3f72000 rw-p 0196e000 00:23 42073065                   /opt/bitchord/lib/app/libskiko-linux-x64.so
7f4eb3f72000-7f4eb3f7b000 rw-p 00000000 00:00 0 
7f4eb3f7b000-7f4eb3f7c000 rw-s 1050a5000 00:11 2114                      anon_inode:i915.gem
7f4eb3f7c000-7f4eb3f7d000 r--p 00000000 00:23 150149                     /usr/lib/libXdamage.so.1.1.0
7f4eb3f7d000-7f4eb3f7e000 r-xp 00001000 00:23 150149                     /usr/lib/libXdamage.so.1.1.0
7f4eb3f7e000-7f4eb3f7f000 r--p 00002000 00:23 150149                     /usr/lib/libXdamage.so.1.1.0
7f4eb3f7f000-7f4eb3f80000 r--p 00002000 00:23 150149                     /usr/lib/libXdamage.so.1.1.0
7f4eb3f80000-7f4eb3f81000 rw-p 00003000 00:23 150149                     /usr/lib/libXdamage.so.1.1.0
7f4eb3f81000-7f4eb3f89000 r--p 00000000 00:23 41460527                   /usr/lib/libatk-1.0.so.0.26209.1
7f4eb3f89000-7f4eb3f9a000 r-xp 00008000 00:23 41460527                   /usr/lib/libatk-1.0.so.0.26209.1
7f4eb3f9a000-7f4eb3fa5000 r--p 00019000 00:23 41460527                   /usr/lib/libatk-1.0.so.0.26209.1
7f4eb3fa5000-7f4eb3fa8000 r--p 00024000 00:23 41460527                   /usr/lib/libatk-1.0.so.0.26209.1
7f4eb3fa8000-7f4eb3fa9000 rw-p 00027000 00:23 41460527                   /usr/lib/libatk-1.0.so.0.26209.1
7f4eb3fa9000-7f4eb3fb1000 r--p 00000000 00:23 41460969                   /usr/lib/libgdk_pixbuf-2.0.so.0.4400.8
7f4eb3fb1000-7f4eb3fee000 r-xp 00008000 00:23 41460969                   /usr/lib/libgdk_pixbuf-2.0.so.0.4400.8
7f4eb3fee000-7f4eb3ffd000 r--p 00045000 00:23 41460969                   /usr/lib/libgdk_pixbuf-2.0.so.0.4400.8
7f4eb3ffd000-7f4eb3fff000 r--p 00053000 00:23 41460969                   /usr/lib/libgdk_pixbuf-2.0.so.0.4400.8
7f4eb3fff000-7f4eb4000000 rw-p 00055000 00:23 41460969                   /usr/lib/libgdk_pixbuf-2.0.so.0.4400.8
7f4eb4000000-7f4eb55ab000 rw-p 00000000 00:00 0 
7f4eb55ab000-7f4eb8000000 ---p 00000000 00:00 0 
7f4eb8000000-7f4eb8a0e000 rw-p 00000000 00:00 0 
7f4eb8a0e000-7f4ebc000000 ---p 00000000 00:00 0 
7f4ebc000000-7f4ebc0f0000 rw-p 00000000 00:00 0 
7f4ebc0f0000-7f4ec0000000 ---p 00000000 00:00 0 
7f4ec0000000-7f4ec02e0000 rw-p 00000000 00:00 0 
7f4ec02e0000-7f4ec4000000 ---p 00000000 00:00 0 
7f4ec4000000-7f4ec50e3000 rw-p 00000000 00:00 0 
7f4ec50e3000-7f4ec8000000 ---p 00000000 00:00 0 
7f4ec8000000-7f4ec8001000 rw-s 115220000 00:11 2114                      anon_inode:i915.gem
7f4ec8001000-7f4ec8002000 rw-s 00000000 00:01 135542                     /memfd:xshmfence (deleted)
7f4ec8002000-7f4ec8003000 r--p 00000000 00:23 37282090                   /usr/lib/libwayland-egl.so.1.26.0
7f4ec8003000-7f4ec8004000 r-xp 00001000 00:23 37282090                   /usr/lib/libwayland-egl.so.1.26.0
7f4ec8004000-7f4ec8005000 r--p 00002000 00:23 37282090                   /usr/lib/libwayland-egl.so.1.26.0
7f4ec8005000-7f4ec8006000 r--p 00002000 00:23 37282090                   /usr/lib/libwayland-egl.so.1.26.0
7f4ec8006000-7f4ec8007000 rw-p 00003000 00:23 37282090                   /usr/lib/libwayland-egl.so.1.26.0
7f4ec8007000-7f4ec8009000 r--p 00000000 00:23 38870341                   /usr/lib/libcairo-gobject.so.2.11806.6
7f4ec8009000-7f4ec800b000 r-xp 00002000 00:23 38870341                   /usr/lib/libcairo-gobject.so.2.11806.6
7f4ec800b000-7f4ec800d000 r--p 00004000 00:23 38870341                   /usr/lib/libcairo-gobject.so.2.11806.6
7f4ec800d000-7f4ec800f000 r--p 00006000 00:23 38870341                   /usr/lib/libcairo-gobject.so.2.11806.6
7f4ec800f000-7f4ec8010000 rw-p 00008000 00:23 38870341                   /usr/lib/libcairo-gobject.so.2.11806.6
7f4ec8010000-7f4ec8012000 r--p 00000000 00:23 38870392                   /usr/lib/libfribidi.so.0.4.0
7f4ec8012000-7f4ec801a000 r-xp 00002000 00:23 38870392                   /usr/lib/libfribidi.so.0.4.0
7f4ec801a000-7f4ec8032000 r--p 0000a000 00:23 38870392                   /usr/lib/libfribidi.so.0.4.0
7f4ec8032000-7f4ec8033000 r--p 00022000 00:23 38870392                   /usr/lib/libfribidi.so.0.4.0
7f4ec8033000-7f4ec8034000 rw-p 00023000 00:23 38870392                   /usr/lib/libfribidi.so.0.4.0
7f4ec8034000-7f4ec803c000 r--p 00000000 00:23 35531295                   /usr/lib/libpangoft2-1.0.so.0.5800.2
7f4ec803c000-7f4ec804d000 r-xp 00008000 00:23 35531295                   /usr/lib/libpangoft2-1.0.so.0.5800.2
7f4ec804d000-7f4ec8052000 r--p 00019000 00:23 35531295                   /usr/lib/libpangoft2-1.0.so.0.5800.2
7f4ec8052000-7f4ec8053000 r--p 0001e000 00:23 35531295                   /usr/lib/libpangoft2-1.0.so.0.5800.2
7f4ec8053000-7f4ec8054000 rw-p 0001f000 00:23 35531295                   /usr/lib/libpangoft2-1.0.so.0.5800.2
7f4ec8054000-7f4ec8062000 r--p 00000000 00:23 38870347                   /usr/lib/libcairo.so.2.11806.6
7f4ec8062000-7f4ec81c3000 r-xp 0000e000 00:23 38870347                   /usr/lib/libcairo.so.2.11806.6
7f4ec81c3000-7f4ec8202000 r--p 0016f000 00:23 38870347                   /usr/lib/libcairo.so.2.11806.6
7f4ec8202000-7f4ec8206000 r--p 001ae000 00:23 38870347                   /usr/lib/libcairo.so.2.11806.6
7f4ec8206000-7f4ec8208000 rw-p 001b2000 00:23 38870347                   /usr/lib/libcairo.so.2.11806.6
7f4ec8208000-7f4ec8209000 rw-p 00000000 00:00 0 
7f4ec8209000-7f4ec8217000 r--p 00000000 00:23 35531289                   /usr/lib/libpango-1.0.so.0.5800.2
7f4ec8217000-7f4ec8266000 r-xp 0000e000 00:23 35531289                   /usr/lib/libpango-1.0.so.0.5800.2
7f4ec8266000-7f4ec8282000 r--p 0005d000 00:23 35531289                   /usr/lib/libpango-1.0.so.0.5800.2
7f4ec8282000-7f4ec8286000 r--p 00078000 00:23 35531289                   /usr/lib/libpango-1.0.so.0.5800.2
7f4ec8286000-7f4ec8287000 rw-p 0007c000 00:23 35531289                   /usr/lib/libpango-1.0.so.0.5800.2
7f4ec8287000-7f4ec828c000 r--p 00000000 00:23 35531292                   /usr/lib/libpangocairo-1.0.so.0.5800.2
7f4ec828c000-7f4ec8295000 r-xp 00005000 00:23 35531292                   /usr/lib/libpangocairo-1.0.so.0.5800.2
7f4ec8295000-7f4ec8298000 r--p 0000e000 00:23 35531292                   /usr/lib/libpangocairo-1.0.so.0.5800.2
7f4ec8298000-7f4ec8299000 r--p 00010000 00:23 35531292                   /usr/lib/libpangocairo-1.0.so.0.5800.2
7f4ec8299000-7f4ec829a000 rw-p 00011000 00:23 35531292                   /usr/lib/libpangocairo-1.0.so.0.5800.2
7f4ec829a000-7f4ec82a6000 r--p 00000000 00:23 41458740                   /usr/lib/libgobject-2.0.so.0.9000.1
7f4ec82a6000-7f4ec82f0000 r-xp 0000c000 00:23 41458740                   /usr/lib/libgobject-2.0.so.0.9000.1
7f4ec82f0000-7f4ec830a000 r--p 00056000 00:23 41458740                   /usr/lib/libgobject-2.0.so.0.9000.1
7f4ec830a000-7f4ec830d000 r--p 0006f000 00:23 41458740                   /usr/lib/libgobject-2.0.so.0.9000.1
7f4ec830d000-7f4ec830e000 rw-p 00072000 00:23 41458740                   /usr/lib/libgobject-2.0.so.0.9000.1
7f4ec830e000-7f4ec832c000 r--p 00000000 00:23 41458732                   /usr/lib/libglib-2.0.so.0.9000.1
7f4ec832c000-7f4ec83ff000 r-xp 0001e000 00:23 41458732                   /usr/lib/libglib-2.0.so.0.9000.1
7f4ec83ff000-7f4ec8494000 r--p 000f1000 00:23 41458732                   /usr/lib/libglib-2.0.so.0.9000.1
7f4ec8494000-7f4ec8495000 r--p 00186000 00:23 41458732                   /usr/lib/libglib-2.0.so.0.9000.1
7f4ec8495000-7f4ec8496000 rw-p 00187000 00:23 41458732                   /usr/lib/libglib-2.0.so.0.9000.1
7f4ec8496000-7f4ec8497000 rw-p 00000000 00:00 0 
7f4ec8497000-7f4ec8499000 r--p 00000000 00:23 41458736                   /usr/lib/libgmodule-2.0.so.0.9000.1
7f4ec8499000-7f4ec849b000 r-xp 00002000 00:23 41458736                   /usr/lib/libgmodule-2.0.so.0.9000.1
7f4ec849b000-7f4ec849c000 r--p 00004000 00:23 41458736                   /usr/lib/libgmodule-2.0.so.0.9000.1
7f4ec849c000-7f4ec849d000 r--p 00004000 00:23 41458736                   /usr/lib/libgmodule-2.0.so.0.9000.1
7f4ec849d000-7f4ec849e000 rw-p 00005000 00:23 41458736                   /usr/lib/libgmodule-2.0.so.0.9000.1
7f4ec849e000-7f4ec84bb000 r--p 00000000 00:23 41461901                   /usr/lib/libgdk-3.so.0.2420.32
7f4ec84bb000-7f4ec855a000 r-xp 0001d000 00:23 41461901                   /usr/lib/libgdk-3.so.0.2420.32
7f4ec855a000-7f4ec85a2000 r--p 000bc000 00:23 41461901                   /usr/lib/libgdk-3.so.0.2420.32
7f4ec85a2000-7f4ec85ac000 r--p 00103000 00:23 41461901                   /usr/lib/libgdk-3.so.0.2420.32
7f4ec85ac000-7f4ec85ae000 rw-p 0010d000 00:23 41461901                   /usr/lib/libgdk-3.so.0.2420.32
7f4ec85ae000-7f4ec85af000 rw-p 00000000 00:00 0 
7f4ec85af000-7f4ec85b3000 ---p 00000000 00:00 0 
7f4ec85b3000-7f4ec86b0000 rw-p 00000000 00:00 0 
7f4ec86b0000-7f4ec86b4000 ---p 00000000 00:00 0 
7f4ec86b4000-7f4ec87b0000 rw-p 00000000 00:00 0 
7f4ec87b0000-7f4ec87b3000 r--p 00000000 00:23 150078                     /usr/lib/libXcursor.so.1.0.2
7f4ec87b3000-7f4ec87ba000 r-xp 00003000 00:23 150078                     /usr/lib/libXcursor.so.1.0.2
7f4ec87ba000-7f4ec87bc000 r--p 0000a000 00:23 150078                     /usr/lib/libXcursor.so.1.0.2
7f4ec87bc000-7f4ec87bd000 r--p 0000c000 00:23 150078                     /usr/lib/libXcursor.so.1.0.2
7f4ec87bd000-7f4ec87be000 rw-p 0000d000 00:23 150078                     /usr/lib/libXcursor.so.1.0.2
7f4ec87be000-7f4ec87bf000 rw-p 00000000 00:00 0 
7f4ec87bf000-7f4ec87c3000 ---p 00000000 00:00 0 
7f4ec87c3000-7f4ec88bf000 rw-p 00000000 00:00 0 
7f4ec88bf000-7f4ec88c2000 r--p 00000000 00:23 38789303                   /usr/lib/libnss_resolve.so.2
7f4ec88c2000-7f4ec88f6000 r-xp 00003000 00:23 38789303                   /usr/lib/libnss_resolve.so.2
7f4ec88f6000-7f4ec890f000 r--p 00037000 00:23 38789303                   /usr/lib/libnss_resolve.so.2
7f4ec890f000-7f4ec8916000 r--p 00050000 00:23 38789303                   /usr/lib/libnss_resolve.so.2
7f4ec8916000-7f4ec8917000 rw-p 00057000 00:23 38789303                   /usr/lib/libnss_resolve.so.2
7f4ec8917000-7f4ec89b7000 r-xp 00000000 00:23 42073242                   /opt/bitchord/lib/runtime/lib/libfreetype.so
7f4ec89b7000-7f4ec89bd000 r--p 0009f000 00:23 42073242                   /opt/bitchord/lib/runtime/lib/libfreetype.so
7f4ec89bd000-7f4ec89be000 rw-p 000a5000 00:23 42073242                   /opt/bitchord/lib/runtime/lib/libfreetype.so
7f4ec89be000-7f4ec8b6b000 r-xp 00000000 00:23 42073241                   /opt/bitchord/lib/runtime/lib/libfontmanager.so
7f4ec8b6b000-7f4ec8b6c000 ---p 001ad000 00:23 42073241                   /opt/bitchord/lib/runtime/lib/libfontmanager.so
7f4ec8b6c000-7f4ec8b6e000 r--p 001ad000 00:23 42073241                   /opt/bitchord/lib/runtime/lib/libfontmanager.so
7f4ec8b6e000-7f4ec8b6f000 rw-p 001af000 00:23 42073241                   /opt/bitchord/lib/runtime/lib/libfontmanager.so
7f4ec8b6f000-7f4ec8b70000 rw-p 00000000 00:00 0 
7f4ec8b70000-7f4ec8b74000 r--p 00000000 00:23 38789302                   /usr/lib/libnss_mymachines.so.2
7f4ec8b74000-7f4ec8bc5000 r-xp 00004000 00:23 38789302                   /usr/lib/libnss_mymachines.so.2
7f4ec8bc5000-7f4ec8bdf000 r--p 00055000 00:23 38789302                   /usr/lib/libnss_mymachines.so.2
7f4ec8bdf000-7f4ec8be3000 r--p 0006f000 00:23 38789302                   /usr/lib/libnss_mymachines.so.2
7f4ec8be3000-7f4ec8be4000 rw-p 00073000 00:23 38789302                   /usr/lib/libnss_mymachines.so.2
7f4ec8be4000-7f4ec8be5000 rw-p 00000000 00:00 0 
7f4ec8be5000-7f4ec8be9000 ---p 00000000 00:00 0 
7f4ec8be9000-7f4ec8ce5000 rw-p 00000000 00:00 0 
7f4ec8ce5000-7f4ec8ce8000 r--p 00000000 00:23 23640549                   /usr/lib/libXi.so.6.1.0
7f4ec8ce8000-7f4ec8cf7000 r-xp 00003000 00:23 23640549                   /usr/lib/libXi.so.6.1.0
7f4ec8cf7000-7f4ec8cfa000 r--p 00012000 00:23 23640549                   /usr/lib/libXi.so.6.1.0
7f4ec8cfa000-7f4ec8cfb000 r--p 00014000 00:23 23640549                   /usr/lib/libXi.so.6.1.0
7f4ec8cfb000-7f4ec8cfc000 rw-p 00015000 00:23 23640549                   /usr/lib/libXi.so.6.1.0
7f4ec8cfc000-7f4ec8d6f000 r-xp 00000000 00:23 42073240                   /opt/bitchord/lib/runtime/lib/libawt_xawt.so
7f4ec8d6f000-7f4ec8d75000 r--p 00072000 00:23 42073240                   /opt/bitchord/lib/runtime/lib/libawt_xawt.so
7f4ec8d75000-7f4ec8d77000 rw-p 00078000 00:23 42073240                   /opt/bitchord/lib/runtime/lib/libawt_xawt.so
7f4ec8d77000-7f4ec8d79000 rw-p 00000000 00:00 0 
7f4ec8d79000-7f4ec8e26000 r-xp 00000000 00:23 42073238                   /opt/bitchord/lib/runtime/lib/libawt.so
7f4ec8e26000-7f4ec8e27000 ---p 000ad000 00:23 42073238                   /opt/bitchord/lib/runtime/lib/libawt.so
7f4ec8e27000-7f4ec8e28000 r--p 000ad000 00:23 42073238                   /opt/bitchord/lib/runtime/lib/libawt.so
7f4ec8e28000-7f4ec8e33000 rw-p 000ae000 00:23 42073238                   /opt/bitchord/lib/runtime/lib/libawt.so
7f4ec8e33000-7f4ec8e58000 rw-p 00000000 00:00 0 
7f4ec8e58000-7f4ec8e5e000 r--p 00000000 00:23 38963716                   /usr/lib/libpng16.so.16.59.0
7f4ec8e5e000-7f4ec8ea1000 r-xp 00006000 00:23 38963716                   /usr/lib/libpng16.so.16.59.0
7f4ec8ea1000-7f4ec8eae000 r--p 00049000 00:23 38963716                   /usr/lib/libpng16.so.16.59.0
7f4ec8eae000-7f4ec8eaf000 r--p 00055000 00:23 38963716                   /usr/lib/libpng16.so.16.59.0
7f4ec8eaf000-7f4ec8eb0000 rw-p 00056000 00:23 38963716                   /usr/lib/libpng16.so.16.59.0
7f4ec8eb0000-7f4ec8eb3000 r--p 00000000 00:23 145256                     /usr/lib/libz.so.1.3.1.zlib-ng
7f4ec8eb3000-7f4ec8edf000 r-xp 00003000 00:23 145256                     /usr/lib/libz.so.1.3.1.zlib-ng
7f4ec8edf000-7f4ec8ee9000 r--p 0002f000 00:23 145256                     /usr/lib/libz.so.1.3.1.zlib-ng
7f4ec8ee9000-7f4ec8eea000 r--p 00038000 00:23 145256                     /usr/lib/libz.so.1.3.1.zlib-ng
7f4ec8eea000-7f4ec8eeb000 rw-p 00039000 00:23 145256                     /usr/lib/libz.so.1.3.1.zlib-ng
7f4ec8eeb000-7f4ec8ef1000 r--p 00000000 00:23 121442                     /usr/lib/libfreetype.so.6.20.6
7f4ec8ef1000-7f4ec8fc9000 r-xp 00006000 00:23 121442                     /usr/lib/libfreetype.so.6.20.6
7f4ec8fc9000-7f4ec8ff7000 r--p 000de000 00:23 121442                     /usr/lib/libfreetype.so.6.20.6
7f4ec8ff7000-7f4ec8fff000 r--p 0010b000 00:23 121442                     /usr/lib/libfreetype.so.6.20.6
7f4ec8fff000-7f4ec9000000 rw-p 00113000 00:23 121442                     /usr/lib/libfreetype.so.6.20.6
7f4ec9000000-7f4ec909a000 r--p 00000000 00:23 37276285                   /usr/lib/libstdc++.so.6.0.36
7f4ec909a000-7f4ec927a000 r-xp 0009a000 00:23 37276285                   /usr/lib/libstdc++.so.6.0.36
7f4ec927a000-7f4ec931a000 r--p 0027a000 00:23 37276285                   /usr/lib/libstdc++.so.6.0.36
7f4ec931a000-7f4ec932b000 r--p 0031a000 00:23 37276285                   /usr/lib/libstdc++.so.6.0.36
7f4ec932b000-7f4ec932c000 rw-p 0032b000 00:23 37276285                   /usr/lib/libstdc++.so.6.0.36
7f4ec932c000-7f4ec9330000 rw-p 00000000 00:00 0 
7f4ec9330000-7f4ec9332000 r--p 00000000 00:23 125927                     /usr/lib/libXrender.so.1.3.0
7f4ec9332000-7f4ec933a000 r-xp 00002000 00:23 125927                     /usr/lib/libXrender.so.1.3.0
7f4ec933a000-7f4ec933c000 r--p 0000a000 00:23 125927                     /usr/lib/libXrender.so.1.3.0
7f4ec933c000-7f4ec933d000 r--p 0000b000 00:23 125927                     /usr/lib/libXrender.so.1.3.0
7f4ec933d000-7f4ec933e000 rw-p 0000c000 00:23 125927                     /usr/lib/libXrender.so.1.3.0
7f4ec933e000-7f4ec9342000 r--p 00000000 00:23 125849                     /usr/lib/libXext.so.6.4.0
7f4ec9342000-7f4ec9352000 r-xp 00004000 00:23 125849                     /usr/lib/libXext.so.6.4.0
7f4ec9352000-7f4ec9356000 r--p 00014000 00:23 125849                     /usr/lib/libXext.so.6.4.0
7f4ec9356000-7f4ec9357000 r--p 00017000 00:23 125849                     /usr/lib/libXext.so.6.4.0
7f4ec9357000-7f4ec9358000 rw-p 00018000 00:23 125849                     /usr/lib/libXext.so.6.4.0
7f4ec9358000-7f4ec935c000 r--p 00000000 00:23 37276277                   /usr/lib/libgcc_s.so.1
7f4ec935c000-7f4ec9386000 r-xp 00004000 00:23 37276277                   /usr/lib/libgcc_s.so.1
7f4ec9386000-7f4ec938a000 r--p 0002e000 00:23 37276277                   /usr/lib/libgcc_s.so.1
7f4ec938a000-7f4ec938b000 r--p 00032000 00:23 37276277                   /usr/lib/libgcc_s.so.1
7f4ec938b000-7f4ec938c000 rw-p 00033000 00:23 37276277                   /usr/lib/libgcc_s.so.1
7f4ec938c000-7f4ec938e000 r--p 00000000 00:23 41460439                   /usr/lib/libexpat.so.1.13.0
7f4ec938e000-7f4ec93b8000 r-xp 00002000 00:23 41460439                   /usr/lib/libexpat.so.1.13.0
7f4ec93b8000-7f4ec93c1000 r--p 0002c000 00:23 41460439                   /usr/lib/libexpat.so.1.13.0
7f4ec93c1000-7f4ec93c3000 r--p 00035000 00:23 41460439                   /usr/lib/libexpat.so.1.13.0
7f4ec93c3000-7f4ec93c4000 rw-p 00037000 00:23 41460439                   /usr/lib/libexpat.so.1.13.0
7f4ec93c4000-7f4ec93d0000 r--p 00000000 00:23 122241                     /usr/lib/libxcb.so.1.1.0
7f4ec93d0000-7f4ec93e6000 r-xp 0000c000 00:23 122241                     /usr/lib/libxcb.so.1.1.0
7f4ec93e6000-7f4ec93ef000 r--p 00022000 00:23 122241                     /usr/lib/libxcb.so.1.1.0
7f4ec93ef000-7f4ec93f0000 r--p 0002a000 00:23 122241                     /usr/lib/libxcb.so.1.1.0
7f4ec93f0000-7f4ec93f1000 rw-p 0002b000 00:23 122241                     /usr/lib/libxcb.so.1.1.0
7f4ec93f1000-7f4ec93f3000 r--p 00000000 00:23 130026                     /usr/lib/libGLdispatch.so.0.0.0
7f4ec93f3000-7f4ec9432000 r-xp 00002000 00:23 130026                     /usr/lib/libGLdispatch.so.0.0.0
7f4ec9432000-7f4ec9445000 r--p 00041000 00:23 130026                     /usr/lib/libGLdispatch.so.0.0.0
7f4ec9445000-7f4ec9461000 r--p 00054000 00:23 130026                     /usr/lib/libGLdispatch.so.0.0.0
7f4ec9461000-7f4ec9462000 rw-p 00070000 00:23 130026                     /usr/lib/libGLdispatch.so.0.0.0
7f4ec9462000-7f4ec946a000 rw-p 00000000 00:00 0 
7f4ec946a000-7f4ec9481000 r--p 00000000 00:23 41459276                   /usr/lib/libX11.so.6.4.0
7f4ec9481000-7f4ec954b000 r-xp 00017000 00:23 41459276                   /usr/lib/libX11.so.6.4.0
7f4ec954b000-7f4ec95e1000 r--p 000e1000 00:23 41459276                   /usr/lib/libX11.so.6.4.0
7f4ec95e1000-7f4ec95e4000 r--p 00176000 00:23 41459276                   /usr/lib/libX11.so.6.4.0
7f4ec95e4000-7f4ec95e7000 rw-p 00179000 00:23 41459276                   /usr/lib/libX11.so.6.4.0
7f4ec95e7000-7f4ec95e8000 rw-p 00000000 00:00 0 
7f4ec95e8000-7f4ec95e9000 rw-p 00000000 00:00 0 
7f4ec95e9000-7f4ec95ed000 ---p 00000000 00:00 0 
7f4ec95ed000-7f4ec9aee000 rw-p 00000000 00:00 0 
7f4ec9aee000-7f4ec9af2000 ---p 00000000 00:00 0 
7f4ec9af2000-7f4ec9ff3000 rw-p 00000000 00:00 0 
7f4ec9ff3000-7f4ec9ff7000 ---p 00000000 00:00 0 
7f4ec9ff7000-7f4eca0f4000 rw-p 00000000 00:00 0 
7f4eca0f4000-7f4eca0f8000 ---p 00000000 00:00 0 
7f4eca0f8000-7f4eca1f5000 rw-p 00000000 00:00 0 
7f4eca1f5000-7f4eca1f9000 ---p 00000000 00:00 0 
7f4eca1f9000-7f4eca2f6000 rw-p 00000000 00:00 0 
7f4eca2f6000-7f4eca2fa000 ---p 00000000 00:00 0 
7f4eca2fa000-7f4eca3f7000 rw-p 00000000 00:00 0 
7f4eca3f7000-7f4eca3fb000 ---p 00000000 00:00 0 
7f4eca3fb000-7f4eca4f8000 rw-p 00000000 00:00 0 
7f4eca4f8000-7f4eca4fc000 ---p 00000000 00:00 0 
7f4eca4fc000-7f4eca5f9000 rw-p 00000000 00:00 0 
7f4eca5f9000-7f4eca5fd000 ---p 00000000 00:00 0 
7f4eca5fd000-7f4eca6fa000 rw-p 00000000 00:00 0 
7f4eca6fa000-7f4eca6fe000 ---p 00000000 00:00 0 
7f4eca6fe000-7f4eca7fb000 rw-p 00000000 00:00 0 
7f4eca7fb000-7f4eca7ff000 ---p 00000000 00:00 0 
7f4eca7ff000-7f4eca8fc000 rw-p 00000000 00:00 0 
7f4eca8fc000-7f4eca900000 ---p 00000000 00:00 0 
7f4eca900000-7f4eca9fd000 rw-p 00000000 00:00 0 
7f4eca9fd000-7f4ecaa01000 ---p 00000000 00:00 0 
7f4ecaa01000-7f4ecaafe000 rw-p 00000000 00:00 0 
7f4ecaafe000-7f4ecab02000 ---p 00000000 00:00 0 
7f4ecab02000-7f4ecabff000 rw-p 00000000 00:00 0 
7f4ecabff000-7f4ecac03000 ---p 00000000 00:00 0 
7f4ecac03000-7f4ecad00000 rw-p 00000000 00:00 0 
7f4ecad00000-7f4ecad04000 ---p 00000000 00:00 0 
7f4ecad04000-7f4ecae00000 rw-p 00000000 00:00 0 
7f4ecae00000-7f4ecb0ee000 r--p 00000000 00:23 38972628                   /usr/lib/locale/locale-archive
7f4ecb0ee000-7f4ecb0ef000 rw-s 10a904000 00:11 2114                      anon_inode:i915.gem
7f4ecb0ef000-7f4ecb0f1000 r--p 00000000 00:23 142771                     /usr/lib/libXfixes.so.3.1.0
7f4ecb0f1000-7f4ecb0f4000 r-xp 00002000 00:23 142771                     /usr/lib/libXfixes.so.3.1.0
7f4ecb0f4000-7f4ecb0f5000 r--p 00005000 00:23 142771                     /usr/lib/libXfixes.so.3.1.0
7f4ecb0f5000-7f4ecb0f6000 r--p 00006000 00:23 142771                     /usr/lib/libXfixes.so.3.1.0
7f4ecb0f6000-7f4ecb0f7000 rw-p 00007000 00:23 142771                     /usr/lib/libXfixes.so.3.1.0
7f4ecb0f7000-7f4ecb4fb000 rw-p 00000000 00:00 0 
7f4ecb4fb000-7f4ecba00000 rw-p 00000000 00:00 0 
7f4ecba00000-7f4ecc5d0000 rwxp 00000000 00:00 0 
7f4ecc5d0000-7f4ed2f37000 ---p 00000000 00:00 0 
7f4ed2f37000-7f4ed33a7000 rwxp 00000000 00:00 0 
7f4ed33a7000-7f4ed34c9000 ---p 00000000 00:00 0 
7f4ed34c9000-7f4ed3849000 rwxp 00000000 00:00 0 
7f4ed3849000-7f4edaa00000 ---p 00000000 00:00 0 
7f4edaa00000-7f4edffa8000 r--s 00000000 00:23 42073263                   /opt/bitchord/lib/runtime/lib/modules
7f4edffa8000-7f4edffab000 r--s 00000000 00:23 12163                      /var/cache/fontconfig/6ba42ae0000f58711b5caaf10d690066-le64.cache-12
7f4edffab000-7f4edffac000 r--p 00000000 00:23 8056                       /usr/lib/libbrotlicommon.so.1.2.0
7f4edffac000-7f4edffad000 r-xp 00001000 00:23 8056                       /usr/lib/libbrotlicommon.so.1.2.0
7f4edffad000-7f4edffcc000 r--p 00002000 00:23 8056                       /usr/lib/libbrotlicommon.so.1.2.0
7f4edffcc000-7f4edffcd000 r--p 00021000 00:23 8056                       /usr/lib/libbrotlicommon.so.1.2.0
7f4edffcd000-7f4edffce000 rw-p 00022000 00:23 8056                       /usr/lib/libbrotlicommon.so.1.2.0
7f4edffce000-7f4edffd0000 r--p 00000000 00:23 130023                     /usr/lib/libGLX.so.0.0.0
7f4edffd0000-7f4edffeb000 r-xp 00002000 00:23 130023                     /usr/lib/libGLX.so.0.0.0
7f4edffeb000-7f4edffee000 r--p 0001d000 00:23 130023                     /usr/lib/libGLX.so.0.0.0
7f4edffee000-7f4edffef000 r--p 00020000 00:23 130023                     /usr/lib/libGLX.so.0.0.0
7f4edffef000-7f4edfff0000 rw-p 00021000 00:23 130023                     /usr/lib/libGLX.so.0.0.0
7f4edfff0000-7f4ee3ffe000 rw-p 00000000 00:00 0 
7f4ee3ffe000-7f4ee4000000 ---p 00000000 00:00 0 
7f4ee4000000-7f4ee4006000 r--p 00000000 00:23 37712472                   /usr/lib/libfontconfig.so.1.17.0
7f4ee4006000-7f4ee4049000 r-xp 00006000 00:23 37712472                   /usr/lib/libfontconfig.so.1.17.0
7f4ee4049000-7f4ee4080000 r--p 00049000 00:23 37712472                   /usr/lib/libfontconfig.so.1.17.0
7f4ee4080000-7f4ee4089000 r--p 00080000 00:23 37712472                   /usr/lib/libfontconfig.so.1.17.0
7f4ee4089000-7f4ee408a000 rw-p 00089000 00:23 37712472                   /usr/lib/libfontconfig.so.1.17.0
7f4ee408a000-7f4ee40b9000 r--p 00000000 00:23 130017                     /usr/lib/libGL.so.1.7.0
7f4ee40b9000-7f4ee40d8000 r-xp 0002f000 00:23 130017                     /usr/lib/libGL.so.1.7.0
7f4ee40d8000-7f4ee40ed000 r--p 0004e000 00:23 130017                     /usr/lib/libGL.so.1.7.0
7f4ee40ed000-7f4ee40fb000 r--p 00062000 00:23 130017                     /usr/lib/libGL.so.1.7.0
7f4ee40fb000-7f4ee40fc000 rw-p 00070000 00:23 130017                     /usr/lib/libGL.so.1.7.0
7f4ee40fc000-7f4ee6400000 rw-p 00000000 00:00 0 
7f4ee6400000-7f4ee6401000 rw-s 10a903000 00:11 2114                      anon_inode:i915.gem
7f4ee6401000-7f4ee6402000 rw-s 10a172000 00:11 2114                      anon_inode:i915.gem
7f4ee6402000-7f4ee6404000 r--s 00000000 00:23 12158                      /var/cache/fontconfig/bfb830de4b3e0bf031b5adbbfd7ab8e8-le64.cache-12
7f4ee6404000-7f4ee641f000 r-xp 00000000 00:23 42073262                   /opt/bitchord/lib/runtime/lib/libzip.so
7f4ee641f000-7f4ee6420000 r--p 0001a000 00:23 42073262                   /opt/bitchord/lib/runtime/lib/libzip.so
7f4ee6420000-7f4ee6421000 rw-p 0001b000 00:23 42073262                   /opt/bitchord/lib/runtime/lib/libzip.so
7f4ee6421000-7f4ee64fd000 rw-p 00000000 00:00 0 
7f4ee64fd000-7f4ee6800000 rw-p 00000000 00:00 0 
7f4ee6800000-7f4ee6cb4000 rw-p 00000000 00:00 0 
7f4ee6cb4000-7f4ee6fe4000 ---p 00000000 00:00 0 
7f4ee6fe4000-7f4ee7000000 rw-p 00000000 00:00 0 
7f4ee7000000-7f4ee7001000 rw-s 10d3ce000 00:11 2114                      anon_inode:i915.gem
7f4ee7001000-7f4ee7002000 r--s 00000000 00:23 12148                      /var/cache/fontconfig/f349e9996a5320f6dd491cedd2b1f964-le64.cache-12
7f4ee7002000-7f4ee7003000 rw-p 00000000 00:00 0 
7f4ee7003000-7f4ee7005000 r--p 00000000 00:23 148995                     /usr/lib/libXtst.so.6.1.0
7f4ee7005000-7f4ee7008000 r-xp 00002000 00:23 148995                     /usr/lib/libXtst.so.6.1.0
7f4ee7008000-7f4ee7009000 r--p 00005000 00:23 148995                     /usr/lib/libXtst.so.6.1.0
7f4ee7009000-7f4ee700a000 r--p 00006000 00:23 148995                     /usr/lib/libXtst.so.6.1.0
7f4ee700a000-7f4ee700b000 rw-p 00007000 00:23 148995                     /usr/lib/libXtst.so.6.1.0
7f4ee700b000-7f4ee700c000 r--p 00000000 00:23 8059                       /usr/lib/libbrotlidec.so.1.2.0
7f4ee700c000-7f4ee7016000 r-xp 00001000 00:23 8059                       /usr/lib/libbrotlidec.so.1.2.0
7f4ee7016000-7f4ee7019000 r--p 0000b000 00:23 8059                       /usr/lib/libbrotlidec.so.1.2.0
7f4ee7019000-7f4ee701a000 r--p 0000d000 00:23 8059                       /usr/lib/libbrotlidec.so.1.2.0
7f4ee701a000-7f4ee701b000 rw-p 0000e000 00:23 8059                       /usr/lib/libbrotlidec.so.1.2.0
7f4ee701b000-7f4ee70b2000 rw-p 00000000 00:00 0 
7f4ee70b2000-7f4ee7117000 ---p 00000000 00:00 0 
7f4ee7117000-7f4ee71b2000 rw-p 00000000 00:00 0 
7f4ee71b2000-7f4ee7217000 ---p 00000000 00:00 0 
7f4ee7217000-7f4ee7a2a000 rw-p 00000000 00:00 0 
7f4ee7a2a000-7f4ee7b0e000 ---p 00000000 00:00 0 
7f4ee7b0e000-7f4ee7b26000 rw-p 00000000 00:00 0 
7f4ee7b26000-7f4ee7bf9000 ---p 00000000 00:00 0 
7f4ee7bf9000-7f4ee7bfd000 ---p 00000000 00:00 0 
7f4ee7bfd000-7f4ee7cf9000 rw-p 00000000 00:00 0 
7f4ee7cf9000-7f4ee7d09000 r--p 00000000 00:23 38962981                   /usr/lib/libm.so.6
7f4ee7d09000-7f4ee7d9f000 r-xp 00010000 00:23 38962981                   /usr/lib/libm.so.6
7f4ee7d9f000-7f4ee7dfe000 r--p 000a6000 00:23 38962981                   /usr/lib/libm.so.6
7f4ee7dfe000-7f4ee7dff000 r--p 00105000 00:23 38962981                   /usr/lib/libm.so.6
7f4ee7dff000-7f4ee7e00000 rw-p 00106000 00:23 38962981                   /usr/lib/libm.so.6
7f4ee7e00000-7f4ee923a000 r-xp 00000000 00:23 42073271                   /opt/bitchord/lib/runtime/lib/server/libjvm.so
7f4ee923a000-7f4ee930f000 r--p 01439000 00:23 42073271                   /opt/bitchord/lib/runtime/lib/server/libjvm.so
7f4ee930f000-7f4ee933f000 rw-p 0150e000 00:23 42073271                   /opt/bitchord/lib/runtime/lib/server/libjvm.so
7f4ee933f000-7f4ee93a5000 rw-p 00000000 00:00 0 
7f4ee93a5000-7f4ee93a6000 rw-p 00000000 00:00 0 
7f4ee93a6000-7f4ee93a7000 r--p 00000000 00:23 150161                     /usr/lib/libXinerama.so.1.0.0
7f4ee93a7000-7f4ee93a8000 r-xp 00001000 00:23 150161                     /usr/lib/libXinerama.so.1.0.0
7f4ee93a8000-7f4ee93a9000 r--p 00002000 00:23 150161                     /usr/lib/libXinerama.so.1.0.0
7f4ee93a9000-7f4ee93aa000 r--p 00002000 00:23 150161                     /usr/lib/libXinerama.so.1.0.0
7f4ee93aa000-7f4ee93ab000 rw-p 00003000 00:23 150161                     /usr/lib/libXinerama.so.1.0.0
7f4ee93ab000-7f4ee93ad000 r--p 00000000 00:23 18061                      /usr/lib/libbz2.so.1.0.8
7f4ee93ad000-7f4ee93bb000 r-xp 00002000 00:23 18061                      /usr/lib/libbz2.so.1.0.8
7f4ee93bb000-7f4ee93bd000 r--p 00010000 00:23 18061                      /usr/lib/libbz2.so.1.0.8
7f4ee93bd000-7f4ee93be000 r--p 00011000 00:23 18061                      /usr/lib/libbz2.so.1.0.8
7f4ee93be000-7f4ee93bf000 rw-p 00012000 00:23 18061                      /usr/lib/libbz2.so.1.0.8
7f4ee93bf000-7f4ee9400000 rw-p 00000000 00:00 0 
7f4ee9400000-7f4ee9424000 r--p 00000000 00:23 38962971                   /usr/lib/libc.so.6
7f4ee9424000-7f4ee95c2000 r-xp 00024000 00:23 38962971                   /usr/lib/libc.so.6
7f4ee95c2000-7f4ee963c000 r--p 001c2000 00:23 38962971                   /usr/lib/libc.so.6
7f4ee963c000-7f4ee9640000 r--p 0023b000 00:23 38962971                   /usr/lib/libc.so.6
7f4ee9640000-7f4ee9642000 rw-p 0023f000 00:23 38962971                   /usr/lib/libc.so.6
7f4ee9642000-7f4ee964a000 rw-p 00000000 00:00 0 
7f4ee964a000-7f4ee964c000 r--p 00000000 00:23 122103                     /usr/lib/libXdmcp.so.6.0.0
7f4ee964c000-7f4ee964e000 r-xp 00002000 00:23 122103                     /usr/lib/libXdmcp.so.6.0.0
7f4ee964e000-7f4ee9650000 r--p 00004000 00:23 122103                     /usr/lib/libXdmcp.so.6.0.0
7f4ee9650000-7f4ee9651000 r--p 00005000 00:23 122103                     /usr/lib/libXdmcp.so.6.0.0
7f4ee9651000-7f4ee9652000 rw-p 00006000 00:23 122103                     /usr/lib/libXdmcp.so.6.0.0
7f4ee9652000-7f4ee9653000 r--p 00000000 00:23 122116                     /usr/lib/libXau.so.6.0.0
7f4ee9653000-7f4ee9654000 r-xp 00001000 00:23 122116                     /usr/lib/libXau.so.6.0.0
7f4ee9654000-7f4ee9655000 r--p 00002000 00:23 122116                     /usr/lib/libXau.so.6.0.0
7f4ee9655000-7f4ee9656000 r--p 00002000 00:23 122116                     /usr/lib/libXau.so.6.0.0
7f4ee9656000-7f4ee9657000 rw-p 00003000 00:23 122116                     /usr/lib/libXau.so.6.0.0
7f4ee9657000-7f4ee9658000 r-xp 00000000 00:23 42073258                   /opt/bitchord/lib/runtime/lib/libprefs.so
7f4ee9658000-7f4ee9659000 ---p 00001000 00:23 42073258                   /opt/bitchord/lib/runtime/lib/libprefs.so
7f4ee9659000-7f4ee965a000 r--p 00001000 00:23 42073258                   /opt/bitchord/lib/runtime/lib/libprefs.so
7f4ee965a000-7f4ee965b000 rw-p 00002000 00:23 42073258                   /opt/bitchord/lib/runtime/lib/libprefs.so
7f4ee965b000-7f4ee9667000 r-xp 00000000 00:23 42073256                   /opt/bitchord/lib/runtime/lib/libnet.so
7f4ee9667000-7f4ee9668000 r--p 0000b000 00:23 42073256                   /opt/bitchord/lib/runtime/lib/libnet.so
7f4ee9668000-7f4ee9669000 rw-p 0000c000 00:23 42073256                   /opt/bitchord/lib/runtime/lib/libnet.so
7f4ee9669000-7f4ee967d000 r-xp 00000000 00:23 42073257                   /opt/bitchord/lib/runtime/lib/libnio.so
7f4ee967d000-7f4ee967e000 r--p 00013000 00:23 42073257                   /opt/bitchord/lib/runtime/lib/libnio.so
7f4ee967e000-7f4ee967f000 rw-p 00014000 00:23 42073257                   /opt/bitchord/lib/runtime/lib/libnio.so
7f4ee967f000-7f4ee96aa000 rw-p 00000000 00:00 0 
7f4ee96aa000-7f4ee96ad000 ---p 00000000 00:00 0 
7f4ee96ad000-7f4ee96ce000 r-xp 00000000 00:23 42073246                   /opt/bitchord/lib/runtime/lib/libjava.so
7f4ee96ce000-7f4ee96cf000 r--p 00020000 00:23 42073246                   /opt/bitchord/lib/runtime/lib/libjava.so
7f4ee96cf000-7f4ee96d0000 rw-p 00021000 00:23 42073246                   /opt/bitchord/lib/runtime/lib/libjava.so
7f4ee96d0000-7f4ee96d1000 rw-p 00000000 00:00 0 
7f4ee96d1000-7f4ee96d9000 rw-s 00000000 00:3c 173286                     /tmp/hsperfdata_delta/1774369
7f4ee96d9000-7f4ee96da000 ---p 00000000 00:00 0 
7f4ee96da000-7f4ee96db000 r--p 00000000 00:00 0 
7f4ee96db000-7f4ee96dc000 ---p 00000000 00:00 0 
7f4ee96dc000-7f4ee96f7000 r-xp 00000000 00:23 42073249                   /opt/bitchord/lib/runtime/lib/libjimage.so
7f4ee96f7000-7f4ee96f8000 ---p 0001b000 00:23 42073249                   /opt/bitchord/lib/runtime/lib/libjimage.so
7f4ee96f8000-7f4ee96fa000 r--p 0001b000 00:23 42073249                   /opt/bitchord/lib/runtime/lib/libjimage.so
7f4ee96fa000-7f4ee96fb000 rw-p 0001d000 00:23 42073249                   /opt/bitchord/lib/runtime/lib/libjimage.so
7f4ee96fb000-7f4ee96fc000 r--p 00000000 00:23 38963003                   /usr/lib/librt.so.1
7f4ee96fc000-7f4ee96fd000 r-xp 00001000 00:23 38963003                   /usr/lib/librt.so.1
7f4ee96fd000-7f4ee96fe000 r--p 00002000 00:23 38963003                   /usr/lib/librt.so.1
7f4ee96fe000-7f4ee96ff000 r--p 00002000 00:23 38963003                   /usr/lib/librt.so.1
7f4ee96ff000-7f4ee9700000 rw-p 00003000 00:23 38963003                   /usr/lib/librt.so.1
7f4ee9700000-7f4ee9701000 r--p 00000000 00:23 38962998                   /usr/lib/libpthread.so.0
7f4ee9701000-7f4ee9702000 r-xp 00001000 00:23 38962998                   /usr/lib/libpthread.so.0
7f4ee9702000-7f4ee9703000 r--p 00002000 00:23 38962998                   /usr/lib/libpthread.so.0
7f4ee9703000-7f4ee9704000 r--p 00002000 00:23 38962998                   /usr/lib/libpthread.so.0
7f4ee9704000-7f4ee9705000 rw-p 00003000 00:23 38962998                   /usr/lib/libpthread.so.0
7f4ee9705000-7f4ee971e000 r-xp 00000000 00:23 42073250                   /opt/bitchord/lib/runtime/lib/libjli.so
7f4ee971e000-7f4ee971f000 r--p 00018000 00:23 42073250                   /opt/bitchord/lib/runtime/lib/libjli.so
7f4ee971f000-7f4ee9720000 rw-p 00019000 00:23 42073250                   /opt/bitchord/lib/runtime/lib/libjli.so
7f4ee9720000-7f4ee9723000 rw-p 00000000 00:00 0 
7f4ee9723000-7f4ee9724000 r--p 00000000 00:23 38962976                   /usr/lib/libdl.so.2
7f4ee9724000-7f4ee9725000 r-xp 00001000 00:23 38962976                   /usr/lib/libdl.so.2
7f4ee9725000-7f4ee9726000 r--p 00002000 00:23 38962976                   /usr/lib/libdl.so.2
7f4ee9726000-7f4ee9727000 r--p 00002000 00:23 38962976                   /usr/lib/libdl.so.2
7f4ee9727000-7f4ee9728000 rw-p 00003000 00:23 38962976                   /usr/lib/libdl.so.2
7f4ee9728000-7f4ee972a000 rw-p 00000000 00:00 0 
7f4ee972a000-7f4ee975a000 r--p 00000000 00:23 42073290                   /etc/ld.so.cache
7f4ee975a000-7f4ee975e000 r--p 00000000 00:00 0                          [vvar]
7f4ee975e000-7f4ee9760000 r--p 00000000 00:00 0                          [vvar_vclock]
7f4ee9760000-7f4ee9762000 r-xp 00000000 00:00 0                          [vdso]
7f4ee9762000-7f4ee9763000 r--p 00000000 00:23 38962962                   /usr/lib/ld-linux-x86-64.so.2
7f4ee9763000-7f4ee9795000 r-xp 00001000 00:23 38962962                   /usr/lib/ld-linux-x86-64.so.2
7f4ee9795000-7f4ee97a5000 r--p 00033000 00:23 38962962                   /usr/lib/ld-linux-x86-64.so.2
7f4ee97a5000-7f4ee97a7000 r--p 00043000 00:23 38962962                   /usr/lib/ld-linux-x86-64.so.2
7f4ee97a7000-7f4ee97a8000 rw-p 00045000 00:23 38962962                   /usr/lib/ld-linux-x86-64.so.2
7f4ee97a8000-7f4ee97a9000 rw-p 00000000 00:00 0 
7ffc135ea000-7ffc1360b000 rw-p 00000000 00:00 0                          [stack]
ffffffffff600000-ffffffffff601000 --xp 00000000 00:00 0                  [vsyscall]
Total number of mappings: 1002

JVMTI agents: none


VM Arguments:
jvm_args: -Dsun.java2d.uiScale=1.25 -Djpackage.app-version=1.8.30 -Dcompose.application.resources.dir=/opt/bitchord/lib/app/resources -Dcompose.application.configure.swing.globals=true -Xmx512m -XX:+UseG1GC -XX:G1PeriodicGCInterval=20000 -XX:G1PeriodicGCSystemLoadThreshold=0 -Dbitchord.version=1.8 -Dbitchord.lastfm.key=9a1c3564e066ab8c4179eef3b0b15b74 -Dbitchord.lastfm.secret=39798af0226a82bf85e9937d8831f3af -Dskiko.library.path=/opt/bitchord/lib/app -Djpackage.app-path=/opt/bitchord/bin/BitChord 
java_command: com.music.bitchord.desktop.MainKt
java_class_path (initial): /opt/bitchord/lib/app/desktopApp-a74ec4417752aa32c4cf2dd15dc5fcc.jar:/opt/bitchord/lib/app/NewPipeExtractor-v0.26.3-28632c9b9020a34735a5c0bfab20473.jar:/opt/bitchord/lib/app/animation-core-desktop-1.12.0-e9420621a5a999d679c6cbd2f1a42.jar:/opt/bitchord/lib/app/animation-desktop-1.12.0-a9c6f7eb9f9acf2e6ba58aa6bab783e5.jar:/opt/bitchord/lib/app/annotation-jvm-1.9.1-1d6a04b3b9847638d0529df8ef76a.jar:/opt/bitchord/lib/app/annotations-23.0.0-8484cd17d040d837983323f760b2c660.jar:/opt/bitchord/lib/app/atomicfu-jvm-0.28.0-70921245a0aed3c3e3d17c34ca3dbd87.jar:/opt/bitchord/lib/app/coil-compose-core-jvm-3.0.4-a1a8bd80727185c72562c151bf9d9b.jar:/opt/bitchord/lib/app/coil-compose-jvm-3.0.4-1e9ada51f93c7ae73e757c0611355.jar:/opt/bitchord/lib/app/coil-core-jvm-3.0.4-71268b2762329f39c782de3f4824fb8.jar:/opt/bitchord/lib/app/coil-jvm-3.0.4-a32ed63a1dcaa1fa8f24f6e8fa834c9.jar:/opt/bitchord/lib/app/coil-network-core-jvm-3.0.4-5cbbdb9dc3914bf5eacb174b9063d073.jar:/opt/bitchord/lib/app/coil-network-okhttp-jvm-3.0.4-f89353c8e9e2ed93151e9a89827e38.jar:/opt/bitchord/lib/app/collection-jvm-1.5.0-4421442c114a4f8c8fe587cf2d668237.jar:/opt/bitchord/lib/app/collections-24.1.2-4723167cf843c83a17be5841fa2a58c.jar:/opt/bitchord/lib/app/compiler-annotations-1.7.4-8af2295669b65577ef6595528eb589b5.jar:/opt/bitchord/lib/app/core-3.5.3-b5269d7bf1eea1d06424c342829b117.jar:/opt/bitchord/lib/app/core-common-2.2.0-2212d240dfe1e8a7598ee117ccc316d.jar:/opt/bitchord/lib/app/dbus-java-core-5.2.0-69e6ae56e44ade6b3ec1dea435386fe.jar:/opt/bitchord/lib/app/dbus-java-transport-junixsocket-5.2.0-f344cbb827858d89d7aec6358d939ea9.jar:/opt/bitchord/lib/app/desktop-jvm-1.10.3-98023295d6f48188e5b98b192b9a30.jar:/opt/bitchord/lib/app/error_prone_annotations-2.30.0-4673a36959c461e3670c6d84aa2ba20.jar:/opt/bitchord/lib/app/ffmpeg-7.1.1-1.5.12-b4af6be7b3a8abe5c86e8a371028ab7c.jar:/opt/bitchord/lib/app/ffmpeg-7.1.1-1.5.12-linux-x86_64-ebf4f344c11e7c9725d48bd081a8b539.jar:/opt/bitchord/lib/app/foundation-desktop-1.12.0-ba5937e2f088acd7a6b5788f20cc22b8.jar:/opt/bitchord/lib/app/foundation-layout-desktop-1.12.0-a74242b69b6ea3e0269ad27af719fbe5.jar:/opt/bitchord/lib/app/haze-jvm-909e4317942015202e34f755d7d9e465.jar:/opt/bitchord/lib/app/haze-materials-jvm-cf94d4eecc705716e312f76b26ead8.jar:/opt/bitchord/lib/app/icu4j-24.1.2-5f840fff5399d42e73263c9717ab59.jar:/opt/bitchord/lib/app/innertubex-desktop-v0.7.0-8fec1f8694bbf76be34c1f0a41ce2db.jar:/opt/bitchord/lib/app/javacpp-1.5.12-c1c15f1fb4b117ba1dff91090e9badd.jar:/opt/bitchord/lib/app/javacpp-1.5.12-linux-x86_64-4e22f541ec119ec52a5f50b8306c3827.jar:/opt/bitchord/lib/app/javafx-base-21.0.10-7673dc83a41a2fc65a6bfe0a832553e.jar:/opt/bitchord/lib/app/javafx-base-21.0.10-linux-ac81ea4ce2eae8ff8346dd096f5716e.jar:/opt/bitchord/lib/app/javafx-controls-21.0.10-dbd7b65abfda609e99d7a533cb4dc852.jar:/opt/bitchord/lib/app/javafx-controls-21.0.10-linux-d7fe3c3998924853ad61c14c1edbaa84.jar:/opt/bitchord/lib/app/javafx-graphics-21.0.10-1469fe68a91863ae809f535648c179a.jar:/opt/bitchord/lib/app/javafx-graphics-21.0.10-linux-bdedc61ff28333c6e92abe58d8f02731.jar:/opt/bitchord/lib/app/javafx-media-21.0.10-ef569a4994de691fbee861bde35c195.jar:/opt/bitchord/lib/app/javafx-media-21.0.10-linux-507b3bbb5e597d41065ea511a8a6bcc.jar:/opt/bitchord/lib/app/javafx-web-21.0.10-linux-111188eef0fe67fcbe26badaac74157e.jar:/opt/bitchord/lib/app/jbr-api-1.9.0-4ae6ce27bcafb233efdbf54395d03.jar:/opt/bitchord/lib/app/jna-5.19.1-cf327da3e9cf5a5d77c8a4354032929.jar:/opt/bitchord/lib/app/jna-platform-5.19.1-1d97b6103a9b3b7ddb67198683f4566.jar:/opt/bitchord/lib/app/jniutils-24.1.2-512c7d80ead7c3ceb4852571ceaffc.jar:/opt/bitchord/lib/app/js-language-24.1.2-b5cf7f5d5e9cf7136b82fb415a98dd4.jar:/opt/bitchord/lib/app/jsoup-1.22.2-e3ceba301c43333ac7715fab5595d85b.jar:/opt/bitchord/lib/app/jspecify-1.0.0-9133aba420d0ca3b01dbb6ae9992cf6.jar:/opt/bitchord/lib/app/jsr305-3.0.2-dd83accb899363c32b7d7a1b2e4ce40.jar:/opt/bitchord/lib/app/junixsocket-common-2.10.1-dcd4256bca59e5c98c74ef0a47759bd.jar:/opt/bitchord/lib/app/junixsocket-native-common-2.10.1-d7866d8ac6d70aa4afc59d44282e2a.jar:/opt/bitchord/lib/app/kotlin-stdlib-2.4.10-5b757154baf259203dc5a025571bec14.jar:/opt/bitchord/lib/app/kotlin-stdlib-jdk7-2.2.20-b62df9d3ec629ebc7658228fe49529.jar:/opt/bitchord/lib/app/kotlin-stdlib-jdk8-2.2.20-c2573686563f7aaca6f7ce98ec9a8b6.jar:/opt/bitchord/lib/app/kotlinx-coroutines-core-jvm-1.11.0-41a5e9a2f2c9affb9d9ab254be5a984f.jar:/opt/bitchord/lib/app/kotlinx-coroutines-slf4j-1.11.0-aa9f8a4e70944e6a49f380574b7648a.jar:/opt/bitchord/lib/app/kotlinx-coroutines-swing-1.11.0-e2b21cfe6937a29f4b6eb63570c77085.jar:/opt/bitchord/lib/app/kotlinx-datetime-jvm-0.7.1-70b44e22ebc7eebfa53f7d1941af072.jar:/opt/bitchord/lib/app/kotlinx-io-bytestring-jvm-0.9.1-1fa18e5bc2d9838cb1e3967a5455d62.jar:/opt/bitchord/lib/app/kotlinx-io-core-jvm-0.9.1-e6e3ee3c3352736bc91761df2e51d056.jar:/opt/bitchord/lib/app/kotlinx-serialization-core-jvm-1.11.0-cce19040b3217192d383e28af7ffcb58.jar:/opt/bitchord/lib/app/kotlinx-serialization-json-io-jvm-1.11.0-18fa3980a634626154439afcf274a88.jar:/opt/bitchord/lib/app/kotlinx-serialization-json-jvm-1.11.0-22c7504f2965bec48288d5efa4886c52.jar:/opt/bitchord/lib/app/ktor-client-cio-jvm-3.0.3-b6f16eb981eaaa6380c2c78eb32d0ca.jar:/opt/bitchord/lib/app/ktor-client-content-negotiation-jvm-3.5.2-c9bbecd69744581e13fead356737ebf3.jar:/opt/bitchord/lib/app/ktor-client-core-jvm-3.5.2-1a9710f5dab5151548f65abec26a78b0.jar:/opt/bitchord/lib/app/ktor-client-okhttp-jvm-3.5.2-8cf16917bae89410c6d37bbf5da242ba.jar:/opt/bitchord/lib/app/ktor-client-websockets-jvm-3.5.2-4c60e11e49cf2ee42c9a59675a2863c4.jar:/opt/bitchord/lib/app/ktor-events-jvm-3.5.2-bac261676d934e3d5dc436bcaf82a8f.jar:/opt/bitchord/lib/app/ktor-http-cio-jvm-3.5.2-9c72b1ad3b4b2568867fa4dcf0c131.jar:/opt/bitchord/lib/app/ktor-http-jvm-3.5.2-93a7da274646a1cdfc971cbb7938a76.jar:/opt/bitchord/lib/app/ktor-io-jvm-3.5.2-fd9ea04e166e217dd7bb40d61d98ea.jar:/opt/bitchord/lib/app/ktor-network-jvm-3.5.2-44e6d1e6c82e60d475b9a4ba1c32.jar:/opt/bitchord/lib/app/ktor-network-tls-jvm-3.0.3-aba20f6ca7b20a53b79c4fdfc2af79.jar:/opt/bitchord/lib/app/ktor-serialization-jvm-3.5.2-ed65728b562fe8c1f7ca8fb9a4e8ca.jar:/opt/bitchord/lib/app/ktor-serialization-kotlinx-json-jvm-3.5.2-ae1c90ab96957fb39831b611009b59.jar:/opt/bitchord/lib/app/ktor-serialization-kotlinx-jvm-3.5.2-85e9d2d33d4e71af58aa725be9f2c92.jar:/opt/bitchord/lib/app/ktor-sse-jvm-3.5.2-65319749f2dfbd9b81facace4675e77.jar:/opt/bitchord/lib/app/ktor-utils-jvm-3.5.2-ceb4ac764f6fddd9ea42b136ff1a.jar:/opt/bitchord/lib/app/ktor-websocket-serialization-jvm-3.5.2-33e14e5ffcdfcdeebacf918241aa24ac.jar:/opt/bitchord/lib/app/ktor-websockets-jvm-3.5.2-107d0998c2b680eaf257e872e76a94.jar:/opt/bitchord/lib/app/library-desktop-1.10.3-3752ed202ee19678d79fcaffc42343.jar:/opt/bitchord/lib/app/lifecycle-common-jvm-2.11.0-14b667ae927764855aedc4f3c099.jar:/opt/bitchord/lib/app/lifecycle-runtime-compose-desktop-2.11.0-b176c793de60d9c31bc2ae3987f7d29e.jar:/opt/bitchord/lib/app/lifecycle-runtime-compose-desktop-2.9.6-497e8fcabac8a5f5ee68cb2a1c8e70a4.jar:/opt/bitchord/lib/app/lifecycle-runtime-desktop-2.11.0-f14af19f336c43981285f2b83ea88f.jar:/opt/bitchord/lib/app/lifecycle-viewmodel-compose-desktop-2.11.0-9b8cf0a583b9f95d6c80da92f398b5.jar:/opt/bitchord/lib/app/lifecycle-viewmodel-desktop-2.11.0-f82f9216259467601fb180d915a6b118.jar:/opt/bitchord/lib/app/lifecycle-viewmodel-savedstate-desktop-2.11.0-32f127f2f7fce65ea95a871fd81b1a2.jar:/opt/bitchord/lib/app/material-desktop-1.10.3-8f108d785527e786557d4884fe34a69.jar:/opt/bitchord/lib/app/material-icons-core-desktop-1.7.3-23eaca5d2a4caa3e4077a0e9fd549d68.jar:/opt/bitchord/lib/app/material-icons-extended-desktop-1.7.3-848bc0f13628d5b3accc94dd3afdfa27.jar:/opt/bitchord/lib/app/material-ripple-desktop-1.10.3-24324c2656b22bad47558022bfc18265.jar:/opt/bitchord/lib/app/material3-desktop-1.9.0-e8b6edb91fefebc65537db222e7bd1.jar:/opt/bitchord/lib/app/nanojson-e9d656ddb49a412a5a0a5d5ef20ca7ef09549996-1c9e71555834fbecbbf37bf425c3fd.jar:/opt/bitchord/lib/app/nativebridge-24.1.2-8e37c81614a13740a69e26929cf451ef.jar:/opt/bitchord/lib/app/nativeimage-24.1.2-ebcc17129575a1153ca379b714c8b3.jar:/opt/bitchord/lib/app/navigationevent-compose-desktop-1.1.0-6370d5c46488f619be7b5e63333545d2.jar:/opt/bitchord/lib/app/navigationevent-compose-desktop-1.1.1-7c81c6a8aa54e8beed4bae895cb91.jar:/opt/bitchord/lib/app/navigationevent-desktop-1.1.1-5d6b5b7abab9bd6abdc6485ffd91541.jar:/opt/bitchord/lib/app/okhttp-jvm-5.3.2-827a887aa959c1f1d6b12f3345df2484.jar:/opt/bitchord/lib/app/okio-jvm-3.17.0-96ad357689fd2841747aec56e94a7162.jar:/opt/bitchord/lib/app/onnxruntime-1.29.0-d04fd1472a3a747a14477d5ca196bb4.jar:/opt/bitchord/lib/app/org.eclipse.jdt.annotation-2.3.0-d07a31c316d5ccef6ffa6ef4ff426d40.jar:/opt/bitchord/lib/app/polyglot-24.1.2-2411ac88f4255a115ede35e8f0b07395.jar:/opt/bitchord/lib/app/protobuf-javalite-4.35.0-e899f979f2d77ac157bec29ba684ee71.jar:/opt/bitchord/lib/app/quickjs-jvm-d93631f655c43ecb69532a9e4a128fb.jar:/opt/bitchord/lib/app/regex-24.1.2-4122f53f9b71907f9630e6695556baf0.jar:/opt/bitchord/lib/app/rhino-1.8.1-63864e2c2a0877af054ae9a34668991.jar:/opt/bitchord/lib/app/rhino-engine-1.8.1-a4e862e55ee6c44b43db60c199528cd.jar:/opt/bitchord/lib/app/runtime-annotation-jvm-1.12.0-4190aa9d3047cacca43687b075ca9f41.jar:/opt/bitchord/lib/app/runtime-desktop-1.12.0-1f10feae5687d5ddef2226983a95b8e.jar:/opt/bitchord/lib/app/runtime-desktop-1.12.0-b7d07b28974ce573c251fcf21c78ac5.jar:/opt/bitchord/lib/app/runtime-retain-desktop-1.12.0-1a6731c44f232c5d9e1fb10edac28de.jar:/opt/bitchord/lib/app/runtime-saveable-desktop-1.12.0-20894c61e27fb5db944c2ca8876eb2.jar:/opt/bitchord/lib/app/runtime-saveable-desktop-1.12.0-b997262ae4482c23c7c8a0c47e846924.jar:/opt/bitchord/lib/app/savedstate-compose-desktop-1.3.6-8de11644e97845eaa45d9e74fdec755.jar:/opt/bitchord/lib/app/savedstate-compose-desktop-1.4.0-84ed9710e312be7017fd7498fe747a.jar:/opt/bitchord/lib/app/savedstate-desktop-1.4.0-e2a50762f9c6de234b04b12926df6b3.jar:/opt/bitchord/lib/app/shared-jvm-11d05bd13bae278b1635af0181fcb3d.jar:/opt/bitchord/lib/app/sharedUi-jvm-652f7b35139e2c3a0f5ed4a912c3e3e.jar:/opt/bitchord/lib/app/skiko-awt-0.150.1-68b78f48c75f4f82c8e747df5df4883a.jar:/opt/bitchord/lib/app/skiko-awt-runtime-linux-x64-0.150.1-12b785bfe3305791cd2c10d895b3f5d5.jar:/opt/bitchord/lib/app/slf4j-api-2.0.18-fe2837bd49bfb7665741902fed2ca9.jar:/opt/bitchord/lib/app/slf4j-nop-2.0.16-619ab5f8e4a331b9530238faed7737f.jar:/opt/bitchord/lib/app/sqlite-jdbc-3.47.1.0-a45a244987c0af8676e31ead92dbb5f7.jar:/opt/bitchord/lib/app/truffle-api-24.1.2-54582b6f6797a167378d196db231bf0.jar:/opt/bitchord/lib/app/truffle-compiler-24.1.2-661e9cc301832d330fc271fd1e039c0.jar:/opt/bitchord/lib/app/truffle-enterprise-24.1.2-d0955f5866569e2ffb7fd29435e53b.jar:/opt/bitchord/lib/app/truffle-runtime-24.1.2-b46dba66767b2c6cae327795432a5bdf.jar:/opt/bitchord/lib/app/ui-backhandler-desktop-1.12.0-35874ca299568adff7969876bded31ff.jar:/opt/bitchord/lib/app/ui-desktop-1.12.0-c7e12ceabbe9ad2921953e527c30ea.jar:/opt/bitchord/lib/app/ui-geometry-desktop-1.12.0-29a565e9b56c42fc9a78ad6247868345.jar:/opt/bitchord/lib/app/ui-graphics-desktop-1.12.0-9c9abf3921ecdc2ce70a815a72bf84c.jar:/opt/bitchord/lib/app/ui-text-desktop-1.12.0-5e3686245ced4825d1d811c323ec58fb.jar:/opt/bitchord/lib/app/ui-tooling-preview-desktop-1.12.0-3548dd9011fded88e7f44967f5c29e4.jar:/opt/bitchord/lib/app/ui-unit-desktop-1.12.0-7ef6fe1b7eef6348891d94869166a6f7.jar:/opt/bitchord/lib/app/ui-util-desktop-1.12.0-8f9524bdc94dc578c1cf5d640b48d99.jar:/opt/bitchord/lib/app/word-24.1.2-f5a114337d51db97ad5f5ddd4068b810.jar
Launcher Type: SUN_STANDARD

[Global flags]
     intx CICompilerCount                          = 4                                         {product} {ergonomic}
     uint ConcGCThreads                            = 2                                         {product} {ergonomic}
     uint G1ConcRefinementThreads                  = 8                                         {product} {ergonomic}
   size_t G1HeapRegionSize                         = 1048576                                   {product} {ergonomic}
    uintx G1PeriodicGCInterval                     = 20000                                  {manageable} {command line}
   double G1PeriodicGCSystemLoadThreshold          = 0,000000                               {manageable} {command line}
    uintx GCDrainStackTargetSize                   = 64                                        {product} {ergonomic}
   size_t InitialHeapSize                          = 257949696                                 {product} {ergonomic}
   size_t MarkStackSize                            = 4194304                                   {product} {ergonomic}
   size_t MaxHeapSize                              = 536870912                                 {product} {command line}
   size_t MaxNewSize                               = 321912832                                 {product} {ergonomic}
   size_t MinHeapDeltaBytes                        = 1048576                                   {product} {ergonomic}
   size_t MinHeapSize                              = 8388608                                   {product} {ergonomic}
    uintx NonNMethodCodeHeapSize                   = 5839372                                {pd product} {ergonomic}
    uintx NonProfiledCodeHeapSize                  = 122909434                              {pd product} {ergonomic}
    uintx ProfiledCodeHeapSize                     = 122909434                              {pd product} {ergonomic}
    uintx ReservedCodeCacheSize                    = 251658240                              {pd product} {ergonomic}
     bool SegmentedCodeCache                       = true                                      {product} {ergonomic}
   size_t SoftMaxHeapSize                          = 536870912                              {manageable} {ergonomic}
     bool UseCompressedOops                        = true                           {product lp64_product} {ergonomic}
     bool UseG1GC                                  = true                                      {product} {command line}

Logging:
Log output configuration:
 #0: stdout all=warning uptime,level,tags foldmultilines=false
 #1: stderr all=off uptime,level,tags foldmultilines=false

Release file:
JAVA_VERSION="21.0.12.1"
MODULES="java.base java.datatransfer java.xml java.prefs java.desktop java.instrument java.logging java.management java.security.sasl java.naming java.net.http java.scripting java.security.jgss java.transaction.xa java.sql jdk.crypto.ec jdk.dynalink jdk.jsobject jdk.localedata jdk.security.auth jdk.unsupported jdk.zipfs"

Environment Variables:
JAVA_TOOL_OPTIONS=-Dsun.java2d.uiScale=1.25
PATH=/home/delta/.local/bin:/home/delta/.cargo/bin:/usr/local/sbin:/usr/local/bin:/usr/sbin:/usr/bin:/sbin:/bin:/home/delta/.nix-profile/bin:/nix/var/nix/profiles/default/bin:/usr/lib/jvm/default/bin:/usr/bin/site_perl:/usr/bin/vendor_perl:/usr/bin/core_perl:/opt/ZCode/resources/tools/bfs:/opt/ZCode/resources/tools/ripgrep:/opt/ZCode/resources/tools/ugrep
LD_LIBRARY_PATH=:/opt/bitchord/lib/app
SHELL=/usr/sbin/zsh
DISPLAY=:0
WAYLAND_DISPLAY=wayland-1
LANG=en_US.UTF-8
LC_CTYPE=en_US.UTF-8
LC_NUMERIC=fr_FR.UTF-8
LC_TIME=fr_FR.UTF-8
TERM=dumb

Active Locale:
LC_ALL=LC_CTYPE=en_US.UTF-8;LC_NUMERIC=fr_FR.UTF-8;LC_TIME=fr_FR.UTF-8;LC_COLLATE=en_US.UTF-8;LC_MONETARY=fr_FR.UTF-8;LC_MESSAGES=en_US.UTF-8;LC_PAPER=fr_FR.UTF-8;LC_NAME=fr_FR.UTF-8;LC_ADDRESS=fr_FR.UTF-8;LC_TELEPHONE=fr_FR.UTF-8;LC_MEASUREMENT=fr_FR.UTF-8;LC_IDENTIFICATION=fr_FR.UTF-8
LC_COLLATE=en_US.UTF-8
LC_CTYPE=en_US.UTF-8
LC_MESSAGES=en_US.UTF-8
LC_MONETARY=fr_FR.UTF-8
LC_NUMERIC=fr_FR.UTF-8
LC_TIME=fr_FR.UTF-8

Signal Handlers:
   SIGSEGV: crash_handler in libjvm.so, mask=11100100010111111101111111111110, flags=SA_RESTART|SA_SIGINFO, unblocked
    SIGBUS: crash_handler in libjvm.so, mask=11100100010111111101111111111110, flags=SA_RESTART|SA_SIGINFO, unblocked
    SIGFPE: crash_handler in libjvm.so, mask=11100100010111111101111111111110, flags=SA_RESTART|SA_SIGINFO, unblocked
   SIGPIPE: SIG_IGN, mask=00000000000010000000000000000000, flags=SA_RESTART, blocked
  *** Handler was modified!
  *** Expected: javaSignalHandler in libjvm.so, mask=11100100110111111111111111111110, flags=SA_RESTART|SA_SIGINFO
   SIGXFSZ: javaSignalHandler in libjvm.so, mask=11100100010111111101111111111110, flags=SA_RESTART|SA_SIGINFO, blocked
    SIGILL: crash_handler in libjvm.so, mask=11100100010111111101111111111110, flags=SA_RESTART|SA_SIGINFO, unblocked
   SIGUSR2: SR_handler in libjvm.so, mask=00000000000000000000000000000000, flags=SA_RESTART|SA_SIGINFO, blocked
    SIGHUP: UserHandler in libjvm.so, mask=11100100010111111101111111111110, flags=SA_RESTART|SA_SIGINFO, blocked
    SIGINT: SIG_IGN, mask=00000000000000000000000000000000, flags=none, blocked
   SIGTERM: UserHandler in libjvm.so, mask=11100100010111111101111111111110, flags=SA_RESTART|SA_SIGINFO, blocked
   SIGQUIT: UserHandler in libjvm.so, mask=11100100010111111101111111111110, flags=SA_RESTART|SA_SIGINFO, blocked
   SIGTRAP: crash_handler in libjvm.so, mask=11100100010111111101111111111110, flags=SA_RESTART|SA_SIGINFO, unblocked


Periodic native trim disabled

---------------  S Y S T E M  ---------------

OS:
DISTRIB_ID=cachyos
DISTRIB_RELEASE="rolling"
DISTRIB_DESCRIPTION="CachyOS"
uname: Linux 7.2.9-1-cachyos #1 SMP PREEMPT_DYNAMIC Sat, 03 Oct 2026 23:25:43 +0000 x86_64
OS uptime: 4 days 17:57 hours
libc: glibc 2.44 NPTL 2.44 
rlimit (soft/hard): STACK 8192k/infinity , CORE infinity/infinity , NPROC 62529/62529 , NOFILE 2097152/2097152 , AS infinity/infinity , CPU infinity/infinity , DATA infinity/infinity , FSIZE infinity/infinity , MEMLOCK 8192k/8192k
load average: 1,08 1,18 1,82

/proc/meminfo:
MemTotal:       16047596 kB
MemFree:         5241804 kB
MemAvailable:    6555776 kB
Buffers:              12 kB
Cached:          2139544 kB
SwapCached:       131908 kB
Active:          3381172 kB
Inactive:        2535384 kB
Active(anon):    2927676 kB
Inactive(anon):  2038172 kB
Active(file):     453496 kB
Inactive(file):   497212 kB
Unevictable:      368964 kB
Mlocked:           12876 kB
SwapTotal:      16777212 kB
SwapFree:        5861676 kB
Zswap:           2892864 kB
Zswapped:        5787512 kB
Dirty:              1136 kB
Writeback:             4 kB
AnonPages:       3993820 kB
Mapped:           555512 kB
Shmem:           1106628 kB
KReclaimable:     708156 kB
Slab:            1261400 kB
SReclaimable:     708156 kB
SUnreclaim:       553244 kB
KernelStack:       28800 kB
PageTables:       162376 kB
SecPageTables:      4216 kB
NFS_Unstable:          0 kB
Bounce:                0 kB
WritebackTmp:          0 kB
CommitLimit:    24801008 kB
Committed_AS:   47958108 kB
VmallocTotal:   34359738367 kB
VmallocUsed:       89340 kB
VmallocChunk:          0 kB
Percpu:             6912 kB
HardwareCorrupted:     0 kB
AnonHugePages:    466944 kB
ShmemHugePages:   157696 kB
ShmemPmdMapped:        0 kB
FileHugePages:         0 kB
FilePmdMapped:         0 kB
CmaTotal:              0 kB
CmaFree:               0 kB
Unaccepted:            0 kB
Balloon:               0 kB
GPUActive:             0 kB
GPUReclaim:            0 kB
HugePages_Total:       0
HugePages_Free:        0
HugePages_Rsvd:        0
HugePages_Surp:        0
Hugepagesize:       2048 kB
Hugetlb:               0 kB
DirectMap4k:      444992 kB
DirectMap2M:    14962688 kB
DirectMap1G:     1048576 kB

/sys/kernel/mm/transparent_hugepage/enabled: [always] madvise never
/sys/kernel/mm/transparent_hugepage/hpage_pmd_size: 2097152
/sys/kernel/mm/transparent_hugepage/defrag (defrag/compaction efforts parameter): always defer [defer+madvise] madvise never

Process Memory:
Virtual Size: 8604428K (peak: 12795440K)
Resident Set Size: 601900K (peak: 601900K) (anon: 482156K, file: 118812K, shmem: 932K)
Swapped out: 0K
C-Heap outstanding allocations: 136921K, retained: 67882K
glibc malloc tunables: (default)

/proc/sys/kernel/threads-max (system-wide limit on the number of threads): 125059
/proc/sys/vm/max_map_count (maximum number of memory map areas a process may have): 1048576
/proc/sys/vm/swappiness (control to define how aggressively the kernel swaps out anonymous memory): 10
/proc/sys/kernel/pid_max (system-wide limit on number of process identifiers): 4194304

container information not found.
Steal ticks since vm start: 0
Steal ticks percentage since vm start:  0,000

CPU: total 8 (initial active 8) (4 cores per cpu, 2 threads per core) family 6 model 140 stepping 1 microcode 0xbe, cx8, cmov, fxsr, ht, mmx, 3dnowpref, sse, sse2, sse3, ssse3, sse4.1, sse4.2, popcnt, lzcnt, tsc, tscinvbit, avx, avx2, aes, erms, clmul, bmi1, bmi2, adx, avx512f, avx512dq, avx512cd, avx512bw, avx512vl, sha, fma, vzeroupper, avx512_vpopcntdq, avx512_vpclmulqdq, avx512_vaes, avx512_vnni, clflush, clflushopt, clwb, avx512_vbmi2, avx512_vbmi, rdtscp, rdpid, fsrm, gfni, avx512_bitalg, f16c, pku, ospke, cet_ibt, cet_ss, avx512_ifma
CPU Model and flags from /proc/cpuinfo:
model name	: 11th Gen Intel(R) Core(TM) i5-1135G7 @ 2.40GHz
flags		: fpu vme de pse tsc msr pae mce cx8 apic sep mtrr pge mca cmov pat pse36 clflush dts acpi mmx fxsr sse sse2 ss ht tm pbe syscall nx pdpe1gb rdtscp lm constant_tsc art arch_perfmon pebs bts rep_good nopl xtopology nonstop_tsc cpuid aperfmperf tsc_known_freq pni pclmulqdq dtes64 monitor ds_cpl vmx est tm2 ssse3 sdbg fma cx16 xtpr pdcm pcid sse4_1 sse4_2 x2apic movbe popcnt tsc_deadline_timer aes xsave avx f16c rdrand lahf_lm abm 3dnowprefetch cpuid_fault epb cat_l2 cdp_l2 ssbd ibrs ibpb stibp ibrs_enhanced tpr_shadow flexpriority ept vpid ept_ad fsgsbase tsc_adjust bmi1 avx2 smep bmi2 erms invpcid rdt_a avx512f avx512dq rdseed adx smap avx512ifma clflushopt clwb intel_pt avx512cd sha_ni avx512bw avx512vl xsaveopt xsavec xgetbv1 xsaves split_lock_detect user_shstk dtherm ida arat pln pts hwp hwp_notify hwp_act_window hwp_epp hwp_pkg_req vnmi avx512vbmi umip pku ospke avx512_vbmi2 gfni vaes vpclmulqdq avx512_vnni avx512_bitalg avx512_vpopcntdq rdpid movdiri movdir64b fsrm avx512_vp2intersect md_clear ibt flush_l1d arch_capabilities

Online cpus: 0-7
Offline cpus: 
BIOS frequency limitation: <Not Available>
Frequency switch latency (ns): 0
Available cpu frequencies: <Not Available>
Current governor: powersave
Core performance/turbo boost: <Not Available>

Memory: 4k page, physical 16047596k(6555776k free), swap 16777212k(5861676k free)
Page Sizes: 4k

vm_info: OpenJDK 64-Bit Server VM (21.0.12.1+1-LTS) for linux-amd64 JRE (21.0.12.1+1-LTS), built on 2026-08-18T00:00:00Z by "admin" with gcc 11.3.0

END.
